{"type": "FeatureCollection", "features": [{"type": "Feature", "properties": {"id": "way/44829220", "name": "Namma Metro - Underground UG1", "line": "Namma Metro - Underground UG1", "source": "OpenStreetMap", "kind": "metro_line"}, "geometry": {"type": "LineString", "coordinates": [[77.597562, 12.9808954], [77.5966655, 12.9812185], [77.5963182, 12.9813464], [77.5959769, 12.9814444], [77.5957078, 12.9815113], [77.5955274, 12.9815424], [77.5954462, 12.9815552], [77.5951726, 12.9815871], [77.5948692, 12.9815792], [77.5947035, 12.9815352], [77.5945549, 12.9814841], [77.594111, 12.9812295], [77.5937604, 12.9809826], [77.5932441, 12.9805777], [77.5919999, 12.9789626], [77.5911088, 12.9779727]]}}, {"type": "Feature", "properties": {"id": "way/44830638", "name": "Namma Metro - Reach 3", "line": "Namma Metro - Reach 3", "source": "OpenStreetMap", "kind": "metro_line"}, "geometry": {"type": "LineString", "coordinates": [[77.5539047, 13.0164311], [77.5538776, 13.0166476], [77.5538413, 13.016834], [77.5537327, 13.0172485], [77.5534416, 13.0183085], [77.5532396, 13.0191277], [77.553174, 13.0193519], [77.5531094, 13.0194979], [77.5527583, 13.0201721], [77.5523138, 13.0210226], [77.5520368, 13.0215269], [77.5518141, 13.0218852], [77.5517185, 13.0220339], [77.5516058, 13.0221605], [77.551493, 13.0222786], [77.5513089, 13.0224326], [77.5511779, 13.0225296], [77.5510136, 13.0226339], [77.549748, 13.0233685]]}}, {"type": "Feature", "properties": {"id": "way/71519003", "name": "Namma Metro - Reach 3", "line": "Namma Metro - Reach 3", "source": "OpenStreetMap", "kind": "metro_line"}, "geometry": {"type": "LineString", "coordinates": [[77.5633115, 12.9965408], [77.5639131, 12.9964251], [77.5642098, 12.9963597], [77.5643259, 12.9963378], [77.5644425, 12.9963188], [77.5645633, 12.9963024], [77.5646846, 12.9962891], [77.5647431, 12.9962834], [77.5648019, 12.9962829], [77.5648584, 12.9962873], [77.5649142, 12.9962966], [77.5654882, 12.9964031], [77.5656012, 12.9964228], [77.5657149, 12.9964377], [77.5658341, 12.9964481], [77.5659537, 12.9964533], [77.5661185, 12.9964387], [77.5662974, 12.9964102], [77.5665007, 12.9963208], [77.5666677, 12.9962146], [77.5668985, 12.9959675], [77.5677728, 12.9947322], [77.5685399, 12.9936483], [77.5690859, 12.9927989], [77.5696388, 12.9920399], [77.5701279, 12.9913584], [77.5707615, 12.9904754]]}}, {"type": "Feature", "properties": {"id": "way/133867980", "name": "Namma Metro - Reach 1", "line": "Namma Metro - Reach 1", "source": "OpenStreetMap", "kind": "metro_line"}, "geometry": {"type": "LineString", "coordinates": [[77.652392, 12.9906745], [77.651179, 12.9903448]]}}, {"type": "Feature", "properties": {"id": "way/133867981", "name": "Namma Metro - Underground UG1", "line": "Namma Metro - Underground UG1", "source": "OpenStreetMap", "kind": "metro_line"}, "geometry": {"type": "LineString", "coordinates": [[77.5728057, 12.9756704], [77.5712892, 12.9757916], [77.5702903, 12.9759013], [77.5691203, 12.9759798], [77.5669073, 12.9759774], [77.5667188, 12.975968], [77.5659372, 12.975905], [77.5653792, 12.9758581]]}}, {"type": "Feature", "properties": {"id": "way/133876199", "name": "Namma Metro - Reach 1", "line": "Namma Metro - Reach 1", "source": "OpenStreetMap", "kind": "metro_line"}, "geometry": {"type": "LineString", "coordinates": [[77.6449072, 12.9859128], [77.6433944, 12.9853151], [77.6426566, 12.9850191], [77.6412897, 12.9844707], [77.6410628, 12.9843491], [77.6409056, 12.9841889], [77.6407672, 12.9840551], [77.6406736, 12.9838442], [77.6406296, 12.983678], [77.6406041, 12.9834974], [77.6406176, 12.9829264], [77.6407834, 12.9800045], [77.6408122, 12.9794969], [77.6408039, 12.9792985], [77.6407645, 12.9790996], [77.640639, 12.9788307], [77.6405051, 12.9786697], [77.6403775, 12.9785573], [77.6401849, 12.9784331], [77.6399797, 12.9783623], [77.6396955, 12.9783297], [77.6386592, 12.9783079]]}}, {"type": "Feature", "properties": {"id": "way/135267124", "name": "Namma Metro - Reach 3A", "line": "Namma Metro - Reach 3A", "source": "OpenStreetMap", "kind": "metro_line"}, "geometry": {"type": "LineString", "coordinates": [[77.549748, 13.0233685], [77.5488411, 13.0238884], [77.5480872, 13.0243206], [77.5473394, 13.0247552], [77.5464956, 13.0252184], [77.5438604, 13.0267417], [77.5436807, 13.0268388], [77.5435747, 13.026902], [77.5433942, 13.0270264], [77.5432206, 13.0271353], [77.5424909, 13.0275489], [77.5416444, 13.0279867], [77.5411923, 13.0282471]]}}, {"type": "Feature", "properties": {"id": "way/135267125", "name": "Namma Metro - Reach 3B", "line": "Namma Metro - Reach 3B", "source": "OpenStreetMap", "kind": "metro_line"}, "geometry": {"type": "LineString", "coordinates": [[77.525528, 13.0363428], [77.5249884, 13.0366351], [77.5241459, 13.0370904], [77.5239477, 13.0371976]]}}, {"type": "Feature", "properties": {"id": "way/141181678", "name": "Metro", "line": "metro", "source": "OpenStreetMap", "kind": "metro_line"}, "geometry": {"type": "LineString", "coordinates": [[77.6512915, 12.9902833], [77.6509337, 12.9902366], [77.6508251, 12.9902215], [77.6506271, 12.9901858]]}}, {"type": "Feature", "properties": {"id": "way/141182195", "name": "Metro", "line": "metro", "source": "OpenStreetMap", "kind": "metro_line"}, "geometry": {"type": "LineString", "coordinates": [[77.6540702, 12.9911147], [77.6542255, 12.9911472], [77.654307, 12.9911686], [77.6544626, 12.9912162], [77.6545672, 12.9912517], [77.6546565, 12.9912904], [77.6547358, 12.9913299], [77.6548133, 12.991379], [77.6548633, 12.9914185], [77.6549137, 12.9914597]]}}, {"type": "Feature", "properties": {"id": "way/141182197", "name": "Namma Metro - Reach 1", "line": "Namma Metro - Reach 1", "source": "OpenStreetMap", "kind": "metro_line"}, "geometry": {"type": "LineString", "coordinates": [[77.651179, 12.9903448], [77.6506271, 12.9901858], [77.650399, 12.9901211], [77.6499792, 12.9900105], [77.6497371, 12.9899426], [77.6495952, 12.9899017], [77.6494829, 12.9898627], [77.6493669, 12.9898126], [77.6492708, 12.9897611], [77.6491794, 12.9896991], [77.649107, 12.9896466], [77.6490383, 12.9895861], [77.6489727, 12.9895235], [77.6488982, 12.9894379], [77.6488414, 12.989358], [77.6487923, 12.9892812], [77.6487499, 12.9892025], [77.6487117, 12.9891275], [77.6486728, 12.989039], [77.6486432, 12.9889625], [77.6486167, 12.9888934], [77.6483727, 12.9880503], [77.6483341, 12.9879367], [77.6482996, 12.9878535], [77.6482633, 12.9877736], [77.648224, 12.9876996], [77.648176, 12.9876159], [77.6481296, 12.9875455], [77.6480803, 12.9874735], [77.6480295, 12.9874063], [77.6478547, 12.9871768], [77.6476006, 12.987009], [77.6473381, 12.9868684], [77.6462539, 12.9864565], [77.6455186, 12.9861495]]}}, {"type": "Feature", "properties": {"id": "way/141182198", "name": "Namma Metro - Reach 1", "line": "Namma Metro - Reach 1", "source": "OpenStreetMap", "kind": "metro_line"}, "geometry": {"type": "LineString", "coordinates": [[77.652392, 12.9906745], [77.6530525, 12.990854], [77.6531588, 12.9908839], [77.6536176, 12.9910128], [77.6537983, 12.9910636], [77.6541185, 12.991153], [77.65431, 12.9912094], [77.6544559, 12.9912621], [77.6545903, 12.9913217], [77.6546919, 12.9913775], [77.6547893, 12.9914404], [77.6548821, 12.9915174], [77.6551351, 12.991748], [77.6553877, 12.9919939], [77.6555428, 12.9921447], [77.6557319, 12.9923046], [77.655866, 12.9924154], [77.6560012, 12.9925169], [77.6561167, 12.9925892], [77.6563674, 12.9927537]]}}, {"type": "Feature", "properties": {"id": "way/141182201", "name": "Metro", "line": "metro", "source": "OpenStreetMap", "kind": "metro_line"}, "geometry": {"type": "LineString", "coordinates": [[77.6512915, 12.9902833], [77.6514864, 12.9903099], [77.6515728, 12.9903252], [77.6517235, 12.9903615], [77.6529299, 12.9906967], [77.6532152, 12.9907761], [77.6533105, 12.9907967], [77.6533913, 12.9908111], [77.6536295, 12.9908435], [77.653722, 12.9908583], [77.6538334, 12.9908807], [77.6543668, 12.9910309], [77.654463, 12.9910644], [77.6545456, 12.9910965], [77.6548091, 12.991212], [77.6548846, 12.9912522], [77.6549575, 12.9912956], [77.6550421, 12.9913476], [77.6551063, 12.9913928], [77.655563, 12.9916848], [77.655832, 12.9918631]]}}, {"type": "Feature", "properties": {"id": "way/142484399", "name": "Namma Metro - Underground UG2", "line": "Namma Metro - Underground UG2", "source": "OpenStreetMap", "kind": "metro_line"}, "geometry": {"type": "LineString", "coordinates": [[77.5719447, 12.9883347], [77.5719909, 12.9875361], [77.5720024, 12.9872763], [77.5720125, 12.9870468]]}}, {"type": "Feature", "properties": {"id": "way/144106294", "name": "Namma Metro - Reach 1A", "line": "Namma Metro - Reach 1A", "source": "OpenStreetMap", "kind": "metro_line"}, "geometry": {"type": "LineString", "coordinates": [[77.6768299, 12.9998537], [77.6773791, 12.9998651], [77.6778421, 12.9998836], [77.6782501, 12.9998924], [77.6791508, 12.9999283], [77.6799069, 12.9999771], [77.6803133, 13.0000252], [77.6806338, 13.0000722], [77.6808602, 13.0001129], [77.6811676, 13.0001916], [77.6813792, 13.0002565], [77.6816144, 13.0003469], [77.6817815, 13.0003809], [77.6818737, 13.0003866], [77.6819646, 13.000386], [77.6824202, 13.0003647], [77.682599, 13.000359], [77.6829502, 13.0003544], [77.6838214, 13.0003582], [77.6845514, 13.0003346], [77.6854795, 13.0002719], [77.6862037, 13.0002144], [77.6863601, 13.0001853], [77.6865577, 13.000136], [77.6867224, 13.0000773], [77.6868208, 13.0000229], [77.687, 12.9999136], [77.6872444, 12.9997544], [77.6876574, 12.999446], [77.6878861, 12.9992379], [77.6881617, 12.9989338], [77.6886254, 12.9984448], [77.6888698, 12.9982177], [77.6894921, 12.9978988], [77.6903796, 12.9974569], [77.6907431, 12.9972816], [77.6914823, 12.9969528], [77.6921457, 12.9966967], [77.6937139, 12.9961687], [77.6945185, 12.9958237], [77.6947063, 12.9957349], [77.695232, 12.9954997], [77.6955535, 12.99541], [77.6958757, 12.9953638], [77.6969915, 12.9952278], [77.6979196, 12.9950815], [77.6980781, 12.9950378], [77.6982007, 12.994987], [77.6988493, 12.9947486], [77.6991698, 12.9946268], [77.7000108, 12.9943583], [77.7002222, 12.9943092], [77.7006596, 12.9942076], [77.7013469, 12.9940503], [77.7015918, 12.9939889]]}}, {"type": "Feature", "properties": {"id": "way/144116298", "name": "Namma Metro - Reach 3B", "line": "Namma Metro - Reach 3B", "source": "OpenStreetMap", "kind": "metro_line"}, "geometry": {"type": "LineString", "coordinates": [[77.5125628, 13.0432956], [77.5113763, 13.0437142], [77.5109475, 13.043908], [77.5088582, 13.0449868], [77.5082271, 13.0452648], [77.505146, 13.0461609], [77.5024644, 13.0471275], [77.5017778, 13.047375], [77.5012661, 13.0475734], [77.5001473, 13.0479782]]}}, {"type": "Feature", "properties": {"id": "way/148041032", "name": "Metro", "line": "metro", "source": "OpenStreetMap", "kind": "metro_line"}, "geometry": {"type": "LineString", "coordinates": [[77.6543668, 12.9910309], [77.6546157, 12.9910998], [77.6548673, 12.9911688], [77.6558601, 12.9914475], [77.6559745, 12.9914807], [77.6561069, 12.9915263], [77.6562223, 12.991576], [77.656391, 12.9916545], [77.6564592, 12.9916883], [77.6565511, 12.9917398], [77.6580454, 12.9927185]]}}, {"type": "Feature", "properties": {"id": "way/148041033", "name": "Metro", "line": "metro", "source": "OpenStreetMap", "kind": "metro_line"}, "geometry": {"type": "LineString", "coordinates": [[77.655563, 12.9916848], [77.6556516, 12.9917377], [77.6557082, 12.991764], [77.6557994, 12.9918078], [77.6559598, 12.9918683], [77.6560697, 12.9919057], [77.6562191, 12.9919547], [77.656301, 12.9919783], [77.6564034, 12.9920004], [77.6564854, 12.9920116], [77.6566158, 12.9920331], [77.6566946, 12.9920493], [77.6567816, 12.9920748], [77.6568569, 12.9921094], [77.6569088, 12.9921391], [77.6569351, 12.9921563]]}}, {"type": "Feature", "properties": {"id": "way/148041044", "name": "Metro", "line": "metro", "source": "OpenStreetMap", "kind": "metro_line"}, "geometry": {"type": "LineString", "coordinates": [[77.6505068, 12.9894976], [77.6506428, 12.9895524], [77.6507175, 12.9895845], [77.6507986, 12.9896295], [77.6508783, 12.989681], [77.6509368, 12.9897255], [77.6510581, 12.9898268], [77.651202, 12.9899475], [77.6512551, 12.989989], [77.6512988, 12.9900227], [77.6513763, 12.9900752], [77.6514762, 12.9901345], [77.6515734, 12.9901848], [77.6516712, 12.990231], [77.6518344, 12.990301], [77.6519161, 12.9903344], [77.6519859, 12.9903619], [77.6520714, 12.9903927], [77.6523226, 12.990462], [77.6524197, 12.9904882], [77.6533149, 12.9907383], [77.6534298, 12.990762], [77.6535063, 12.9907739], [77.6536672, 12.9907966], [77.653752, 12.9908142], [77.6538563, 12.9908403], [77.6551293, 12.9911979]]}}, {"type": "Feature", "properties": {"id": "way/148165162", "name": "Metro", "line": "metro", "source": "OpenStreetMap", "kind": "metro_line"}, "geometry": {"type": "LineString", "coordinates": [[77.6537983, 12.9910636], [77.6539427, 12.9910953], [77.6540702, 12.9911147], [77.6543138, 12.9911453], [77.6544186, 12.9911652], [77.6545063, 12.9911886], [77.6546858, 12.9912566], [77.6549263, 12.9913631], [77.6550694, 12.9914369], [77.655135, 12.9914716], [77.6552239, 12.9915221], [77.655481, 12.9916937], [77.6555357, 12.9917275], [77.6556102, 12.9917794], [77.6556721, 12.9918268], [77.6557325, 12.9918813], [77.6558674, 12.9919931], [77.6561157, 12.9922112], [77.6561973, 12.9922912], [77.6562404, 12.9923381], [77.6563702, 12.9924877], [77.6564077, 12.992526], [77.6564546, 12.9925706], [77.6565054, 12.9926106], [77.6565608, 12.9926471], [77.6565858, 12.9926634]]}}, {"type": "Feature", "properties": {"id": "way/170931978", "name": "Namma Metro - Reach 2", "line": "Namma Metro - Reach 2", "source": "OpenStreetMap", "kind": "metro_line"}, "geometry": {"type": "LineString", "coordinates": [[77.5456189, 12.9741737], [77.5466357, 12.9741725], [77.5468189, 12.9741756], [77.5471055, 12.9742069], [77.5473599, 12.9742658], [77.5475645, 12.9743179], [77.5477387, 12.9743694], [77.5478798, 12.9744092], [77.5480832, 12.9744634], [77.5482622, 12.9744942], [77.5483811, 12.9745003], [77.54854, 12.9744884], [77.5487278, 12.9744489], [77.5488918, 12.9744183], [77.5490457, 12.9743346], [77.5492779, 12.9742069], [77.5495751, 12.9740195], [77.5497685, 12.973891], [77.5498946, 12.9738326], [77.5500453, 12.9737908], [77.5502114, 12.973756], [77.5503893, 12.9737538], [77.5505523, 12.9737735], [77.5507393, 12.9738229], [77.5509456, 12.9739394], [77.5514175, 12.9743037], [77.5522132, 12.9749216], [77.5524125, 12.9750661], [77.5525761, 12.9751733], [77.5527639, 12.9752935], [77.5529758, 12.9753929], [77.5531555, 12.9754608], [77.5533754, 12.9755052], [77.5535363, 12.9755288], [77.5538177, 12.9755571], [77.5542442, 12.9755689], [77.5546484, 12.9755787], [77.5549444, 12.9755941], [77.5553564, 12.975608]]}}, {"type": "Feature", "properties": {"id": "way/172895638", "name": "Namma Metro - Reach 2", "line": "Namma Metro - Reach 2", "source": "OpenStreetMap", "kind": "metro_line"}, "geometry": {"type": "LineString", "coordinates": [[77.5335932, 12.9618581], [77.5333598, 12.9612203], [77.5331932, 12.9608092], [77.5331364, 12.9605831], [77.5330947, 12.96036], [77.5330913, 12.960157], [77.5331278, 12.9599497], [77.5332286, 12.9596465], [77.5334011, 12.9592056], [77.5337686, 12.9583367], [77.5339086, 12.958056], [77.534128, 12.9575852], [77.5343458, 12.9570156], [77.534422, 12.9567218], [77.5345338, 12.9562288], [77.5346636, 12.9557194], [77.5347535, 12.9554062], [77.5348492, 12.9551974], [77.5349689, 12.955013], [77.5364109, 12.9535492], [77.5365873, 12.9533407], [77.5366429, 12.9532588], [77.536701, 12.9531515], [77.5370399, 12.9520466]]}}, {"type": "Feature", "properties": {"id": "way/172930536", "name": "Namma Metro - Reach 4", "line": "Namma Metro - Reach 4", "source": "OpenStreetMap", "kind": "metro_line"}, "geometry": {"type": "LineString", "coordinates": [[77.5731495, 12.9074812], [77.5732362, 12.9066441], [77.5732987, 12.9062199], [77.5733197, 12.9059627], [77.5733459, 12.9057733], [77.5733662, 12.9055492], [77.5733704, 12.9053055], [77.5733434, 12.904904], [77.5732851, 12.9043311], [77.5732549, 12.904063], [77.5732336, 12.9038461], [77.5732386, 12.9036281], [77.5732659, 12.9034829], [77.5734387, 12.9023765], [77.5734708, 12.9020677], [77.5734785, 12.9019195], [77.5734628, 12.9017801], [77.5734294, 12.9014972], [77.5733542, 12.9011752], [77.5731012, 12.9002775], [77.5730137, 12.9000062], [77.5729151, 12.8996823], [77.5728639, 12.8996046], [77.5727487, 12.8993544], [77.5725456, 12.8989976], [77.5716465, 12.8977588], [77.5715503, 12.8976341], [77.5712553, 12.8972517], [77.5708245, 12.8967948], [77.57014, 12.8960361]]}}, {"type": "Feature", "properties": {"id": "way/202662175", "name": "Metro", "line": "metro", "source": "OpenStreetMap", "kind": "metro_line"}, "geometry": {"type": "LineString", "coordinates": [[77.5256195, 13.0438677], [77.5262151, 13.0441767], [77.5264144, 13.0442796], [77.5267997, 13.0444801], [77.5268949, 13.0445292], [77.5269904, 13.0445728], [77.5270841, 13.0446064], [77.5271685, 13.0446271], [77.5272826, 13.0446394], [77.5273698, 13.0446393], [77.527472, 13.044635], [77.5275534, 13.0446213], [77.5276625, 13.0445933], [77.5289066, 13.0442432]]}}, {"type": "Feature", "properties": {"id": "way/202662176", "name": "Peenya Namma Metro Test track", "line": "Peenya Namma Metro Test track", "source": "OpenStreetMap", "kind": "metro_line"}, "geometry": {"type": "LineString", "coordinates": [[77.5270052, 13.0449514], [77.5283732, 13.0447089], [77.5306423, 13.0443169], [77.5309062, 13.0442699], [77.531212, 13.0442135], [77.5314748, 13.0441571], [77.5317506, 13.0440891], [77.5320532, 13.0440118], [77.5344297, 13.0433603], [77.5373957, 13.0425503]]}}, {"type": "Feature", "properties": {"id": "way/202662179", "name": "Metro", "line": "metro", "source": "OpenStreetMap", "kind": "metro_line"}, "geometry": {"type": "LineString", "coordinates": [[77.5344297, 13.0433603], [77.5343203, 13.0433834], [77.5342246, 13.0433991], [77.5339214, 13.0434332], [77.5338333, 13.0434388], [77.5337396, 13.0434388], [77.5336467, 13.0434313], [77.5335382, 13.0434196], [77.5334932, 13.043412], [77.5334081, 13.0433976], [77.5331789, 13.0433647], [77.5330945, 13.0433563], [77.5330052, 13.0433621], [77.5329085, 13.0433727], [77.53166, 13.0435404], [77.5315285, 13.0435592], [77.5313986, 13.0435854]]}}, {"type": "Feature", "properties": {"id": "way/202907463", "name": "Metro", "line": "metro", "source": "OpenStreetMap", "kind": "metro_line"}, "geometry": {"type": "LineString", "coordinates": [[77.5256042, 13.0438976], [77.5254958, 13.0438385], [77.5254039, 13.0437764], [77.5253535, 13.0437397], [77.5252885, 13.0436875], [77.5252317, 13.0436334], [77.5251743, 13.0435688], [77.5251264, 13.043506], [77.5250716, 13.0434197], [77.5249698, 13.0432446], [77.5248517, 13.0430131], [77.52332, 13.039982], [77.5229512, 13.0392523], [77.522839, 13.0390349], [77.5227906, 13.0389599], [77.5227253, 13.0388766], [77.5226602, 13.038812], [77.522575, 13.0387393], [77.5224763, 13.0386749], [77.5223808, 13.0386224], [77.5222872, 13.0385816], [77.5221716, 13.038545], [77.522056, 13.0385244], [77.521928, 13.0385148], [77.5217968, 13.038519], [77.5216845, 13.0385317], [77.5215707, 13.0385564], [77.5214723, 13.0385901], [77.5213572, 13.0386414], [77.5212264, 13.0387108], [77.5208388, 13.0388829]]}}, {"type": "Feature", "properties": {"id": "way/202907465", "name": "Metro", "line": "metro", "source": "OpenStreetMap", "kind": "metro_line"}, "geometry": {"type": "LineString", "coordinates": [[77.5239477, 13.0371976], [77.5236201, 13.0374182], [77.5232784, 13.0375989], [77.5231523, 13.0376874], [77.5230611, 13.0377783], [77.5229882, 13.0378652], [77.5229219, 13.0379594], [77.5228769, 13.0380416], [77.522834, 13.0381379], [77.5228007, 13.0382314], [77.5227732, 13.0383505], [77.5227628, 13.038452], [77.5227618, 13.0385503], [77.5227759, 13.0386693], [77.5227872, 13.0387506], [77.522811, 13.0388426], [77.5228433, 13.0389298], [77.5229073, 13.039062], [77.5229505, 13.0391525], [77.5231685, 13.0395828], [77.5248949, 13.0429913], [77.5249809, 13.0431705], [77.5250649, 13.0433361], [77.5251246, 13.0434391], [77.5251922, 13.0435351], [77.525247, 13.043597], [77.5253073, 13.0436564], [77.5253852, 13.0437222], [77.5254248, 13.0437519], [77.5255317, 13.0438209], [77.5256195, 13.0438677]]}}, {"type": "Feature", "properties": {"id": "way/251186225", "name": "Metro", "line": "metro", "source": "OpenStreetMap", "kind": "metro_line"}, "geometry": {"type": "LineString", "coordinates": [[77.6518344, 12.990301], [77.6517506, 12.9902561], [77.6516696, 12.9902112], [77.651495, 12.9901025], [77.6514287, 12.9900568], [77.6513605, 12.990002], [77.6513057, 12.9899531], [77.6512345, 12.9898787], [77.6511755, 12.989814], [77.6511003, 12.9897416], [77.6510405, 12.9896878], [77.6509497, 12.9896132], [77.6508703, 12.989552], [77.6508135, 12.9895112], [77.6507553, 12.9894773], [77.6506889, 12.9894407], [77.6506172, 12.9894073], [77.6505569, 12.9893832]]}}, {"type": "Feature", "properties": {"id": "way/259063035", "name": "Namma Metro - Reach 1A", "line": "Namma Metro - Reach 1A", "source": "OpenStreetMap", "kind": "metro_line"}, "geometry": {"type": "LineString", "coordinates": [[77.7082196, 12.9841232], [77.7082356, 12.9836319], [77.7082622, 12.9830457], [77.7082728, 12.9829257], [77.7082862, 12.9827976], [77.7083024, 12.9826328]]}}, {"type": "Feature", "properties": {"id": "way/260442664", "name": "Namma Metro - Reach 2A", "line": "Namma Metro - Reach 2A", "source": "OpenStreetMap", "kind": "metro_line"}, "geometry": {"type": "LineString", "coordinates": [[77.5287581, 12.945976], [77.5283438, 12.9456786], [77.5279673, 12.9453585], [77.5277588, 12.9451812], [77.5275383, 12.9449727], [77.527324, 12.9447781], [77.5270012, 12.9444027], [77.52669, 12.9440211], [77.5263536, 12.9434117]]}}, {"type": "Feature", "properties": {"id": "way/263914699", "name": "Metro", "line": "metro", "source": "OpenStreetMap", "kind": "metro_line"}, "geometry": {"type": "LineString", "coordinates": [[77.5312055, 13.0425412], [77.5310746, 13.0425812], [77.5309671, 13.0426214], [77.5308916, 13.0426585], [77.530812, 13.0427044], [77.5307468, 13.0427504], [77.5307001, 13.0427901], [77.5306353, 13.0428419], [77.5296213, 13.0436799], [77.5294172, 13.0438486], [77.5293266, 13.0439239], [77.529275, 13.0439622], [77.5292207, 13.0439937], [77.5291678, 13.0440192], [77.529107, 13.0440447], [77.5290527, 13.0440632], [77.5289821, 13.044084], [77.5288607, 13.044108], [77.5287691, 13.044123], [77.528658, 13.0441344], [77.5272284, 13.0443227]]}}, {"type": "Feature", "properties": {"id": "way/263914700", "name": "Metro", "line": "metro", "source": "OpenStreetMap", "kind": "metro_line"}, "geometry": {"type": "LineString", "coordinates": [[77.5289066, 13.0442432], [77.5292282, 13.0441509], [77.5307562, 13.0437253], [77.5320827, 13.0433531], [77.5323052, 13.0432946], [77.5325535, 13.0432239], [77.5328016, 13.0431569], [77.5330687, 13.0430835], [77.5331807, 13.0430453], [77.5332999, 13.0429969], [77.5334032, 13.04295], [77.5335056, 13.0429028], [77.5336339, 13.042843], [77.533736, 13.0427868], [77.5339356, 13.0426673], [77.5340075, 13.0426314], [77.5340722, 13.0426045], [77.5341359, 13.042585], [77.5342583, 13.0425503]]}}, {"type": "Feature", "properties": {"id": "way/265727726", "name": "Metro", "line": "metro", "source": "OpenStreetMap", "kind": "metro_line"}, "geometry": {"type": "LineString", "coordinates": [[77.6515666, 12.9897333], [77.6525535, 12.9900583], [77.6530009, 12.9901911], [77.6536685, 12.9903808], [77.6541712, 12.9905382], [77.6544209, 12.9906244], [77.6551906, 12.9909517], [77.6555205, 12.9911169], [77.6556755, 12.991201], [77.6558056, 12.9912741], [77.6565511, 12.9917398]]}}, {"type": "Feature", "properties": {"id": "way/316686956", "name": "Metro", "line": "metro", "source": "OpenStreetMap", "kind": "metro_line"}, "geometry": {"type": "LineString", "coordinates": [[77.5741251, 12.9756654], [77.5739018, 12.9758477], [77.5737167, 12.9760067], [77.5736156, 12.97612], [77.5735281, 12.9762149], [77.5734465, 12.97631], [77.5733718, 12.9764104], [77.5733046, 12.9765157], [77.5732452, 12.9766253], [77.5731949, 12.9767359], [77.5731526, 12.9768495], [77.5731183, 12.9769658], [77.5730789, 12.9770853], [77.5729514, 12.9774512]]}}, {"type": "Feature", "properties": {"id": "way/325926744", "name": "Metro", "line": "metro", "source": "OpenStreetMap", "kind": "metro_line"}, "geometry": {"type": "LineString", "coordinates": [[77.5356069, 13.042276], [77.5342847, 13.0426404]]}}, {"type": "Feature", "properties": {"id": "way/325926745", "name": "Metro", "line": "metro", "source": "OpenStreetMap", "kind": "metro_line"}, "geometry": {"type": "LineString", "coordinates": [[77.5323052, 13.0432946], [77.5324333, 13.0432493], [77.5324892, 13.0432264], [77.5326686, 13.0431479], [77.5327725, 13.043096], [77.5328747, 13.043043], [77.5330108, 13.0429597], [77.5331078, 13.042896], [77.5331816, 13.0428388], [77.533258, 13.042772], [77.5333135, 13.0427064], [77.5333797, 13.042617], [77.5334186, 13.0425532], [77.5334628, 13.0424759], [77.5334996, 13.0424229], [77.5335461, 13.0423682], [77.533598, 13.0423109], [77.533655, 13.0422584], [77.5337153, 13.0422106], [77.5337817, 13.0421662], [77.5338414, 13.0421322], [77.5339198, 13.0420924], [77.5340072, 13.0420594], [77.5345661, 13.0418872]]}}, {"type": "Feature", "properties": {"id": "way/325926746", "name": "Metro", "line": "metro", "source": "OpenStreetMap", "kind": "metro_line"}, "geometry": {"type": "LineString", "coordinates": [[77.5289066, 13.0442432], [77.5288039, 13.0442645], [77.5287355, 13.0442755], [77.5286208, 13.0442908], [77.5285477, 13.044305], [77.5284461, 13.0443275], [77.5283718, 13.0443507], [77.5281121, 13.0444225], [77.5276629, 13.0445466], [77.5275754, 13.0445639], [77.5274798, 13.0445741], [77.5273818, 13.0445741], [77.52728, 13.044566], [77.5271807, 13.0445523], [77.5270986, 13.0445323], [77.527016, 13.0445037], [77.5269332, 13.0444673], [77.5264212, 13.0442042]]}}, {"type": "Feature", "properties": {"id": "way/325926747", "name": "Metro", "line": "metro", "source": "OpenStreetMap", "kind": "metro_line"}, "geometry": {"type": "LineString", "coordinates": [[77.534158, 13.0422034], [77.5340843, 13.0422257], [77.5340112, 13.0422494], [77.5339383, 13.0422802], [77.5338611, 13.0423181], [77.5338031, 13.0423525], [77.5337434, 13.0423951], [77.5336813, 13.0424457], [77.5336147, 13.0425123], [77.5334531, 13.0426853], [77.5333702, 13.0427717], [77.5332609, 13.0428743], [77.5331846, 13.042933], [77.533129, 13.0429697], [77.5330569, 13.0430101], [77.5330004, 13.0430376], [77.5327729, 13.0431383]]}}, {"type": "Feature", "properties": {"id": "way/325926748", "name": "Metro", "line": "metro", "source": "OpenStreetMap", "kind": "metro_line"}, "geometry": {"type": "LineString", "coordinates": [[77.5312638, 13.0432202], [77.5308426, 13.0433389], [77.5307625, 13.0433649], [77.53068, 13.0433948], [77.5303206, 13.0435548], [77.5300257, 13.0436877], [77.529211, 13.0440418], [77.529128, 13.0440779], [77.5289288, 13.0441659], [77.5288031, 13.0442177], [77.5286964, 13.0442544], [77.5284461, 13.0443275]]}}, {"type": "Feature", "properties": {"id": "way/325926749", "name": "Metro", "line": "metro", "source": "OpenStreetMap", "kind": "metro_line"}, "geometry": {"type": "LineString", "coordinates": [[77.5355286, 13.0420082], [77.5342099, 13.042381]]}}, {"type": "Feature", "properties": {"id": "way/325926751", "name": "Metro", "line": "metro", "source": "OpenStreetMap", "kind": "metro_line"}, "geometry": {"type": "LineString", "coordinates": [[77.534184, 13.0422924], [77.534098, 13.0423163], [77.5340348, 13.0423387], [77.5339609, 13.042374], [77.5338925, 13.0424157], [77.533836, 13.0424582], [77.533769, 13.0425126], [77.5336867, 13.0425953], [77.533604, 13.0426817], [77.5335511, 13.0427336], [77.5335017, 13.042782], [77.5334313, 13.0428369], [77.5333593, 13.0428895], [77.5332895, 13.042932], [77.5332074, 13.0429827], [77.5330979, 13.0430443], [77.532976, 13.0430934], [77.5328016, 13.0431569]]}}, {"type": "Feature", "properties": {"id": "way/325926752", "name": "Metro", "line": "metro", "source": "OpenStreetMap", "kind": "metro_line"}, "geometry": {"type": "LineString", "coordinates": [[77.5356454, 13.0424077], [77.5343232, 13.0427722]]}}, {"type": "Feature", "properties": {"id": "way/325926753", "name": "Metro", "line": "metro", "source": "OpenStreetMap", "kind": "metro_line"}, "geometry": {"type": "LineString", "coordinates": [[77.5278943, 13.0444337], [77.5280043, 13.044407], [77.5280623, 13.0443973], [77.5282056, 13.0443799], [77.5282677, 13.0443717], [77.5283718, 13.0443507]]}}, {"type": "Feature", "properties": {"id": "way/325926754", "name": "Metro", "line": "metro", "source": "OpenStreetMap", "kind": "metro_line"}, "geometry": {"type": "LineString", "coordinates": [[77.535686, 13.0425335], [77.5343634, 13.0429053]]}}, {"type": "Feature", "properties": {"id": "way/325926756", "name": "Metro", "line": "metro", "source": "OpenStreetMap", "kind": "metro_line"}, "geometry": {"type": "LineString", "coordinates": [[77.5311993, 13.0430031], [77.530838, 13.0431058], [77.5307634, 13.0431298], [77.5306886, 13.0431587], [77.530614, 13.0431932], [77.5305381, 13.0432353], [77.5294909, 13.0438768], [77.5293395, 13.0439721], [77.5292813, 13.0440053], [77.529211, 13.0440418]]}}, {"type": "Feature", "properties": {"id": "way/325926757", "name": "Metro", "line": "metro", "source": "OpenStreetMap", "kind": "metro_line"}, "geometry": {"type": "LineString", "coordinates": [[77.5323407, 13.043327], [77.5324521, 13.0433027], [77.5325332, 13.043289], [77.5326482, 13.0432737], [77.5327259, 13.0432634], [77.5328003, 13.0432473], [77.532873, 13.0432256], [77.5331271, 13.0431534], [77.533378, 13.0430854], [77.5336425, 13.0430131], [77.5343367, 13.0428183]]}}, {"type": "Feature", "properties": {"id": "way/325926759", "name": "Metro", "line": "metro", "source": "OpenStreetMap", "kind": "metro_line"}, "geometry": {"type": "LineString", "coordinates": [[77.5264144, 13.0442796], [77.5267787, 13.0445104], [77.5269638, 13.0446029], [77.5270559, 13.0446367], [77.527148, 13.0446636], [77.527245, 13.0446807], [77.5273529, 13.0446873], [77.5274656, 13.0446887], [77.5275689, 13.0446767], [77.5276606, 13.0446593], [77.5277767, 13.0446284], [77.5279605, 13.0445765], [77.5301441, 13.0439666], [77.53024, 13.043936], [77.5303431, 13.0438984], [77.5304384, 13.0438608], [77.5305354, 13.0438311], [77.5311987, 13.043644], [77.5313986, 13.0435854], [77.531658, 13.0435117], [77.5317592, 13.0434789], [77.5318244, 13.0434551], [77.5319167, 13.0434176], [77.5319911, 13.0433865], [77.5320827, 13.0433531]]}}, {"type": "Feature", "properties": {"id": "way/325926760", "name": "Metro", "line": "metro", "source": "OpenStreetMap", "kind": "metro_line"}, "geometry": {"type": "LineString", "coordinates": [[77.5326248, 13.0427866], [77.5312499, 13.0431723]]}}, {"type": "Feature", "properties": {"id": "way/325926761", "name": "Metro", "line": "metro", "source": "OpenStreetMap", "kind": "metro_line"}, "geometry": {"type": "LineString", "coordinates": [[77.5289821, 13.044084], [77.528329, 13.0442597], [77.5282459, 13.0442799], [77.5281578, 13.0442942], [77.5272392, 13.0444184]]}}, {"type": "Feature", "properties": {"id": "way/325926763", "name": "Metro", "line": "metro", "source": "OpenStreetMap", "kind": "metro_line"}, "geometry": {"type": "LineString", "coordinates": [[77.5357629, 13.0427966], [77.5344404, 13.0431683]]}}, {"type": "Feature", "properties": {"id": "way/325926764", "name": "Metro", "line": "metro", "source": "OpenStreetMap", "kind": "metro_line"}, "geometry": {"type": "LineString", "coordinates": [[77.5342982, 13.0426865], [77.5340906, 13.0427452], [77.5340153, 13.04277], [77.5339522, 13.0427957], [77.5335927, 13.0429537], [77.5335064, 13.0429885], [77.533387, 13.0430311], [77.5331096, 13.0431104], [77.5323407, 13.043327], [77.5320885, 13.0433958], [77.531658, 13.0435117]]}}, {"type": "Feature", "properties": {"id": "way/325926767", "name": "Metro", "line": "metro", "source": "OpenStreetMap", "kind": "metro_line"}, "geometry": {"type": "LineString", "coordinates": [[77.5354887, 13.0418718], [77.5341701, 13.0422446]]}}, {"type": "Feature", "properties": {"id": "way/325926768", "name": "Metro", "line": "metro", "source": "OpenStreetMap", "kind": "metro_line"}, "geometry": {"type": "LineString", "coordinates": [[77.5355416, 13.0420526], [77.5342229, 13.0424254]]}}, {"type": "Feature", "properties": {"id": "way/325926769", "name": "Metro", "line": "metro", "source": "OpenStreetMap", "kind": "metro_line"}, "geometry": {"type": "LineString", "coordinates": [[77.5355152, 13.0419625], [77.5341966, 13.0423353]]}}, {"type": "Feature", "properties": {"id": "way/325926770", "name": "Metro", "line": "metro", "source": "OpenStreetMap", "kind": "metro_line"}, "geometry": {"type": "LineString", "coordinates": [[77.535593, 13.0422287], [77.5342708, 13.0425931]]}}, {"type": "Feature", "properties": {"id": "way/325926771", "name": "Metro", "line": "metro", "source": "OpenStreetMap", "kind": "metro_line"}, "geometry": {"type": "LineString", "coordinates": [[77.529128, 13.0440779], [77.5289945, 13.0441249], [77.5289074, 13.0441504], [77.5278943, 13.0444337], [77.5276871, 13.0444935], [77.5275969, 13.0445137], [77.5274949, 13.0445244], [77.5273958, 13.0445251], [77.5273139, 13.0445215], [77.5272352, 13.0445124], [77.5271611, 13.0444988], [77.5270856, 13.0444775], [77.5270015, 13.0444466], [77.5269209, 13.0444093], [77.5264226, 13.0441489]]}}, {"type": "Feature", "properties": {"id": "way/325926772", "name": "Metro", "line": "metro", "source": "OpenStreetMap", "kind": "metro_line"}, "geometry": {"type": "LineString", "coordinates": [[77.528658, 13.0441344], [77.5285596, 13.0441559], [77.528477, 13.0441746], [77.5283109, 13.0442209], [77.5282371, 13.0442389], [77.5281494, 13.0442529], [77.5272354, 13.044373]]}}, {"type": "Feature", "properties": {"id": "way/325926773", "name": "Metro", "line": "metro", "source": "OpenStreetMap", "kind": "metro_line"}, "geometry": {"type": "LineString", "coordinates": [[77.5312261, 13.0430909], [77.530743, 13.0432232], [77.530651, 13.0432487], [77.5305652, 13.0432855], [77.5305011, 13.0433167], [77.530416, 13.0433661], [77.5299239, 13.0436687], [77.529867, 13.0437028], [77.5298017, 13.0437332], [77.5297421, 13.0437629], [77.5296529, 13.0437975], [77.5295777, 13.04383], [77.5294909, 13.0438768]]}}, {"type": "Feature", "properties": {"id": "way/325926775", "name": "Metro", "line": "metro", "source": "OpenStreetMap", "kind": "metro_line"}, "geometry": {"type": "LineString", "coordinates": [[77.5356737, 13.0424914], [77.5343511, 13.0428631]]}}, {"type": "Feature", "properties": {"id": "way/325926777", "name": "Metro", "line": "metro", "source": "OpenStreetMap", "kind": "metro_line"}, "geometry": {"type": "LineString", "coordinates": [[77.5356993, 13.0425791], [77.5343768, 13.0429508]]}}, {"type": "Feature", "properties": {"id": "way/325926778", "name": "Metro", "line": "metro", "source": "OpenStreetMap", "kind": "metro_line"}, "geometry": {"type": "LineString", "coordinates": [[77.5357384, 13.0427128], [77.5344159, 13.0430846]]}}, {"type": "Feature", "properties": {"id": "way/325926780", "name": "Metro", "line": "metro", "source": "OpenStreetMap", "kind": "metro_line"}, "geometry": {"type": "LineString", "coordinates": [[77.5320885, 13.0433958], [77.5321767, 13.043376], [77.5322462, 13.0433647], [77.5326583, 13.0433107], [77.532733, 13.0433001], [77.5328083, 13.0432871], [77.5328791, 13.043269], [77.5329522, 13.0432519], [77.5330175, 13.0432373], [77.5330844, 13.0432267], [77.5333601, 13.0431914], [77.5334481, 13.0431845], [77.5335449, 13.0431824], [77.533719, 13.0431843], [77.5340245, 13.0431869], [77.5340996, 13.0431851], [77.5341847, 13.0431806], [77.5342671, 13.0431678], [77.5343421, 13.0431512], [77.5344283, 13.043127]]}}, {"type": "Feature", "properties": {"id": "way/325926783", "name": "Metro", "line": "metro", "source": "OpenStreetMap", "kind": "metro_line"}, "geometry": {"type": "LineString", "coordinates": [[77.5357131, 13.0426261], [77.5343905, 13.0429979]]}}, {"type": "Feature", "properties": {"id": "way/325926785", "name": "Metro", "line": "metro", "source": "OpenStreetMap", "kind": "metro_line"}, "geometry": {"type": "LineString", "coordinates": [[77.5341439, 13.0421551], [77.5340597, 13.0421787], [77.5339784, 13.0422077], [77.5339019, 13.0422425], [77.5338307, 13.0422825], [77.5337457, 13.0423366], [77.533678, 13.0423902], [77.5336142, 13.0424481], [77.5333354, 13.0427475], [77.5332828, 13.0428038], [77.5332366, 13.0428492], [77.5331754, 13.0428982], [77.5330975, 13.0429515], [77.5329665, 13.0430307], [77.5327729, 13.0431383], [77.5326825, 13.0431773], [77.5326301, 13.0431968], [77.5325535, 13.0432239]]}}, {"type": "Feature", "properties": {"id": "way/325926787", "name": "Metro", "line": "metro", "source": "OpenStreetMap", "kind": "metro_line"}, "geometry": {"type": "LineString", "coordinates": [[77.5328791, 13.043269], [77.5330214, 13.0432259], [77.5330953, 13.043205], [77.5331588, 13.0431896], [77.53326, 13.0431718], [77.533405, 13.043152], [77.5336143, 13.0431186], [77.5336925, 13.0431082], [77.5337674, 13.0431031], [77.5338366, 13.0431022], [77.5340436, 13.0431061], [77.5341123, 13.0431026], [77.5341786, 13.0430939], [77.5342498, 13.0430796], [77.5343269, 13.0430614], [77.5344022, 13.0430412]]}}, {"type": "Feature", "properties": {"id": "way/326775352", "name": "Metro", "line": "metro", "source": "OpenStreetMap", "kind": "metro_line"}, "geometry": {"type": "LineString", "coordinates": [[77.5236201, 13.0374182], [77.5239836, 13.0372248], [77.5240866, 13.0371723], [77.524179, 13.0371315], [77.5242915, 13.0370892], [77.5245869, 13.0369896], [77.5247111, 13.0369466], [77.5248539, 13.0368876], [77.5249486, 13.0368471], [77.525075, 13.0367802], [77.5261401, 13.0362304]]}}, {"type": "Feature", "properties": {"id": "way/327693740", "name": "Namma Metro Reach-4", "line": "Namma Metro Reach-4", "source": "OpenStreetMap", "kind": "metro_line"}, "geometry": {"type": "LineString", "coordinates": [[77.5736939, 12.9520729], [77.5737225, 12.951824], [77.5737692, 12.9516389], [77.5738245, 12.9514972], [77.5738835, 12.9513744], [77.5739398, 12.9512541], [77.5739761, 12.9511185], [77.5740095, 12.9509404], [77.5740062, 12.9495004]]}}, {"type": "Feature", "properties": {"id": "way/328283580", "name": "Namma Metro - Reach 2A", "line": "Namma Metro - Reach 2A", "source": "OpenStreetMap", "kind": "metro_line"}, "geometry": {"type": "LineString", "coordinates": [[77.512825, 12.9355454], [77.5124194, 12.935405], [77.5115524, 12.9351281], [77.5110468, 12.934922], [77.5107598, 12.9346992], [77.5105363, 12.9344608], [77.5087501, 12.9328269], [77.5085803, 12.9326653], [77.5084517, 12.9325419], [77.5068417, 12.9314486], [77.5065682, 12.9312394], [77.5064287, 12.9310983], [77.50618, 12.9306292], [77.5060051, 12.9302992], [77.5057921, 12.9299725], [77.5055432, 12.9297291], [77.5052986, 12.9295768], [77.505068, 12.9294623], [77.5042975, 12.9292088], [77.5040245, 12.929119], [77.5039146, 12.9290597], [77.5034353, 12.9286462], [77.5030169, 12.9281756], [77.5025341, 12.9277312], [77.5009374, 12.9265292], [77.5002864, 12.9260424], [77.4992082, 12.9250594]]}}, {"type": "Feature", "properties": {"id": "way/343370740", "name": "Namma Metro - Reach 3", "line": "Namma Metro - Reach 3", "source": "OpenStreetMap", "kind": "metro_line"}, "geometry": {"type": "LineString", "coordinates": [[77.548977, 13.0092803], [77.5490881, 13.009801], [77.5491229, 13.00992], [77.5491655, 13.0100255], [77.5492189, 13.0101472], [77.5492663, 13.0102259], [77.5493344, 13.0103147], [77.5494116, 13.0103977], [77.5494978, 13.0104832], [77.5503824, 13.0112976]]}}, {"type": "Feature", "properties": {"id": "way/359201105", "name": "Namma Metro - Reach 3C", "line": "Namma Metro - Reach 3C", "source": "OpenStreetMap", "kind": "metro_line"}, "geometry": {"type": "LineString", "coordinates": [[77.495422, 13.0497448], [77.4944527, 13.0501121], [77.4941493, 13.0502271], [77.4932587, 13.0505308], [77.4924114, 13.0507521], [77.4915142, 13.0510696], [77.489768, 13.0517007], [77.4891939, 13.0519264], [77.4887633, 13.0520816], [77.4879224, 13.0523847], [77.4873606, 13.0525871], [77.484948, 13.0534566], [77.4837318, 13.053902], [77.482148, 13.0544716], [77.4812736, 13.0547904], [77.47931, 13.0555796], [77.4774259, 13.0563529], [77.4754666, 13.056814], [77.4741185, 13.0571355], [77.473982, 13.0571681], [77.4728077, 13.0574359], [77.4721836, 13.0575783], [77.47198, 13.057629], [77.4707137, 13.0579441], [77.4695696, 13.0582688]]}}, {"type": "Feature", "properties": {"id": "way/388100817", "name": "Namma Metro - Reach 4B", "line": "Namma Metro - Reach 4B", "source": "OpenStreetMap", "kind": "metro_line"}, "geometry": {"type": "LineString", "coordinates": [[77.5350065, 12.8670555], [77.5342366, 12.866038], [77.5330171, 12.8644921], [77.5328619, 12.8643238], [77.5324861, 12.8639691], [77.532077, 12.8636242], [77.5314277, 12.8631881], [77.530806, 12.8627735], [77.5304964, 12.8625424], [77.5302856, 12.862197], [77.5299532, 12.8616662], [77.5298172, 12.861435], [77.5294788, 12.860867], [77.5293188, 12.8605979], [77.5292106, 12.8604109], [77.5291132, 12.8602616], [77.527996, 12.8584166], [77.5276932, 12.8579955]]}}, {"type": "Feature", "properties": {"id": "way/408869080", "name": "Pink Line (Nagawara - Kalena Agrahara)", "line": "Pink Line (Nagawara - Kalena Agrahara)", "source": "OpenStreetMap", "kind": "metro_line"}, "geometry": {"type": "LineString", "coordinates": [[77.6021827, 12.9833171], [77.6022637, 12.9830037], [77.602316, 12.9828861], [77.602441, 12.9825871], [77.6026145, 12.9822515], [77.6027505, 12.9820056], [77.6029471, 12.9817152], [77.6031279, 12.9814476], [77.6033194, 12.9812411], [77.6035335, 12.9811206], [77.6038369, 12.981027], [77.604462, 12.9808699], [77.605272, 12.9806138], [77.6070101, 12.9800388], [77.6071315, 12.9799949], [77.6073532, 12.9798982], [77.6075897, 12.9797523], [77.6078218, 12.9795561], [77.6081016, 12.9792929], [77.6083764, 12.9789529], [77.6085809, 12.9786399], [77.6086962, 12.9784407], [77.608769, 12.9782667], [77.608817, 12.9781182], [77.6088408, 12.9779561], [77.6088362, 12.9777483], [77.6087015, 12.9770302], [77.607744, 12.97444], [77.6074806, 12.9735359], [77.6073153, 12.9729656], [77.6069296, 12.9711312], [77.6065018, 12.9696435], [77.6063527, 12.9691915], [77.6063527, 12.9690192], [77.606367, 12.9688725], [77.6064958, 12.9683354], [77.6066866, 12.9678606], [77.6068061, 12.9673411], [77.6069229, 12.9666011], [77.6069398, 12.9661649], [77.6069758, 12.9650185], [77.6069853, 12.9644107], [77.6069898, 12.9634825], [77.6069793, 12.9630273], [77.6069609, 12.9625724], [77.6069347, 12.9621179], [77.6069006, 12.9616639], [77.6068586, 12.9612105], [77.6068067, 12.9607404], [77.6067464, 12.9602713], [77.6066776, 12.9598034], [77.6066004, 12.9593366], [77.6065149, 12.9588713], [77.606421, 12.9584075], [77.6063187, 12.9579454], [77.6062082, 12.957485], [77.6060894, 12.9570267]]}}, {"type": "Feature", "properties": {"id": "way/408874877", "name": "Namma Metro - Reach 1B", "line": "Namma Metro - Reach 1B", "source": "OpenStreetMap", "kind": "metro_line"}, "geometry": {"type": "LineString", "coordinates": [[77.6563674, 12.9927537], [77.656603, 12.9929013], [77.6569151, 12.9930836], [77.6571496, 12.9932143], [77.6580135, 12.9936992], [77.6590839, 12.9943055], [77.6597545, 12.9946521], [77.6603537, 12.9949586], [77.660941, 12.9952562], [77.6611438, 12.9953501], [77.6613231, 12.9954238], [77.6614195, 12.9954531]]}}, {"type": "Feature", "properties": {"id": "way/408874879", "name": "Namma Metro - Phase 2B", "line": "Namma Metro - Phase 2B", "source": "OpenStreetMap", "kind": "metro_line"}, "geometry": {"type": "LineString", "coordinates": [[77.5972247, 13.0422046], [77.5967491, 13.0420604], [77.5963022, 13.0420104], [77.5944918, 13.0420325], [77.5939981, 13.0421678], [77.5936417, 13.042437], [77.5932008, 13.0431151], [77.5917694, 13.0457981], [77.5917453, 13.0462894], [77.5920865, 13.0473191], [77.5927886, 13.0487429], [77.593059, 13.0495674], [77.5937202, 13.0525407], [77.593753, 13.0533983], [77.5936097, 13.0553172], [77.59362, 13.0600023], [77.593538, 13.0621833]]}}, {"type": "Feature", "properties": {"id": "way/408874881", "name": "Namma Metro - Reach 2A", "line": "Namma Metro - Reach 2A", "source": "OpenStreetMap", "kind": "metro_line"}, "geometry": {"type": "LineString", "coordinates": [[77.4992082, 12.9250594], [77.4983713, 12.9242399], [77.4980924, 12.9239667], [77.4975874, 12.92346], [77.4972909, 12.9232522], [77.496839, 12.9230443], [77.4960835, 12.9227353], [77.4944424, 12.9218914], [77.4939167, 12.9215568], [77.4936949, 12.9213628], [77.4935286, 12.9211223], [77.4934017, 12.9209189], [77.4928438, 12.9202183], [77.4925756, 12.9199621], [77.4920534, 12.9195589], [77.4915169, 12.9189942], [77.4912563, 12.918592], [77.490686, 12.9174184], [77.4904548, 12.9169158], [77.4901348, 12.9165478], [77.489703, 12.9162052], [77.489274, 12.9158176], [77.4890965, 12.91565], [77.488822, 12.915393], [77.4883209, 12.9150235], [77.4878613, 12.9146648], [77.487301, 12.9142275], [77.4863108, 12.913508], [77.485942, 12.9132335], [77.4855423, 12.9129277], [77.4853752, 12.9127687], [77.4852492, 12.9125922], [77.4850722, 12.9122301], [77.4849447, 12.9117663], [77.4847791, 12.9112209], [77.4847578, 12.9111538], [77.4847203, 12.911055], [77.4846743, 12.9109596], [77.4846201, 12.9108685], [77.484558, 12.9107822], [77.4844887, 12.9107014], [77.4844125, 12.9106266], [77.48433, 12.9105585], [77.4842419, 12.9104975], [77.4841514, 12.9104454], [77.4840568, 12.9104009], [77.4839587, 12.9103642], [77.4838578, 12.9103355], [77.4837549, 12.9103151], [77.4836505, 12.9103032], [77.4835455, 12.9102997], [77.4834406, 12.9103047], [77.4833364, 12.9103182]]}}, {"type": "Feature", "properties": {"id": "way/452475467", "name": "Metro", "line": "metro", "source": "OpenStreetMap", "kind": "metro_line"}, "geometry": {"type": "LineString", "coordinates": [[77.7529628, 12.9881432], [77.7530487, 12.9881528], [77.7531361, 12.9881706], [77.7532399, 12.9882052], [77.7533227, 12.9882393], [77.7533886, 12.9882745], [77.7534557, 12.9883175], [77.7535221, 12.9883697], [77.7535832, 12.9884268], [77.7536488, 12.9884993], [77.7536977, 12.9885663], [77.7538605, 12.9888176], [77.7539757, 12.9889834], [77.7542458, 12.9893817], [77.7543068, 12.9894717], [77.754967, 12.9904457], [77.7550294, 12.9905287], [77.7551089, 12.9906146], [77.7555424, 12.9910357]]}}, {"type": "Feature", "properties": {"id": "way/458946119", "name": "Namma Metro - Phase 2A", "line": "Namma Metro - Phase 2A", "source": "OpenStreetMap", "kind": "metro_line"}, "geometry": {"type": "LineString", "coordinates": [[77.6708267, 12.9973028], [77.672551, 12.9980986], [77.6733543, 12.9984858], [77.6744604, 12.9990545], [77.6749945, 12.9993077], [77.6759995, 12.9998058], [77.6765673, 13.0000161], [77.6770046, 13.0000698], [77.677375, 13.0000834], [77.6777851, 13.0000975], [77.6797633, 13.0001887], [77.680301, 13.0001814], [77.680412, 13.0001717], [77.6805221, 13.0001549], [77.6806309, 13.0001311], [77.6807377, 13.0001003], [77.6808422, 13.0000626], [77.680944, 13.0000183], [77.6810483, 12.9999643], [77.6811484, 12.9999033], [77.6812439, 12.9998356], [77.6813343, 12.9997615], [77.6814191, 12.9996815], [77.681498, 12.9995958], [77.6817178, 12.9992895]]}}, {"type": "Feature", "properties": {"id": "way/458947098", "name": "Namma Metro - Phase 2A", "line": "Namma Metro - Phase 2A", "source": "OpenStreetMap", "kind": "metro_line"}, "geometry": {"type": "LineString", "coordinates": [[77.6582802, 12.9225961], [77.6556547, 12.9234832], [77.6514917, 12.9243225], [77.6510028, 12.9244123], [77.6506866, 12.9244537], [77.6497028, 12.9244336], [77.6487168, 12.9243671], [77.6480195, 12.924278], [77.6475821, 12.9241204], [77.6469215, 12.9238068], [77.6459341, 12.9229904], [77.6442084, 12.9212889], [77.6410935, 12.9175222], [77.6400483, 12.9165795], [77.6396316, 12.9163525], [77.6387214, 12.9160338], [77.6383462, 12.915946], [77.6381473, 12.9159199], [77.6379767, 12.9159176], [77.6357427, 12.9161945], [77.628552, 12.9168658], [77.6277414, 12.917079], [77.6258445, 12.9176288], [77.6257063, 12.9176562], [77.6255562, 12.9176801], [77.6254051, 12.9176962], [77.6252533, 12.9177045], [77.6251154, 12.9177052], [77.6249777, 12.9176995], [77.6248405, 12.9176875], [77.6247051, 12.9176692]]}}, {"type": "Feature", "properties": {"id": "way/458948592", "name": "Namma Metro - Reach 1A", "line": "Namma Metro - Reach 1A", "source": "OpenStreetMap", "kind": "metro_line"}, "geometry": {"type": "LineString", "coordinates": [[77.7120314, 12.9780405], [77.7123254, 12.9780033], [77.7131725, 12.9778967], [77.7145125, 12.9777202], [77.7149061, 12.977661], [77.715061, 12.9776292], [77.7158014, 12.9775263], [77.7163397, 12.9774383], [77.716667, 12.9774048], [77.7175168, 12.977325], [77.7185912, 12.9772614], [77.7198403, 12.9771469], [77.721651, 12.9769499], [77.7226598, 12.9768472], [77.7228115, 12.9768276], [77.7229506, 12.9767991], [77.7230798, 12.9767743], [77.7231681, 12.9767585], [77.7232637, 12.9767414], [77.7235906, 12.9766976], [77.7243495, 12.9766126], [77.7255885, 12.9765149]]}}, {"type": "Feature", "properties": {"id": "way/458948598", "name": "Namma Metro - Reach 1A", "line": "Namma Metro - Reach 1A", "source": "OpenStreetMap", "kind": "metro_line"}, "geometry": {"type": "LineString", "coordinates": [[77.7015918, 12.9939889], [77.7021063, 12.993826], [77.7026603, 12.9936762], [77.702999, 12.9935869], [77.7032966, 12.9935165], [77.703632, 12.9934317], [77.7037157, 12.9934103], [77.7042378, 12.993256], [77.7044713, 12.9931926], [77.7047836, 12.9931124], [77.7052202, 12.9930178], [77.7056082, 12.9929816], [77.7060558, 12.9929704], [77.7068911, 12.9929255], [77.7075238, 12.9928995], [77.7085889, 12.9928606], [77.7094205, 12.9928222], [77.7100348, 12.9928145], [77.7103669, 12.9928119], [77.7105796, 12.9928092], [77.710798, 12.99279], [77.7112384, 12.992683], [77.7115914, 12.992607], [77.7121025, 12.9924501], [77.7127915, 12.9922343], [77.7133551, 12.9919834], [77.7135442, 12.9918709], [77.7136617, 12.9917563], [77.713819, 12.9914749], [77.7138888, 12.9913501], [77.7139002, 12.9911631], [77.7139108, 12.9909934], [77.7139123, 12.9908379], [77.7139043, 12.9907235], [77.7138915, 12.9906047], [77.7138331, 12.9904612], [77.7137176, 12.990294], [77.7135586, 12.9901617], [77.7132745, 12.9899771], [77.7128079, 12.9896897], [77.712253, 12.9893718], [77.7118453, 12.9891327], [77.7113181, 12.9888208]]}}, {"type": "Feature", "properties": {"id": "way/458948600", "name": "Namma Metro - Reach 1A", "line": "Namma Metro - Reach 1A", "source": "OpenStreetMap", "kind": "metro_line"}, "geometry": {"type": "LineString", "coordinates": [[77.7083024, 12.9826328], [77.7084234, 12.9820637], [77.7086129, 12.9813697]]}}, {"type": "Feature", "properties": {"id": "way/458951602", "name": "Namma Metro - Reach 1A", "line": "Namma Metro - Reach 1A", "source": "OpenStreetMap", "kind": "metro_line"}, "geometry": {"type": "LineString", "coordinates": [[77.7273582, 12.9780451], [77.7273692, 12.9783549], [77.7273782, 12.978592], [77.7273684, 12.978808], [77.7273378, 12.9793403], [77.7273309, 12.9795468], [77.7273354, 12.9796888], [77.727359, 12.9799936], [77.7273877, 12.9801595], [77.7274295, 12.9803512], [77.7274963, 12.9807354], [77.7275514, 12.9810198], [77.7276813, 12.9815671], [77.727777, 12.9819994], [77.7278298, 12.9822191], [77.7278902, 12.9824329], [77.7280957, 12.9829329], [77.7282764, 12.983274], [77.7284809, 12.9835682], [77.7287039, 12.9838597], [77.7290455, 12.9842791], [77.7295243, 12.9848511], [77.7297323, 12.9850841], [77.7299941, 12.9853615], [77.7302323, 12.9855751], [77.7304264, 12.985721], [77.7306081, 12.9858402], [77.7314935, 12.9863465], [77.7317138, 12.98648], [77.7318687, 12.986603], [77.731955, 12.9866817], [77.7320834, 12.9868116], [77.7321671, 12.9869178], [77.732512, 12.9874124], [77.7327049, 12.9876042], [77.7328002, 12.9876726], [77.7328857, 12.987724], [77.7329743, 12.9877694], [77.7331483, 12.9878407], [77.7333139, 12.9878802], [77.7334369, 12.9878925], [77.7335902, 12.9878866], [77.7339609, 12.9878427], [77.7349683, 12.9876844], [77.7352886, 12.987641]]}}, {"type": "Feature", "properties": {"id": "way/458951605", "name": "Namma Metro - Reach 1A", "line": "Namma Metro - Reach 1A", "source": "OpenStreetMap", "kind": "metro_line"}, "geometry": {"type": "LineString", "coordinates": [[77.7399579, 12.9875824], [77.7400572, 12.9875744], [77.7401435, 12.9875654], [77.7403078, 12.9875335], [77.7439291, 12.9866079], [77.7452784, 12.9862578], [77.7455102, 12.9861916], [77.7458334, 12.9860795], [77.7465715, 12.9857936], [77.7470097, 12.9856238]]}}, {"type": "Feature", "properties": {"id": "way/458951609", "name": "Namma Metro - Reach 1A", "line": "Namma Metro - Reach 1A", "source": "OpenStreetMap", "kind": "metro_line"}, "geometry": {"type": "LineString", "coordinates": [[77.7255885, 12.9765149], [77.7261093, 12.9764606], [77.7262479, 12.9764607], [77.7263672, 12.9764711], [77.7264837, 12.9764929], [77.7265932, 12.9765259], [77.7267153, 12.9765765], [77.7267928, 12.9766158], [77.7268573, 12.9766569], [77.7269227, 12.9767058], [77.726986, 12.9767665], [77.7270693, 12.9768498], [77.7271321, 12.9769283], [77.7271929, 12.9770224], [77.7272568, 12.9771445], [77.7272893, 12.9772253], [77.7273208, 12.9773463], [77.7273398, 12.9774713], [77.7273582, 12.9780451]]}}, {"type": "Feature", "properties": {"id": "way/469398745", "name": "Metro", "line": "metro", "source": "OpenStreetMap", "kind": "metro_line"}, "geometry": {"type": "LineString", "coordinates": [[77.6533149, 12.9907383], [77.6538334, 12.9908807]]}}, {"type": "Feature", "properties": {"id": "way/469398748", "name": "Metro", "line": "metro", "source": "OpenStreetMap", "kind": "metro_line"}, "geometry": {"type": "LineString", "coordinates": [[77.6491816, 12.9894034], [77.6504823, 12.9899722]]}}, {"type": "Feature", "properties": {"id": "way/469398750", "name": "Metro", "line": "metro", "source": "OpenStreetMap", "kind": "metro_line"}, "geometry": {"type": "LineString", "coordinates": [[77.6549984, 12.9910619], [77.6547428, 12.9909917], [77.6535964, 12.9906711], [77.6535236, 12.9906537], [77.6534509, 12.9906384], [77.6533668, 12.990626], [77.6530809, 12.990588], [77.6526916, 12.9905364], [77.6525887, 12.9905229], [77.6525038, 12.9905066], [77.6524197, 12.9904882]]}}, {"type": "Feature", "properties": {"id": "way/469398753", "name": "Metro", "line": "metro", "source": "OpenStreetMap", "kind": "metro_line"}, "geometry": {"type": "LineString", "coordinates": [[77.6523226, 12.990462], [77.6522257, 12.9904287], [77.6521389, 12.9903932], [77.652076, 12.9903625], [77.6519894, 12.9903147], [77.6517982, 12.9902007], [77.6516544, 12.9901094], [77.6515902, 12.9900673], [77.651511, 12.9900113], [77.6514407, 12.9899477], [77.6513869, 12.9898909], [77.6513292, 12.9898244], [77.651272, 12.989745], [77.6511798, 12.9896064], [77.6510963, 12.9894667], [77.6510521, 12.9894042], [77.6510063, 12.989349], [77.650927, 12.9892679], [77.6508745, 12.9892197], [77.650818, 12.9891764], [77.6507536, 12.989131], [77.650675, 12.9890802], [77.6506043, 12.9890435], [77.650531, 12.9890109], [77.6505192, 12.9890057]]}}, {"type": "Feature", "properties": {"id": "way/469398754", "name": "Metro", "line": "metro", "source": "OpenStreetMap", "kind": "metro_line"}, "geometry": {"type": "LineString", "coordinates": [[77.6492276, 12.9893037], [77.6505284, 12.9898725]]}}, {"type": "Feature", "properties": {"id": "way/469398756", "name": "Metro", "line": "metro", "source": "OpenStreetMap", "kind": "metro_line"}, "geometry": {"type": "LineString", "coordinates": [[77.6530809, 12.990588], [77.6532117, 12.9906117], [77.6533054, 12.9906348], [77.6540253, 12.9908411], [77.6542952, 12.9909151], [77.6550026, 12.9911089]]}}, {"type": "Feature", "properties": {"id": "way/494676178", "name": "Namma Metro - Reach 1A", "line": "Namma Metro - Reach 1A", "source": "OpenStreetMap", "kind": "metro_line"}, "geometry": {"type": "LineString", "coordinates": [[77.7509219, 12.9842344], [77.7510922, 12.984197], [77.7512613, 12.9841756], [77.7514017, 12.9841669], [77.7515485, 12.9841747], [77.751711, 12.9842038], [77.7518697, 12.9842473], [77.7520432, 12.9843111], [77.7521693, 12.9843658], [77.7523407, 12.9844606], [77.7524924, 12.9845633], [77.7526407, 12.9846943], [77.7527826, 12.984846], [77.7529214, 12.9850355]]}}, {"type": "Feature", "properties": {"id": "way/507431306", "name": "Pink Line (Nagawara - Kalena Agrahara)", "line": "Pink Line (Nagawara - Kalena Agrahara)", "source": "OpenStreetMap", "kind": "metro_line"}, "geometry": {"type": "LineString", "coordinates": [[77.6021827, 12.9833171], [77.6018474, 12.9847942], [77.6018536, 12.9850711], [77.6019568, 12.9857418], [77.6021768, 12.9862488], [77.6025523, 12.9867663], [77.6030458, 12.9871636], [77.6037593, 12.9876445], [77.6046873, 12.9881829], [77.6052345, 12.988716], [77.6054973, 12.9890767], [77.6056475, 12.9895628], [77.6060461, 12.99112], [77.6062779, 12.9919088]]}}, {"type": "Feature", "properties": {"id": "way/508711042", "name": "Namma Metro - Underground UG1", "line": "Namma Metro - Underground UG1", "source": "OpenStreetMap", "kind": "metro_line"}, "geometry": {"type": "LineString", "coordinates": [[77.6015458, 12.9772188], [77.6013929, 12.9775725], [77.6009417, 12.9788195]]}}, {"type": "Feature", "properties": {"id": "way/513335365", "name": "Yellow Line (RV Road - Bommasandra)", "line": "Yellow Line (RV Road - Bommasandra)", "source": "OpenStreetMap", "kind": "metro_line"}, "geometry": {"type": "LineString", "coordinates": [[77.6216107, 12.9169198], [77.6217101, 12.9169501], [77.6218115, 12.9169726], [77.6219146, 12.9169873], [77.6220184, 12.9169939], [77.6221225, 12.9169926], [77.6222262, 12.9169832], [77.6223287, 12.9169659], [77.6224296, 12.9169408], [77.6225281, 12.9169079], [77.6226209, 12.9168688], [77.6227105, 12.9168229], [77.6227961, 12.9167704], [77.6228774, 12.9167117], [77.6229537, 12.9166471], [77.6230248, 12.9165769], [77.6230901, 12.9165016], [77.6231493, 12.9164217], [77.6241354, 12.9146328], [77.6245169, 12.913904], [77.6249592, 12.9132082], [77.6253591, 12.912572], [77.6257373, 12.9119217], [77.6265042, 12.9106217], [77.6267043, 12.910304], [77.6269336, 12.9099406], [77.6290141, 12.9065644], [77.6301871, 12.9046464], [77.630451, 12.9042313], [77.6307047, 12.9038321], [77.6322415, 12.9013317], [77.6328666, 12.9003404], [77.6342124, 12.89815], [77.6355179, 12.8959546], [77.636604, 12.8942937], [77.6377442, 12.8924261], [77.6388638, 12.8905484], [77.63947, 12.8895614], [77.6401861, 12.8884423], [77.6429396, 12.8839707], [77.6448028, 12.8809349], [77.6451067, 12.8804315], [77.6455692, 12.8796651], [77.6464115, 12.8782921], [77.6469479, 12.8773573], [77.6472322, 12.8769402], [77.6474603, 12.8766448], [77.6495352, 12.8743339], [77.6506094, 12.8731271], [77.6517427, 12.8716458], [77.6520095, 12.8713203], [77.6524979, 12.8707184], [77.6527461, 12.8703997], [77.6529909, 12.8700725], [77.6532427, 12.8697507], [77.6573064, 12.8646247], [77.6578927, 12.8639524], [77.6581956, 12.8635659], [77.6587439, 12.8628664], [77.6597196, 12.8616576], [77.6605906, 12.8605345], [77.661577, 12.859178], [77.6618458, 12.858781], [77.6624071, 12.857952], [77.6628562, 12.8573291], [77.6636413, 12.8563854], [77.6637352, 12.8562795], [77.6641411, 12.855822], [77.6645744, 12.8554046], [77.6649217, 12.8550284], [77.6653963, 12.8544176], [77.6665847, 12.8528881], [77.6674859, 12.8516495], [77.6684448, 12.8504417], [77.6698688, 12.8485803], [77.6702175, 12.8480691], [77.6704948, 12.8475484], [77.670854, 12.8469771], [77.6714519, 12.8460892], [77.6717026, 12.8457169], [77.671849, 12.8455327], [77.6720701, 12.8453354], [77.6721317, 12.8452759], [77.6725738, 12.8449742], [77.6728503, 12.8447418], [77.6731078, 12.844499], [77.6739674, 12.843568], [77.6743202, 12.8431715], [77.6746434, 12.8427557], [77.6752911, 12.8419228], [77.6765625, 12.8402546], [77.6777338, 12.8387166], [77.677866, 12.838543], [77.6782255, 12.8380226], [77.6783743, 12.8377568], [77.6788209, 12.8366916], [77.6791763, 12.8358138], [77.6795116, 12.834921], [77.6801097, 12.8332718], [77.6803109, 12.8324114], [77.680563, 12.8315657], [77.68074, 12.8310191], [77.6812499, 12.8295021], [77.6815497, 12.8285866], [77.6817429, 12.8279964], [77.6819175, 12.8275863], [77.6821039, 12.8271734], [77.6826964, 12.8260415], [77.6831752, 12.8251262], [77.683595, 12.8245626], [77.6851445, 12.8229141], [77.6859542, 12.8220526], [77.6868743, 12.8210794], [77.6877575, 12.820076], [77.6883479, 12.8194273], [77.688657, 12.8190878]]}}, {"type": "Feature", "properties": {"id": "way/537962221", "name": "Namma Metro - Reach 1B", "line": "Namma Metro - Reach 1B", "source": "OpenStreetMap", "kind": "metro_line"}, "geometry": {"type": "LineString", "coordinates": [[77.6684788, 12.996496], [77.6686459, 12.9965736], [77.6688175, 12.9966494], [77.668943, 12.9967094], [77.6690977, 12.9967564], [77.6693234, 12.9968243], [77.6694928, 12.9968729], [77.6696163, 12.9968978], [77.6697376, 12.9969215], [77.6698791, 12.9969274], [77.6699698, 12.9969228], [77.6700655, 12.9969262], [77.6701625, 12.9969267], [77.670269, 12.9969393], [77.6704098, 12.996982], [77.670889, 12.9972048], [77.6713393, 12.9974231], [77.671807, 12.9976526], [77.6720651, 12.9977741], [77.6722184, 12.9978515], [77.6725529, 12.9980144], [77.6727326, 12.9981007], [77.6732405, 12.9983497], [77.673625, 12.9985414], [77.6739379, 12.9986939], [77.6743078, 12.9988744], [77.6745484, 12.9989813], [77.6749532, 12.9991862], [77.6752501, 12.9993221], [77.6754647, 12.9994295], [77.6760165, 12.9996776], [77.6762081, 12.9997609], [77.6763723, 12.9998046], [77.6765217, 12.9998284], [77.6766417, 12.9998419], [77.6768299, 12.9998537]]}}, {"type": "Feature", "properties": {"id": "way/549187816", "name": "Namma Metro - Reach 1A", "line": "Namma Metro - Reach 1A", "source": "OpenStreetMap", "kind": "metro_line"}, "geometry": {"type": "LineString", "coordinates": [[77.7538642, 12.9872074], [77.7541783, 12.987924], [77.754268, 12.9881407], [77.7547782, 12.9893615], [77.7548917, 12.9896483], [77.7550219, 12.9898961], [77.7551473, 12.9901079], [77.7552675, 12.9902928], [77.7553975, 12.9904727], [77.7564014, 12.9917949], [77.7567758, 12.9922837], [77.7568644, 12.9924126], [77.7569353, 12.9925285], [77.7569867, 12.9926106], [77.7570506, 12.9927415], [77.7570973, 12.9928452], [77.7571491, 12.9929885], [77.7574622, 12.9939881], [77.7575148, 12.9941581], [77.7578215, 12.99519], [77.7580968, 12.9962173]]}}, {"type": "Feature", "properties": {"id": "way/549187817", "name": "Namma Metro - Reach 1A", "line": "Namma Metro - Reach 1A", "source": "OpenStreetMap", "kind": "metro_line"}, "geometry": {"type": "LineString", "coordinates": [[77.7529214, 12.9850355], [77.7530953, 12.9853592], [77.753314, 12.9858857], [77.7536657, 12.986735], [77.7538642, 12.9872074]]}}, {"type": "Feature", "properties": {"id": "way/549187818", "name": "Namma Metro - Reach 1A", "line": "Namma Metro - Reach 1A", "source": "OpenStreetMap", "kind": "metro_line"}, "geometry": {"type": "LineString", "coordinates": [[77.7470097, 12.9856238], [77.7481414, 12.9852024], [77.7489784, 12.984907], [77.7498704, 12.9846042], [77.7509219, 12.9842344]]}}, {"type": "Feature", "properties": {"id": "way/549187823", "name": "Namma Metro - Reach 1A", "line": "Namma Metro - Reach 1A", "source": "OpenStreetMap", "kind": "metro_line"}, "geometry": {"type": "LineString", "coordinates": [[77.7086129, 12.9813697], [77.7088149, 12.9806449], [77.7089169, 12.980285], [77.708992, 12.9800198], [77.7092334, 12.9791939], [77.7093413, 12.9789214], [77.7094418, 12.9787361], [77.7094817, 12.9786833], [77.7096132, 12.9785288], [77.709764, 12.9784331], [77.7099149, 12.978352], [77.7100378, 12.9783069], [77.7102015, 12.9782504], [77.710287, 12.9782281], [77.7104473, 12.9782074], [77.710742, 12.9782041], [77.7111972, 12.9781466], [77.7120314, 12.9780405]]}}, {"type": "Feature", "properties": {"id": "way/549187824", "name": "Namma Metro - Reach 1A", "line": "Namma Metro - Reach 1A", "source": "OpenStreetMap", "kind": "metro_line"}, "geometry": {"type": "LineString", "coordinates": [[77.7113181, 12.9888208], [77.7104193, 12.9883115], [77.7099132, 12.9880405], [77.7096804, 12.9878986], [77.7094985, 12.9877548], [77.7092611, 12.9875285], [77.709128, 12.9873311], [77.709003, 12.9871169], [77.708657, 12.9865126], [77.7085306, 12.9861865], [77.7083993, 12.9858203], [77.7083398, 12.9855473], [77.7082865, 12.985235], [77.7082684, 12.9849389], [77.7082503, 12.9846851], [77.7082151, 12.9843032], [77.7082196, 12.9841232]]}}, {"type": "Feature", "properties": {"id": "way/549187827", "name": "Namma Metro - Reach 1B", "line": "Namma Metro - Reach 1B", "source": "OpenStreetMap", "kind": "metro_line"}, "geometry": {"type": "LineString", "coordinates": [[77.664851, 12.9952827], [77.6650278, 12.9953008], [77.6651895, 12.9953282], [77.6653486, 12.9953574], [77.6654861, 12.9953881], [77.6658958, 12.9955049], [77.6662499, 12.9956073], [77.6666321, 12.9957325], [77.6674281, 12.9960274], [77.6679336, 12.9962416], [77.6681911, 12.9963566], [77.6684788, 12.996496]]}}, {"type": "Feature", "properties": {"id": "way/549187829", "name": "Namma Metro - Reach 1", "line": "Namma Metro - Reach 1", "source": "OpenStreetMap", "kind": "metro_line"}, "geometry": {"type": "LineString", "coordinates": [[77.6386592, 12.9783079], [77.6377533, 12.9782793], [77.63294, 12.9781272], [77.6326489, 12.9781337], [77.629437, 12.9784287], [77.6291733, 12.978454], [77.6289832, 12.9784271], [77.6288118, 12.9783641], [77.6286152, 12.9782476], [77.6283756, 12.9781203], [77.6280838, 12.9779386], [77.627759, 12.9777517], [77.6274857, 12.9775419], [77.6272588, 12.977322], [77.626705, 12.9764915]]}}, {"type": "Feature", "properties": {"id": "way/549187830", "name": "Namma Metro - Reach 1", "line": "Namma Metro - Reach 1", "source": "OpenStreetMap", "kind": "metro_line"}, "geometry": {"type": "LineString", "coordinates": [[77.626705, 12.9764915], [77.6264096, 12.9760818], [77.6262116, 12.9758296], [77.6260529, 12.9756054], [77.6258797, 12.9754185], [77.6252884, 12.9750071], [77.6249491, 12.9747815], [77.6225043, 12.9733037], [77.6220537, 12.9730936], [77.6217152, 12.9729616], [77.6213265, 12.9728353], [77.6208499, 12.9727195], [77.6205889, 12.9726882], [77.620255, 12.9726626], [77.6199919, 12.9726435], [77.6195914, 12.9726226], [77.6191252, 12.9725959], [77.618827, 12.972616], [77.6186065, 12.9726416], [77.6184067, 12.9726754], [77.617013, 12.9729953]]}}, {"type": "Feature", "properties": {"id": "way/549187831", "name": "Namma Metro - Reach 1", "line": "Namma Metro - Reach 1", "source": "OpenStreetMap", "kind": "metro_line"}, "geometry": {"type": "LineString", "coordinates": [[77.617013, 12.9729953], [77.6127428, 12.9739738], [77.6123712, 12.9740763], [77.6119082, 12.9742013], [77.6115725, 12.9742823], [77.6112904, 12.9743468], [77.6092507, 12.9748314], [77.6088569, 12.9749315], [77.6084978, 12.9750458], [77.6082395, 12.9751438], [77.6079815, 12.975212], [77.6062979, 12.9756285]]}}, {"type": "Feature", "properties": {"id": "way/549187832", "name": "Namma Metro - Reach 1", "line": "Namma Metro - Reach 1", "source": "OpenStreetMap", "kind": "metro_line"}, "geometry": {"type": "LineString", "coordinates": [[77.6062979, 12.9756285], [77.6056543, 12.9757829], [77.605299, 12.9758684], [77.6050209, 12.9759353], [77.6030191, 12.9764004], [77.6026037, 12.9764969], [77.6023598, 12.976562], [77.6021549, 12.9766516], [77.6019036, 12.9767963], [77.6017306, 12.976942], [77.6015458, 12.9772188]]}}, {"type": "Feature", "properties": {"id": "way/549187834", "name": "Namma Metro - Underground UG1", "line": "Namma Metro - Underground UG1", "source": "OpenStreetMap", "kind": "metro_line"}, "geometry": {"type": "LineString", "coordinates": [[77.6009417, 12.9788195], [77.6007978, 12.9790971], [77.600684, 12.9792724], [77.6005564, 12.9794355], [77.6004282, 12.9796079], [77.6003258, 12.9797387], [77.6002246, 12.979846], [77.600073, 12.9799772], [77.5999234, 12.9800694], [77.599748, 12.9801376], [77.5986276, 12.980572], [77.5984083, 12.980656], [77.597562, 12.9808954]]}}, {"type": "Feature", "properties": {"id": "way/549187836", "name": "Namma Metro - Underground UG1", "line": "Namma Metro - Underground UG1", "source": "OpenStreetMap", "kind": "metro_line"}, "geometry": {"type": "LineString", "coordinates": [[77.5911088, 12.9779727], [77.590833, 12.9777625], [77.5906246, 12.9776261], [77.5903103, 12.9774668], [77.5878889, 12.9761897], [77.5872296, 12.9759106], [77.5865498, 12.9756398], [77.586462, 12.9756035], [77.5851813, 12.9750422], [77.5849855, 12.9749481], [77.5842326, 12.9745014]]}}, {"type": "Feature", "properties": {"id": "way/549187839", "name": "Namma Metro - Underground UG1", "line": "Namma Metro - Underground UG1", "source": "OpenStreetMap", "kind": "metro_line"}, "geometry": {"type": "LineString", "coordinates": [[77.5653792, 12.9758581], [77.5651602, 12.9758317], [77.5634133, 12.9756402]]}}, {"type": "Feature", "properties": {"id": "way/549187840", "name": "Namma Metro - Reach 2", "line": "Namma Metro - Reach 2", "source": "OpenStreetMap", "kind": "metro_line"}, "geometry": {"type": "LineString", "coordinates": [[77.5553564, 12.975608], [77.5556391, 12.9756176], [77.5559117, 12.9756205], [77.5562067, 12.9756257], [77.5564974, 12.9756385], [77.5568745, 12.9756535], [77.5572138, 12.9756783], [77.5575517, 12.9756979], [77.5577569, 12.9757071], [77.558182, 12.9757384], [77.5585374, 12.9757606], [77.558929, 12.9757802], [77.5591932, 12.9757776], [77.559672, 12.9757685], [77.5600596, 12.9757646], [77.5603759, 12.9757464], [77.5606269, 12.9757201], [77.5611258, 12.9756992], [77.5617293, 12.9756678], [77.5623185, 12.9756026], [77.5626742, 12.9755937], [77.562966, 12.9756099], [77.5634133, 12.9756402]]}}, {"type": "Feature", "properties": {"id": "way/549187841", "name": "Namma Metro - Reach 2", "line": "Namma Metro - Reach 2", "source": "OpenStreetMap", "kind": "metro_line"}, "geometry": {"type": "LineString", "coordinates": [[77.5374285, 12.9709391], [77.5377307, 12.9717735], [77.5378241, 12.972], [77.5379138, 12.9721832], [77.5380255, 12.9723654], [77.5382076, 12.9725915], [77.5383747, 12.9727569], [77.5385995, 12.972932], [77.5389007, 12.9730979], [77.5394049, 12.9732386], [77.5418227, 12.973744], [77.5433912, 12.9740582], [77.5440739, 12.9741358], [77.5445572, 12.9741757], [77.5456189, 12.9741737]]}}, {"type": "Feature", "properties": {"id": "way/549187842", "name": "Namma Metro - Reach 2", "line": "Namma Metro - Reach 2", "source": "OpenStreetMap", "kind": "metro_line"}, "geometry": {"type": "LineString", "coordinates": [[77.5335932, 12.9618581], [77.5353741, 12.965844], [77.5359522, 12.9670023], [77.5362194, 12.9675838], [77.5364583, 12.9681721], [77.5367153, 12.9688614], [77.536883, 12.9693528], [77.5369872, 12.9696583], [77.5374285, 12.9709391]]}}, {"type": "Feature", "properties": {"id": "way/549187843", "name": "Namma Metro - Reach 2", "line": "Namma Metro - Reach 2", "source": "OpenStreetMap", "kind": "metro_line"}, "geometry": {"type": "LineString", "coordinates": [[77.5370399, 12.9520466], [77.5372034, 12.951556], [77.5373429, 12.9511939], [77.5373698, 12.9510652], [77.5373746, 12.9510423], [77.537387, 12.9508561], [77.5373769, 12.9506392], [77.5373384, 12.9504502], [77.5372921, 12.9502855], [77.5371611, 12.9500166], [77.5369484, 12.9497616], [77.536344, 12.9491907], [77.5360304, 12.948934], [77.5349885, 12.9482851], [77.5347744, 12.948174], [77.5344399, 12.9480489], [77.5341284, 12.9479608], [77.5326658, 12.9475653], [77.5309019, 12.9470179], [77.5300896, 12.9466619]]}}, {"type": "Feature", "properties": {"id": "way/549187844", "name": "Namma Metro - Reach 2", "line": "Namma Metro - Reach 2", "source": "OpenStreetMap", "kind": "metro_line"}, "geometry": {"type": "LineString", "coordinates": [[77.5300896, 12.9466619], [77.529269, 12.9462909], [77.5289894, 12.9461185], [77.5287581, 12.945976]]}}, {"type": "Feature", "properties": {"id": "way/549187845", "name": "Namma Metro - Reach 2A", "line": "Namma Metro - Reach 2A", "source": "OpenStreetMap", "kind": "metro_line"}, "geometry": {"type": "LineString", "coordinates": [[77.5263536, 12.9434117], [77.5257428, 12.9425861], [77.525377, 12.9420299], [77.525127, 12.9416608]]}}, {"type": "Feature", "properties": {"id": "way/549187846", "name": "Namma Metro - Reach 2A", "line": "Namma Metro - Reach 2A", "source": "OpenStreetMap", "kind": "metro_line"}, "geometry": {"type": "LineString", "coordinates": [[77.5196666, 12.9366362], [77.5190245, 12.9363917], [77.5188419, 12.9363423], [77.5186947, 12.9363064], [77.5185293, 12.9362847], [77.5183635, 12.9362743], [77.5180816, 12.9362903], [77.5178878, 12.9362903], [77.5176606, 12.9362884], [77.5174542, 12.9362928], [77.5172477, 12.9362907], [77.5172131, 12.9362892], [77.5170146, 12.9362804], [77.5167819, 12.9362619], [77.5165502, 12.9362351], [77.5155147, 12.9360899], [77.515099, 12.9360598], [77.5142394, 12.9360102], [77.5138383, 12.9359304], [77.5135063, 12.9358029], [77.512825, 12.9355454]]}}, {"type": "Feature", "properties": {"id": "way/549187847", "name": "Namma Metro - Reach 2A", "line": "Namma Metro - Reach 2A", "source": "OpenStreetMap", "kind": "metro_line"}, "geometry": {"type": "LineString", "coordinates": [[77.525127, 12.9416608], [77.5248621, 12.9411822], [77.5247066, 12.9409313], [77.5240969, 12.9400848], [77.5234942, 12.9394256], [77.5229778, 12.9389489], [77.5228544, 12.9388705], [77.5221858, 12.9384214], [77.5217637, 12.938153], [77.5214636, 12.9378843], [77.5211697, 12.9375428], [77.5209059, 12.9372049], [77.5205792, 12.9369532], [77.5196666, 12.9366362]]}}, {"type": "Feature", "properties": {"id": "way/549187848", "name": "Namma Metro - Reach 2A", "line": "Namma Metro - Reach 2A", "source": "OpenStreetMap", "kind": "metro_line"}, "geometry": {"type": "LineString", "coordinates": [[77.4833364, 12.9103182], [77.4826619, 12.9103397], [77.4825087, 12.9103333], [77.4824726, 12.9103301], [77.4823561, 12.9103196], [77.4822043, 12.9102985], [77.4820538, 12.9102701], [77.4819048, 12.9102345], [77.4817579, 12.9101918], [77.4816133, 12.9101421], [77.4814644, 12.9100825], [77.4813188, 12.9100155], [77.4811769, 12.9099411], [77.4810392, 12.9098598], [77.480906, 12.9097715], [77.4807777, 12.9096767], [77.4806546, 12.9095755], [77.480538, 12.9094887], [77.4804171, 12.9094134], [77.4802192, 12.9092929], [77.480085, 12.9092287], [77.4799941, 12.9091915], [77.4789912, 12.9088108], [77.4788066, 12.9087528], [77.4786989, 12.9087271], [77.4782172, 12.9086465], [77.4780529, 12.9086177], [77.4778906, 12.9085796], [77.4777308, 12.9085324], [77.4775925, 12.9084834], [77.4774569, 12.9084276], [77.4773244, 12.908365], [77.4765871, 12.9078971], [77.4759815, 12.9075723], [77.4758223, 12.9074713], [77.4757168, 12.9074198], [77.4756449, 12.9073791], [77.475485, 12.9073125], [77.47535, 12.9072512], [77.4748905, 12.9071541], [77.4739485, 12.906955], [77.473819, 12.9069053], [77.4736922, 12.9068495], [77.4735684, 12.9067876], [77.4734576, 12.9067256], [77.4733498, 12.9066587], [77.4732453, 12.9065872]]}}, {"type": "Feature", "properties": {"id": "way/549256469", "name": "Namma Metro - Reach 4B", "line": "Namma Metro - Reach 4B", "source": "OpenStreetMap", "kind": "metro_line"}, "geometry": {"type": "LineString", "coordinates": [[77.5455999, 12.8794146], [77.5448072, 12.8775221], [77.5444246, 12.8766284], [77.5441844, 12.8761403], [77.5439311, 12.8758213], [77.543658, 12.8755361], [77.5433884, 12.8753154], [77.5429577, 12.8750538], [77.5423538, 12.8747967], [77.5412876, 12.8743119], [77.541002, 12.8741433], [77.5407012, 12.8739539], [77.5403602, 12.8736735], [77.540106, 12.8734354], [77.539826, 12.8731484], [77.538419, 12.8713916], [77.5378837, 12.8707251], [77.5367491, 12.8693086], [77.5365886, 12.8691171], [77.5350065, 12.8670555]]}}, {"type": "Feature", "properties": {"id": "way/549256470", "name": "Namma Metro - Reach 4B", "line": "Namma Metro - Reach 4B", "source": "OpenStreetMap", "kind": "metro_line"}, "geometry": {"type": "LineString", "coordinates": [[77.5568757, 12.8858898], [77.5562482, 12.8857094], [77.5559889, 12.8856367], [77.5549214, 12.8852865], [77.552925, 12.8846652], [77.5527796, 12.8846245], [77.5511006, 12.8841215], [77.5503576, 12.8839021], [77.5495993, 12.8837093], [77.548092, 12.8833326], [77.5477886, 12.8832503], [77.5475216, 12.8831324], [77.5473191, 12.8830216], [77.5471404, 12.8828975], [77.5470185, 12.8827483], [77.5468242, 12.8823955], [77.5465144, 12.8816785], [77.5455999, 12.8794146]]}}, {"type": "Feature", "properties": {"id": "way/549256471", "name": "Namma Metro - Reach 4B", "line": "Namma Metro - Reach 4B", "source": "OpenStreetMap", "kind": "metro_line"}, "geometry": {"type": "LineString", "coordinates": [[77.563618, 12.8897372], [77.5634887, 12.8896241], [77.5627011, 12.8889432], [77.5618091, 12.8881719], [77.561521, 12.8879304], [77.5612116, 12.8877215], [77.5604136, 12.8871348], [77.5599738, 12.8869171], [77.5592789, 12.8866668], [77.5590708, 12.8866017], [77.5579868, 12.8862606], [77.5577428, 12.8861991], [77.5568757, 12.8858898]]}}, {"type": "Feature", "properties": {"id": "way/549256472", "name": "Namma Metro - Reach 4B", "line": "Namma Metro - Reach 4B", "source": "OpenStreetMap", "kind": "metro_line"}, "geometry": {"type": "LineString", "coordinates": [[77.5661453, 12.8919891], [77.5653166, 12.8912755], [77.5644343, 12.8904835], [77.5639984, 12.8900878], [77.563618, 12.8897372]]}}, {"type": "Feature", "properties": {"id": "way/549256473", "name": "Namma Metro - Reach 4", "line": "Namma Metro - Reach 4", "source": "OpenStreetMap", "kind": "metro_line"}, "geometry": {"type": "LineString", "coordinates": [[77.57014, 12.8960361], [77.5695482, 12.8953693], [77.5692191, 12.8949932], [77.5687719, 12.8945321], [77.5682123, 12.8939458], [77.5674777, 12.8932211], [77.566717, 12.8925194], [77.5661453, 12.8919891]]}}, {"type": "Feature", "properties": {"id": "way/549256474", "name": "Namma Metro - Reach 4", "line": "Namma Metro - Reach 4", "source": "OpenStreetMap", "kind": "metro_line"}, "geometry": {"type": "LineString", "coordinates": [[77.5736205, 12.9152186], [77.5735324, 12.9147097], [77.5734666, 12.9142957], [77.5733963, 12.9139485], [77.5731936, 12.9131419], [77.5730428, 12.9126774], [77.5729914, 12.9124024], [77.5729324, 12.9120234], [77.5728903, 12.9116747], [77.5728853, 12.911436], [77.5729032, 12.9110064], [77.5729632, 12.908955], [77.5730029, 12.908457], [77.5730428, 12.9081566], [77.5731495, 12.9074812]]}}, {"type": "Feature", "properties": {"id": "way/549256475", "name": "Namma Metro - Reach 4", "line": "Namma Metro - Reach 4", "source": "OpenStreetMap", "kind": "metro_line"}, "geometry": {"type": "LineString", "coordinates": [[77.5802928, 12.9209581], [77.5802938, 12.9208529], [77.5802981, 12.9200726], [77.5802989, 12.9199257], [77.5803148, 12.9184579], [77.5803118, 12.9182905], [77.5803018, 12.9181857], [77.5802809, 12.9180802], [77.5802551, 12.9179686], [77.5802171, 12.9178572], [77.5801678, 12.917764], [77.580118, 12.9176861], [77.5800528, 12.9175914], [77.5799862, 12.9175159], [77.5799101, 12.9174423], [77.579833, 12.917381], [77.579732, 12.9173135], [77.579653, 12.917275], [77.5795342, 12.9172296], [77.5794194, 12.9171955], [77.5792943, 12.9171737], [77.5791414, 12.9171582], [77.5790061, 12.9171494], [77.5788522, 12.917148], [77.5786886, 12.9171503], [77.578504, 12.9171592], [77.5783373, 12.9171915], [77.5781702, 12.9172346], [77.5780173, 12.917279], [77.5778064, 12.9173643], [77.5776311, 12.9174354], [77.5774272, 12.9175082], [77.5772584, 12.9175579], [77.5770839, 12.9175874], [77.5768943, 12.9175923], [77.5754492, 12.9176202], [77.575098, 12.9176258], [77.5749269, 12.9176263], [77.5747854, 12.9176065], [77.5746198, 12.9175631], [77.5744928, 12.9175189], [77.5742651, 12.917387], [77.5741167, 12.9172677], [77.5739711, 12.9170846], [77.5738819, 12.9168967], [77.5738299, 12.9167244], [77.5736205, 12.9152186]]}}, {"type": "Feature", "properties": {"id": "way/549256476", "name": "Namma Metro - Reach 4", "line": "Namma Metro - Reach 4", "source": "OpenStreetMap", "kind": "metro_line"}, "geometry": {"type": "LineString", "coordinates": [[77.5801653, 12.9295069], [77.580222, 12.9271453], [77.580234, 12.9263713], [77.5802467, 12.9249156], [77.5802584, 12.9240241], [77.580266, 12.9234476], [77.5802816, 12.922131], [77.5802928, 12.9209581]]}}, {"type": "Feature", "properties": {"id": "way/549256477", "name": "Namma Metro - Reach 4", "line": "Namma Metro - Reach 4", "source": "OpenStreetMap", "kind": "metro_line"}, "geometry": {"type": "LineString", "coordinates": [[77.5800772, 12.938262], [77.5800942, 12.9359696], [77.5801102, 12.933122], [77.5801568, 12.9303039], [77.5801653, 12.9295069]]}}, {"type": "Feature", "properties": {"id": "way/549256478", "name": "Namma Metro - Reach 4", "line": "Namma Metro - Reach 4", "source": "OpenStreetMap", "kind": "metro_line"}, "geometry": {"type": "LineString", "coordinates": [[77.5800377, 12.9465345], [77.5800452, 12.9436048], [77.5800569, 12.9424057], [77.5800547, 12.9401626], [77.5800672, 12.9396168], [77.5800772, 12.938262]]}}, {"type": "Feature", "properties": {"id": "way/549256480", "name": "Namma Metro - Reach 4", "line": "Namma Metro - Reach 4", "source": "OpenStreetMap", "kind": "metro_line"}, "geometry": {"type": "LineString", "coordinates": [[77.573712, 12.9505258], [77.5737242, 12.9494821], [77.5737449, 12.9493575], [77.5737799, 12.949205], [77.5738436, 12.9490534], [77.573945, 12.9488821], [77.5740209, 12.948781], [77.5741316, 12.9486823], [77.5742416, 12.9486042], [77.5743602, 12.9485442], [77.5745575, 12.9484758], [77.5748298, 12.9484256], [77.575181, 12.9483819], [77.575457, 12.9483549], [77.5757287, 12.9483278], [77.5760185, 12.9483046], [77.5763652, 12.9482861], [77.5789767, 12.9483066], [77.579173, 12.9482687], [77.5793871, 12.9481888], [77.5796115, 12.9480478], [77.5797726, 12.9478968], [77.5798809, 12.9477264], [77.5799532, 12.9475898], [77.5799858, 12.9474701], [77.580015, 12.9473174], [77.5800233, 12.9470636], [77.5800377, 12.9465345]]}}, {"type": "Feature", "properties": {"id": "way/549256481", "name": "Namma Metro - Underground UG2", "line": "Namma Metro - Underground UG2", "source": "OpenStreetMap", "kind": "metro_line"}, "geometry": {"type": "LineString", "coordinates": [[77.5746822, 12.9608898], [77.5745083, 12.9598165], [77.5744982, 12.9597541], [77.5744822, 12.9596689], [77.5742278, 12.9589628], [77.5741322, 12.9586353], [77.5736864, 12.9574162], [77.5736347, 12.9572009], [77.5736139, 12.9569783], [77.5736287, 12.9567015], [77.5736692, 12.9559439]]}}, {"type": "Feature", "properties": {"id": "way/549256482", "name": "Namma Metro - Underground UG2", "line": "Namma Metro - Underground UG2", "source": "OpenStreetMap", "kind": "metro_line"}, "geometry": {"type": "LineString", "coordinates": [[77.5730388, 12.9750646], [77.5730207, 12.9739729], [77.5730094, 12.973602], [77.5730056, 12.9733182], [77.5746053, 12.9697021], [77.5747008, 12.9692985], [77.5746944, 12.9690094], [77.574589, 12.967471], [77.5745737, 12.966924], [77.5745388, 12.9656816], [77.5746054, 12.9650342], [77.5747378, 12.9645284], [77.5748486, 12.9641311], [77.5748898, 12.963897], [77.574918, 12.9636316], [77.5749312, 12.963372], [77.5748902, 12.9623025], [77.5746822, 12.9608898]]}}, {"type": "Feature", "properties": {"id": "way/549256483", "name": "Namma Metro - Reach 3", "line": "Namma Metro - Reach 3", "source": "OpenStreetMap", "kind": "metro_line"}, "geometry": {"type": "LineString", "coordinates": [[77.5707615, 12.9904754], [77.5710985, 12.990016], [77.5713958, 12.9896272], [77.5716442, 12.9892435], [77.5718103, 12.9888723], [77.5718806, 12.9886341], [77.5719447, 12.9883347]]}}, {"type": "Feature", "properties": {"id": "way/549256486", "name": "Namma Metro - Reach 3", "line": "Namma Metro - Reach 3", "source": "OpenStreetMap", "kind": "metro_line"}, "geometry": {"type": "LineString", "coordinates": [[77.5488245, 13.0080714], [77.5488152, 13.008011], [77.5487869, 13.0078254], [77.5487659, 13.0076885], [77.5487184, 13.0073775], [77.5486771, 13.0070267], [77.5486769, 13.0066782]]}}, {"type": "Feature", "properties": {"id": "way/549256487", "name": "Namma Metro - Reach 3", "line": "Namma Metro - Reach 3", "source": "OpenStreetMap", "kind": "metro_line"}, "geometry": {"type": "LineString", "coordinates": [[77.5540284, 13.0147177], [77.5540842, 13.0138608], [77.5540821, 13.0137634], [77.5540746, 13.0136669], [77.5540613, 13.0135687], [77.5540426, 13.0134725], [77.5540112, 13.0133768], [77.5539291, 13.0132221], [77.5538004, 13.013025], [77.5536298, 13.0128392], [77.5534474, 13.0127068], [77.5531494, 13.0125468], [77.5524062, 13.0121947], [77.5506818, 13.0112354], [77.5503277, 13.011041], [77.5501412, 13.0109189], [77.5500259, 13.010833], [77.5499186, 13.0107414], [77.5498074, 13.0106436], [77.5497093, 13.0105427], [77.5496103, 13.0104271], [77.5495183, 13.0103123], [77.5494275, 13.0101843], [77.5493456, 13.0100554], [77.549262, 13.0099113], [77.5491914, 13.0097639], [77.5491209, 13.0096041], [77.5490565, 13.0094195], [77.5490168, 13.0092702], [77.5489458, 13.0088654], [77.5488245, 13.0080714]]}}, {"type": "Feature", "properties": {"id": "way/549256488", "name": "Namma Metro - Reach 3", "line": "Namma Metro - Reach 3", "source": "OpenStreetMap", "kind": "metro_line"}, "geometry": {"type": "LineString", "coordinates": [[77.5539047, 13.0164311], [77.5539484, 13.0160068], [77.5539727, 13.015574], [77.5540284, 13.0147177]]}}, {"type": "Feature", "properties": {"id": "way/549256489", "name": "Namma Metro - Reach 3A", "line": "Namma Metro - Reach 3A", "source": "OpenStreetMap", "kind": "metro_line"}, "geometry": {"type": "LineString", "coordinates": [[77.5411923, 13.0282471], [77.5402105, 13.0287877], [77.5387549, 13.0296353], [77.5378618, 13.0301534], [77.537655, 13.0302857], [77.5366227, 13.0309461], [77.5354489, 13.0317443], [77.5332233, 13.0330515]]}}, {"type": "Feature", "properties": {"id": "way/549256490", "name": "Namma Metro - Reach 3A", "line": "Namma Metro - Reach 3A", "source": "OpenStreetMap", "kind": "metro_line"}, "geometry": {"type": "LineString", "coordinates": [[77.5332233, 13.0330515], [77.5310025, 13.034347], [77.5306268, 13.0345266], [77.5300958, 13.0347621], [77.5298137, 13.0348609], [77.5283755, 13.0352445], [77.5283044, 13.0352629], [77.5272521, 13.0355359], [77.5269858, 13.03562], [77.5266159, 13.0357645], [77.5262662, 13.0359417], [77.525528, 13.0363428]]}}, {"type": "Feature", "properties": {"id": "way/549256491", "name": "Namma Metro - Reach 3B", "line": "Namma Metro - Reach 3B", "source": "OpenStreetMap", "kind": "metro_line"}, "geometry": {"type": "LineString", "coordinates": [[77.5239477, 13.0371976], [77.5208388, 13.0388829], [77.5197626, 13.0394442]]}}, {"type": "Feature", "properties": {"id": "way/549256492", "name": "Namma Metro - Reach 3B", "line": "Namma Metro - Reach 3B", "source": "OpenStreetMap", "kind": "metro_line"}, "geometry": {"type": "LineString", "coordinates": [[77.5197626, 13.0394442], [77.5185366, 13.0401039], [77.5184203, 13.0401896], [77.5175499, 13.0409796], [77.5165298, 13.0419072], [77.5162253, 13.042052], [77.5125628, 13.0432956]]}}, {"type": "Feature", "properties": {"id": "way/549256493", "name": "Namma Metro - Reach 3B", "line": "Namma Metro - Reach 3B", "source": "OpenStreetMap", "kind": "metro_line"}, "geometry": {"type": "LineString", "coordinates": [[77.5001473, 13.0479782], [77.4995608, 13.0482044], [77.4990607, 13.0483923], [77.4986753, 13.0485371], [77.4981179, 13.0487466], [77.497939, 13.0488138], [77.495422, 13.0497448]]}}, {"type": "Feature", "properties": {"id": "way/549277222", "name": "Namma Metro - Underground UG1", "line": "Namma Metro - Underground UG1", "source": "OpenStreetMap", "kind": "metro_line"}, "geometry": {"type": "LineString", "coordinates": [[77.5842326, 12.9745014], [77.5828866, 12.9737301], [77.5823634, 12.9734266], [77.5819804, 12.9732091], [77.5817526, 12.9731112], [77.5815531, 12.9730134], [77.5813667, 12.9729783], [77.5811489, 12.9729807], [77.5808769, 12.9730628], [77.5803872, 12.9733066], [77.5781058, 12.9743183], [77.5761213, 12.9751329], [77.5757114, 12.9752435], [77.5746028, 12.9754592], [77.5741231, 12.9755728], [77.5728057, 12.9756704]]}}, {"type": "Feature", "properties": {"id": "way/568709017", "name": "Namma Metro - Underground UG2", "line": "Namma Metro - Underground UG2", "source": "OpenStreetMap", "kind": "metro_line"}, "geometry": {"type": "LineString", "coordinates": [[77.5720446, 12.9862279], [77.5720644, 12.9857225], [77.5720037, 12.9834986], [77.5719563, 12.9817925], [77.571995, 12.980429], [77.5720176, 12.9803346], [77.5720758, 12.9801593], [77.5721454, 12.980043], [77.5722839, 12.979795], [77.5726805, 12.9790269], [77.5727731, 12.9788321], [77.5728522, 12.9785014], [77.5728505, 12.9779602], [77.5729514, 12.9774512], [77.5730713, 12.9768229], [77.5730388, 12.9750646]]}}, {"type": "Feature", "properties": {"id": "way/575099769", "name": "Namma Metro - Reach 1", "line": "Namma Metro - Reach 1", "source": "OpenStreetMap", "kind": "metro_line"}, "geometry": {"type": "LineString", "coordinates": [[77.6455186, 12.9861495], [77.6449072, 12.9859128]]}}, {"type": "Feature", "properties": {"id": "way/607901215", "name": "Namma Metro - Reach 1A", "line": "Namma Metro - Reach 1A", "source": "OpenStreetMap", "kind": "metro_line"}, "geometry": {"type": "LineString", "coordinates": [[77.752885, 12.985059], [77.7530829, 12.9853867], [77.7532814, 12.9858967], [77.7536268, 12.9867454], [77.7539652, 12.9875337], [77.7541399, 12.9879405], [77.7544744, 12.9887263], [77.7545497, 12.988907]]}}, {"type": "Feature", "properties": {"id": "way/607901216", "name": "Namma Metro - Reach 1A", "line": "Namma Metro - Reach 1A", "source": "OpenStreetMap", "kind": "metro_line"}, "geometry": {"type": "LineString", "coordinates": [[77.7509833, 12.9842658], [77.7512565, 12.9842219], [77.7513975, 12.9842147], [77.7515475, 12.9842246], [77.7516872, 12.9842466], [77.7518553, 12.9842926], [77.7520262, 12.9843526], [77.7521491, 12.9844032], [77.752319, 12.984504], [77.7524643, 12.9846016], [77.7526086, 12.9847206], [77.7527493, 12.9848717], [77.752885, 12.985059]]}}, {"type": "Feature", "properties": {"id": "way/607901217", "name": "Namma Metro - Reach 1A", "line": "Namma Metro - Reach 1A", "source": "OpenStreetMap", "kind": "metro_line"}, "geometry": {"type": "LineString", "coordinates": [[77.7470234, 12.9856714], [77.747537, 12.9854806], [77.7481544, 12.9852481], [77.749025, 12.9849401], [77.7498792, 12.9846397], [77.7509833, 12.9842658]]}}, {"type": "Feature", "properties": {"id": "way/607901219", "name": "Namma Metro - Reach 1A", "line": "Namma Metro - Reach 1A", "source": "OpenStreetMap", "kind": "metro_line"}, "geometry": {"type": "LineString", "coordinates": [[77.7352949, 12.9876843], [77.7355565, 12.9876569], [77.7358537, 12.9876355], [77.7366517, 12.9876339], [77.7372334, 12.9876376], [77.7380841, 12.987637], [77.7383542, 12.987637], [77.7392017, 12.9876362], [77.7399572, 12.987627]]}}, {"type": "Feature", "properties": {"id": "way/607901220", "name": "Namma Metro - Reach 1A", "line": "Namma Metro - Reach 1A", "source": "OpenStreetMap", "kind": "metro_line"}, "geometry": {"type": "LineString", "coordinates": [[77.7273114, 12.9780455], [77.7273175, 12.9783598], [77.7273221, 12.9785878], [77.7273128, 12.9788052], [77.7272861, 12.9793425], [77.7272849, 12.9795613], [77.7272905, 12.9796921], [77.7273158, 12.9800306], [77.7273392, 12.9801649], [77.7273765, 12.9803557], [77.7274254, 12.9806324], [77.7274981, 12.9810226], [77.7276214, 12.9815427], [77.7276627, 12.9817149], [77.7277262, 12.9820198], [77.7277803, 12.9822129], [77.7278496, 12.9824537], [77.7280578, 12.9829475], [77.7282693, 12.9833414], [77.7284459, 12.9835931], [77.7286687, 12.9838892], [77.729011, 12.9843087], [77.7294868, 12.9848739], [77.7297026, 12.9851173], [77.7299584, 12.9853916], [77.7302058, 12.9856112], [77.7304072, 12.9857583], [77.7305934, 12.9858759], [77.7314705, 12.9863852], [77.7316855, 12.9865155], [77.7317619, 12.98657], [77.7318453, 12.9866437], [77.7319289, 12.9867218], [77.7320424, 12.9868378], [77.7322034, 12.9870507], [77.7323527, 12.9872631], [77.7324732, 12.9874361], [77.7325532, 12.9875213], [77.7326804, 12.9876344], [77.7327684, 12.9876992], [77.7328527, 12.9877562], [77.7329621, 12.9878162], [77.7330671, 12.9878575], [77.7332213, 12.987909], [77.7333737, 12.9879307], [77.7334589, 12.9879363], [77.7336375, 12.9879267], [77.7339588, 12.9878873], [77.7350801, 12.9877178], [77.7352949, 12.9876843]]}}, {"type": "Feature", "properties": {"id": "way/607901223", "name": "Namma Metro - Reach 1A", "line": "Namma Metro - Reach 1A", "source": "OpenStreetMap", "kind": "metro_line"}, "geometry": {"type": "LineString", "coordinates": [[77.7256115, 12.9765504], [77.7261095, 12.9765045], [77.7262489, 12.9765073], [77.7263478, 12.9765153], [77.7264656, 12.9765378], [77.7265518, 12.976567], [77.7266957, 12.9766198], [77.7267716, 12.976659], [77.7268277, 12.9766985], [77.726878, 12.97674], [77.7269501, 12.9768024], [77.7270187, 12.9768696], [77.7270924, 12.9769531], [77.7271494, 12.9770428], [77.7272024, 12.9771382], [77.7272434, 12.9772332], [77.7272747, 12.9773535], [77.7272962, 12.9774861], [77.7273114, 12.9780455]]}}, {"type": "Feature", "properties": {"id": "way/607901225", "name": "Namma Metro - Reach 1A", "line": "Namma Metro - Reach 1A", "source": "OpenStreetMap", "kind": "metro_line"}, "geometry": {"type": "LineString", "coordinates": [[77.7120394, 12.9780578], [77.7123292, 12.9780258], [77.7131762, 12.9779198], [77.7145191, 12.9777645], [77.714913, 12.9777052], [77.7158088, 12.9775704], [77.7160828, 12.9775256], [77.7163459, 12.9774826], [77.7166716, 12.9774493], [77.7175204, 12.9773696], [77.7182437, 12.9773121], [77.7185947, 12.9772907], [77.719845, 12.9771914], [77.7216556, 12.9769944], [77.7226763, 12.9768883], [77.7228125, 12.9768671], [77.722946, 12.9768427], [77.7230849, 12.9768165], [77.7231766, 12.9767984], [77.7232719, 12.9767826], [77.7235936, 12.9767378], [77.7243773, 12.9766628], [77.7253457, 12.9765754], [77.7256115, 12.9765504]]}}, {"type": "Feature", "properties": {"id": "way/607901228", "name": "Namma Metro - Reach 1A", "line": "Namma Metro - Reach 1A", "source": "OpenStreetMap", "kind": "metro_line"}, "geometry": {"type": "LineString", "coordinates": [[77.7086554, 12.981378], [77.7088592, 12.9806564], [77.7088952, 12.980531], [77.7090362, 12.9800319], [77.709277, 12.9792081], [77.7093831, 12.97894], [77.7094808, 12.9787599], [77.7095179, 12.9787109], [77.7096441, 12.9785626], [77.7097876, 12.9784715], [77.7099342, 12.9783927], [77.7100535, 12.9783489], [77.7102151, 12.9782931], [77.710296, 12.978272], [77.7104506, 12.9782521], [77.7107452, 12.9782488], [77.7111988, 12.9781701], [77.7120394, 12.9780578]]}}, {"type": "Feature", "properties": {"id": "way/607901229", "name": "Namma Metro - Reach 1A", "line": "Namma Metro - Reach 1A", "source": "OpenStreetMap", "kind": "metro_line"}, "geometry": {"type": "LineString", "coordinates": [[77.7083478, 12.9826395], [77.7084681, 12.982074], [77.7086554, 12.981378]]}}, {"type": "Feature", "properties": {"id": "way/607901230", "name": "Namma Metro - Reach 1A", "line": "Namma Metro - Reach 1A", "source": "OpenStreetMap", "kind": "metro_line"}, "geometry": {"type": "LineString", "coordinates": [[77.7082655, 12.9841245], [77.7082815, 12.9836336], [77.708308, 12.9830486], [77.7083185, 12.9829299], [77.7083319, 12.982802], [77.7083478, 12.9826395]]}}, {"type": "Feature", "properties": {"id": "way/607901231", "name": "Namma Metro - Reach 1A", "line": "Namma Metro - Reach 1A", "source": "OpenStreetMap", "kind": "metro_line"}, "geometry": {"type": "LineString", "coordinates": [[77.7113424, 12.988786], [77.7109265, 12.9885448], [77.7108162, 12.9884809], [77.7104446, 12.9882592], [77.7100897, 12.988072], [77.7098911, 12.9879673], [77.7097276, 12.9878705], [77.709569, 12.9877467], [77.7092982, 12.9874783], [77.7091943, 12.9873391], [77.7090889, 12.9871941], [77.7090254, 12.9870963], [77.7087066, 12.9865123], [77.7085753, 12.98617], [77.7084391, 12.9858086], [77.7083745, 12.985536], [77.7083086, 12.9852203], [77.7082929, 12.9849377], [77.7082878, 12.9846952], [77.708261, 12.9843051], [77.7082655, 12.9841245]]}}, {"type": "Feature", "properties": {"id": "way/607901233", "name": "Namma Metro - Reach 1A", "line": "Namma Metro - Reach 1A", "source": "OpenStreetMap", "kind": "metro_line"}, "geometry": {"type": "LineString", "coordinates": [[77.7016046, 12.9940319], [77.7021195, 12.9938688], [77.7026724, 12.9937193], [77.7030106, 12.9936302], [77.7036431, 12.9934751], [77.7037284, 12.9934533], [77.7041125, 12.9933397], [77.7042506, 12.9932989], [77.7044853, 12.9932352], [77.7047997, 12.9931466], [77.7052259, 12.9930622], [77.705611, 12.9930263], [77.7060577, 12.9930151], [77.7068933, 12.9929702], [77.7075256, 12.9929442], [77.7085908, 12.9929053], [77.7094219, 12.9928669], [77.7100353, 12.9928592], [77.7103674, 12.9928566], [77.710582, 12.9928539], [77.7108057, 12.9928342], [77.7112489, 12.9927265], [77.7116033, 12.9926502], [77.7121164, 12.9924927], [77.7128063, 12.9922766], [77.7134058, 12.9920085], [77.7135924, 12.9918905], [77.7137121, 12.9917753], [77.7138691, 12.9915007], [77.7139348, 12.9913849], [77.7139658, 12.9910695], [77.7139717, 12.9908394], [77.7139679, 12.9907085], [77.7139522, 12.9905843], [77.713885, 12.9904475], [77.7137685, 12.9902858], [77.7136405, 12.9901754], [77.7133807, 12.9900017], [77.7130648, 12.9898069], [77.7126773, 12.9895784], [77.7124184, 12.9894302], [77.7121665, 12.9892801], [77.7119645, 12.9891538], [77.7117506, 12.9890219], [77.7113424, 12.988786]]}}, {"type": "Feature", "properties": {"id": "way/607901234", "name": "Namma Metro - Reach 1A", "line": "Namma Metro - Reach 1A", "source": "OpenStreetMap", "kind": "metro_line"}, "geometry": {"type": "LineString", "coordinates": [[77.6768274, 12.9999015], [77.6773791, 12.9999223], [77.6779104, 12.9999402], [77.6780719, 12.9999455], [77.6784549, 12.9999486], [77.6793546, 12.9999891], [77.6798924, 13.0000192], [77.6803153, 13.0000667], [77.6806405, 13.0001126], [77.6808512, 13.0001568], [77.6811549, 13.0002346], [77.6813639, 13.0002987], [77.6816012, 13.0003899], [77.6817753, 13.0004253], [77.6818724, 13.0004313], [77.6819659, 13.0004307], [77.682422, 13.0004094], [77.6826001, 13.0004037], [77.6829504, 13.0003991], [77.6838221, 13.0004029], [77.6845537, 13.0003793], [77.685483, 13.0003165], [77.6862099, 13.0002588], [77.6863701, 13.000229], [77.6865713, 13.0001788], [77.6867417, 13.000118], [77.686777, 13.0000985], [77.6868443, 13.0000613], [77.6870249, 12.9999511], [77.6872711, 12.9997908], [77.6876871, 12.9994802], [77.687919, 12.9992691], [77.6881958, 12.9989638], [77.6886581, 12.9984762], [77.6888968, 12.9982544], [77.6895132, 12.9979385], [77.6904002, 12.9974968], [77.6907628, 12.997322], [77.6914996, 12.9969943], [77.6930464, 12.9964536], [77.693731, 12.9962102], [77.6945378, 12.9958643], [77.6947259, 12.9957753], [77.6947518, 12.995761], [77.695248, 12.9955417], [77.6955629, 12.9954552], [77.6958819, 12.9954081], [77.696998, 12.9952721], [77.6979295, 12.9951252], [77.6980934, 12.9950801], [77.6982178, 12.9950285], [77.6988657, 12.9947903], [77.6991853, 12.9946689], [77.7000233, 12.9944014], [77.7006702, 12.9942511], [77.7010022, 12.9941751], [77.7013579, 12.9940937], [77.7016046, 12.9940319]]}}, {"type": "Feature", "properties": {"id": "way/607901236", "name": "Namma Metro - Reach 1B", "line": "Namma Metro - Reach 1B", "source": "OpenStreetMap", "kind": "metro_line"}, "geometry": {"type": "LineString", "coordinates": [[77.6684581, 12.9965359], [77.6686266, 12.9966141], [77.6687979, 12.9966898], [77.668926, 12.9967511], [77.6690841, 12.9967991], [77.6693102, 12.9968671], [77.6694817, 12.9969163], [77.6696071, 12.9969416], [77.6697321, 12.996966], [77.6698793, 12.9969722], [77.6699702, 12.9969676], [77.6700645, 12.9969709], [77.6701596, 12.9969714], [77.6702593, 12.9969832], [77.670393, 12.9970237], [77.6708689, 12.997245], [77.6713188, 12.9974631], [77.6717867, 12.9976927], [77.6720455, 12.9978145], [77.6722096, 12.9978973], [77.6725314, 12.9980604], [77.6727138, 12.9981415], [77.6732204, 12.9983899], [77.6736042, 12.9985813], [77.6739174, 12.9987339], [77.6742881, 12.9989148], [77.6745284, 12.9990216], [77.6749326, 12.9992261], [77.6752298, 12.9993622], [77.6754455, 12.9994701], [77.6759989, 12.999718], [77.6762005, 12.9998001], [77.6763453, 12.9998382], [77.6765138, 12.9998665], [77.6766441, 12.9998841], [77.6768274, 12.9999015]]}}, {"type": "Feature", "properties": {"id": "way/607901237", "name": "Namma Metro - Reach 1B", "line": "Namma Metro - Reach 1B", "source": "OpenStreetMap", "kind": "metro_line"}, "geometry": {"type": "LineString", "coordinates": [[77.6648523, 12.9953216], [77.6650184, 12.9953362], [77.6651806, 12.9953631], [77.6653465, 12.9953921], [77.665474, 12.9954189], [77.6658784, 12.9955318], [77.6660401, 12.9955805], [77.6663443, 12.9956718], [77.6666214, 12.9957688], [77.6674105, 12.9960687], [77.6679149, 12.9962824], [77.6681713, 12.9963969], [77.6684581, 12.9965359]]}}, {"type": "Feature", "properties": {"id": "way/607901238", "name": "Namma Metro - Reach 1B", "line": "Namma Metro - Reach 1B", "source": "OpenStreetMap", "kind": "metro_line"}, "geometry": {"type": "LineString", "coordinates": [[77.6563531, 12.9927871], [77.6565876, 12.9929327], [77.6568285, 12.9930733], [77.6571272, 12.993241], [77.6580015, 12.9937326], [77.6590867, 12.9943442], [77.6597384, 12.9946868], [77.660333, 12.9949897], [77.6609071, 12.9952786], [77.6611274, 12.9953827], [77.6613161, 12.9954598], [77.6614091, 12.9954875]]}}, {"type": "Feature", "properties": {"id": "way/607901239", "name": "Namma Metro - Reach 1", "line": "Namma Metro - Reach 1", "source": "OpenStreetMap", "kind": "metro_line"}, "geometry": {"type": "LineString", "coordinates": [[77.6523733, 12.9907136], [77.6530453, 12.9908972], [77.6531458, 12.9909244], [77.653601, 12.9910478], [77.6541107, 12.9911905], [77.6542893, 12.9912474], [77.6544586, 12.9913043], [77.6545659, 12.9913523], [77.6546579, 12.9914014], [77.6547638, 12.9914664], [77.6548546, 12.9915376], [77.6551027, 12.9917685], [77.6553536, 12.9920143], [77.6555124, 12.992163], [77.6557084, 12.9923347], [77.6558344, 12.9924388], [77.6559783, 12.9925398], [77.6560908, 12.992616], [77.6563531, 12.9927871]]}}, {"type": "Feature", "properties": {"id": "way/607901240", "name": "Namma Metro - Reach 1", "line": "Namma Metro - Reach 1", "source": "OpenStreetMap", "kind": "metro_line"}, "geometry": {"type": "LineString", "coordinates": [[77.6523733, 12.9907136], [77.6511678, 12.9903844]]}}, {"type": "Feature", "properties": {"id": "way/607901242", "name": "Namma Metro - Reach 1", "line": "Namma Metro - Reach 1", "source": "OpenStreetMap", "kind": "metro_line"}, "geometry": {"type": "LineString", "coordinates": [[77.6511678, 12.9903844], [77.6499573, 12.9900415], [77.6496623, 12.9899627], [77.6495509, 12.989928], [77.6494595, 12.9898962], [77.6493752, 12.9898628], [77.6492924, 12.9898206], [77.6492052, 12.9897668], [77.649134, 12.9897151], [77.649068, 12.989661], [77.6489959, 12.9895984], [77.6489357, 12.9895337], [77.6488777, 12.9894669], [77.6488323, 12.9894038], [77.6487879, 12.9893389], [77.648751, 12.9892809], [77.6487082, 12.9892044], [77.6486653, 12.9891106], [77.6486197, 12.9889987], [77.6485762, 12.9888741], [77.6484881, 12.9885788], [77.6483646, 12.9881495], [77.6483194, 12.9880122], [77.6482841, 12.9879134], [77.6482495, 12.9878265], [77.6482138, 12.9877534], [77.648178, 12.9876919], [77.6481465, 12.9876396], [77.6481047, 12.9875709], [77.6480577, 12.9874987], [77.6480088, 12.9874432], [77.6478251, 12.9872112], [77.6475766, 12.9870472], [77.6473186, 12.986909], [77.6462365, 12.9864979], [77.6455011, 12.9861908]]}}, {"type": "Feature", "properties": {"id": "way/607901244", "name": "Namma Metro - Reach 2A", "line": "Namma Metro - Reach 2A", "source": "OpenStreetMap", "kind": "metro_line"}, "geometry": {"type": "LineString", "coordinates": [[77.4833399, 12.9103595], [77.4826631, 12.9103805], [77.482506, 12.9103723], [77.4823496, 12.9103566], [77.4821941, 12.9103335], [77.48204, 12.9103029], [77.4818876, 12.9102651], [77.4817373, 12.91022], [77.4817052, 12.9102087], [77.4815894, 12.9101677], [77.4814423, 12.9101076], [77.4812983, 12.9100403], [77.481158, 12.9099662], [77.4810217, 12.9098854], [77.4808896, 12.9097981], [77.4807622, 12.9097044], [77.4806397, 12.9096047], [77.4805216, 12.9095268], [77.4803977, 12.9094478], [77.4802061, 12.909323], [77.4800841, 12.9092721], [77.4799834, 12.9092283], [77.4789825, 12.9088506], [77.4787942, 12.9087884], [77.4786915, 12.9087634], [77.4781997, 12.9086779], [77.4780406, 12.9086483], [77.4778832, 12.908611], [77.4777278, 12.9085661], [77.4775895, 12.9085191], [77.4774535, 12.9084662], [77.4773201, 12.9084073], [77.4765748, 12.9079284], [77.4759587, 12.9076016], [77.4758044, 12.9075015], [77.4757056, 12.9074541], [77.4756258, 12.9074144], [77.4754764, 12.9073515], [77.4753426, 12.9072907], [77.4745679, 12.9071236], [77.4739408, 12.9069884], [77.4738078, 12.9069348], [77.4736772, 12.9068758], [77.4735492, 12.9068115], [77.4734401, 12.9067513], [77.4733334, 12.9066872], [77.4732291, 12.9066194]]}}, {"type": "Feature", "properties": {"id": "way/607901245", "name": "Namma Metro - Reach 2A", "line": "Namma Metro - Reach 2A", "source": "OpenStreetMap", "kind": "metro_line"}, "geometry": {"type": "LineString", "coordinates": [[77.4991763, 12.9250915], [77.4987488, 12.9246692], [77.4983378, 12.9242632], [77.4980608, 12.9239991], [77.4975582, 12.9234946], [77.4972671, 12.9232907], [77.496819, 12.9230846], [77.4960621, 12.9227749], [77.4944187, 12.9219297], [77.4938887, 12.9215924], [77.49366, 12.9213924], [77.49349, 12.9211464], [77.4933639, 12.9209443], [77.4928095, 12.9202481], [77.4925452, 12.9199957], [77.4920221, 12.9195918], [77.4914787, 12.9190198], [77.491216, 12.9186134], [77.4907425, 12.9176773], [77.4906483, 12.9174441], [77.4904207, 12.9169458], [77.4901057, 12.9165826], [77.4896789, 12.9162433], [77.4892497, 12.9158556], [77.4890707, 12.915687], [77.4887888, 12.9154251], [77.488285, 12.9150516], [77.4878484, 12.914711], [77.4872675, 12.914258], [77.486277, 12.9135383], [77.4859107, 12.9132664], [77.485513, 12.9129621], [77.4853395, 12.9127978], [77.4852081, 12.9126123], [77.4850288, 12.9122448], [77.4847137, 12.9111663], [77.4846791, 12.9110745], [77.4846368, 12.9109858], [77.4845872, 12.9109007], [77.4845306, 12.91082], [77.4844674, 12.910744], [77.484398, 12.9106733], [77.4843228, 12.9106085], [77.4842425, 12.9105499], [77.4841575, 12.9104979], [77.4840683, 12.9104529], [77.4839699, 12.9104132], [77.4838682, 12.9103819], [77.4837642, 12.9103594], [77.4836585, 12.9103459], [77.4835521, 12.9103413], [77.4834456, 12.9103459], [77.4833399, 12.9103595]]}}, {"type": "Feature", "properties": {"id": "way/607901246", "name": "Namma Metro - Reach 2A", "line": "Namma Metro - Reach 2A", "source": "OpenStreetMap", "kind": "metro_line"}, "geometry": {"type": "LineString", "coordinates": [[77.5110398, 12.9349649], [77.5107382, 12.9347392], [77.5105056, 12.9344992], [77.5087123, 12.932872], [77.5085497, 12.9327169], [77.5084247, 12.9326062], [77.5068146, 12.9314847], [77.5065374, 12.9312727], [77.506391, 12.9311246], [77.5059653, 12.9303215], [77.5057561, 12.9300006], [77.5055143, 12.9297641], [77.5052758, 12.9296157], [77.5050502, 12.9295036], [77.5042828, 12.9292512], [77.5040059, 12.9291601], [77.503888, 12.9290964], [77.5034026, 12.9286777], [77.5029837, 12.9282066], [77.5025043, 12.9277652], [77.5009094, 12.9265646], [77.5002567, 12.9260766], [77.4991763, 12.9250915]]}}, {"type": "Feature", "properties": {"id": "way/607901247", "name": "Namma Metro - Reach 2A", "line": "Namma Metro - Reach 2A", "source": "OpenStreetMap", "kind": "metro_line"}, "geometry": {"type": "LineString", "coordinates": [[77.5196587, 12.9366736], [77.5190171, 12.9364241], [77.5188813, 12.936385], [77.5186927, 12.936339], [77.5185418, 12.9363216], [77.5183616, 12.9363131], [77.5181158, 12.9363322], [77.5178513, 12.9363346], [77.5176577, 12.9363331], [77.5174511, 12.9363374], [77.5172445, 12.9363353], [77.5170103, 12.936325], [77.5167767, 12.9363063], [77.516544, 12.9362794], [77.515516, 12.9361369], [77.5150993, 12.9361009], [77.5142366, 12.9360585], [77.5138289, 12.9359827], [77.5134497, 12.9358418], [77.5130308, 12.9356769], [77.5128163, 12.9355937]]}}, {"type": "Feature", "properties": {"id": "way/607901248", "name": "Namma Metro - Reach 2A", "line": "Namma Metro - Reach 2A", "source": "OpenStreetMap", "kind": "metro_line"}, "geometry": {"type": "LineString", "coordinates": [[77.5251045, 12.9416831], [77.524823, 12.9412056], [77.5246681, 12.9409557], [77.5240609, 12.9401126], [77.5234598, 12.9394552], [77.5229474, 12.938983], [77.5228288, 12.9389076], [77.5221588, 12.9384576], [77.5217343, 12.9381874], [77.5214322, 12.9379169], [77.5211405, 12.9375775], [77.5208804, 12.9372421], [77.5205595, 12.936994], [77.5196587, 12.9366736]]}}, {"type": "Feature", "properties": {"id": "way/607901249", "name": "Namma Metro - Reach 2A", "line": "Namma Metro - Reach 2A", "source": "OpenStreetMap", "kind": "metro_line"}, "geometry": {"type": "LineString", "coordinates": [[77.5263166, 12.9434382], [77.5257048, 12.9426113], [77.5253385, 12.9420543], [77.5251045, 12.9416831]]}}, {"type": "Feature", "properties": {"id": "way/607901250", "name": "Namma Metro - Reach 2A", "line": "Namma Metro - Reach 2A", "source": "OpenStreetMap", "kind": "metro_line"}, "geometry": {"type": "LineString", "coordinates": [[77.5287322, 12.9460129], [77.5283151, 12.9457135], [77.5282205, 12.945633], [77.5277277, 12.9452141], [77.5275067, 12.9450051], [77.5272906, 12.9448089], [77.5269656, 12.944431], [77.5266537, 12.9440484], [77.5263166, 12.9434382]]}}, {"type": "Feature", "properties": {"id": "way/607901251", "name": "Namma Metro - Reach 2", "line": "Namma Metro - Reach 2", "source": "OpenStreetMap", "kind": "metro_line"}, "geometry": {"type": "LineString", "coordinates": [[77.5300705, 12.9467026], [77.529247, 12.9463302], [77.5287322, 12.9460129]]}}, {"type": "Feature", "properties": {"id": "way/607901252", "name": "Namma Metro - Reach 2", "line": "Namma Metro - Reach 2", "source": "OpenStreetMap", "kind": "metro_line"}, "geometry": {"type": "LineString", "coordinates": [[77.5369961, 12.9520333], [77.5371591, 12.9515443], [77.5373042, 12.9511751], [77.5373358, 12.9510371], [77.5373464, 12.9508572], [77.5373392, 12.950638], [77.5372982, 12.9504646], [77.5372563, 12.9503065], [77.5371011, 12.9500204], [77.536924, 12.9498022], [77.5363293, 12.9492213], [77.5360126, 12.9489701], [77.5349587, 12.9483217], [77.5348031, 12.9482374], [77.5346123, 12.9481547], [77.5342717, 12.9480453], [77.5326522, 12.947608], [77.5308855, 12.9470597], [77.5300705, 12.9467026]]}}, {"type": "Feature", "properties": {"id": "way/607901253", "name": "Namma Metro - Reach 2", "line": "Namma Metro - Reach 2", "source": "OpenStreetMap", "kind": "metro_line"}, "geometry": {"type": "LineString", "coordinates": [[77.5335505, 12.9618745], [77.5333168, 12.961236], [77.5331494, 12.9608228], [77.5330915, 12.9605924], [77.5330489, 12.9603644], [77.5330454, 12.9601536], [77.5330831, 12.959939], [77.5331853, 12.9596316], [77.5333584, 12.9591891], [77.5337267, 12.9583184], [77.5338671, 12.958037], [77.5340856, 12.9575681], [77.5343019, 12.9570023], [77.5343773, 12.9567115], [77.5344891, 12.9562186], [77.5346192, 12.955708], [77.5347102, 12.955391], [77.5348087, 12.9551762], [77.5349326, 12.9549853], [77.5363766, 12.9535194], [77.5365504, 12.9533141], [77.5366034, 12.953236], [77.5366583, 12.9531345], [77.5369961, 12.9520333]]}}, {"type": "Feature", "properties": {"id": "way/607901254", "name": "Namma Metro - Reach 2", "line": "Namma Metro - Reach 2", "source": "OpenStreetMap", "kind": "metro_line"}, "geometry": {"type": "LineString", "coordinates": [[77.5335505, 12.9618745], [77.535332, 12.9658618], [77.53591, 12.9670198], [77.5361759, 12.9675982], [77.5364162, 12.9681899], [77.5366724, 12.9688774], [77.5369304, 12.9696336], [77.5369437, 12.9696725], [77.5373851, 12.9709537]]}}, {"type": "Feature", "properties": {"id": "way/607901255", "name": "Namma Metro - Reach 2", "line": "Namma Metro - Reach 2", "source": "OpenStreetMap", "kind": "metro_line"}, "geometry": {"type": "LineString", "coordinates": [[77.5373851, 12.9709537], [77.5376455, 12.9716495], [77.5376878, 12.9717893], [77.5377821, 12.972018], [77.5378733, 12.9722043], [77.5379876, 12.9723908], [77.5381731, 12.9726211], [77.5383439, 12.9727902], [77.5385737, 12.9729692], [77.5388828, 12.9731394], [77.5393938, 12.973282], [77.5418133, 12.9737878], [77.5433831, 12.9741022], [77.5440685, 12.9741802], [77.544553, 12.9742202], [77.5456182, 12.9742184]]}}, {"type": "Feature", "properties": {"id": "way/607901256", "name": "Namma Metro - Reach 2", "line": "Namma Metro - Reach 2", "source": "OpenStreetMap", "kind": "metro_line"}, "geometry": {"type": "LineString", "coordinates": [[77.5456182, 12.9742184], [77.5466353, 12.9742172], [77.5468158, 12.9742202], [77.5470987, 12.9742512], [77.5473489, 12.9743092], [77.5475525, 12.9743611], [77.5477263, 12.9744125], [77.5478674, 12.9744523], [77.5480739, 12.9745072], [77.54826, 12.9745391], [77.548387, 12.9745447], [77.5485498, 12.9745321], [77.5487414, 12.9744917], [77.5489113, 12.9744589], [77.5490682, 12.9743736], [77.5493017, 12.9742452], [77.5496005, 12.9740567], [77.5497914, 12.9739299], [77.5499108, 12.9738746], [77.5500564, 12.9738342], [77.5502166, 12.9738007], [77.5503868, 12.9737985], [77.5505434, 12.9738175], [77.5507215, 12.9738645], [77.5509197, 12.9739765], [77.551389, 12.9743387], [77.5521852, 12.974957], [77.552386, 12.9751026], [77.5525507, 12.9752105], [77.5527413, 12.9753325], [77.5529575, 12.975434], [77.5531425, 12.9755038], [77.5533673, 12.9755492], [77.5535305, 12.9755732], [77.5538147, 12.9756017], [77.554243, 12.9756136], [77.5546466, 12.9756234], [77.5549424, 12.9756388], [77.5553548, 12.9756527]]}}, {"type": "Feature", "properties": {"id": "way/607901257", "name": "Namma Metro - Reach 2", "line": "Namma Metro - Reach 2", "source": "OpenStreetMap", "kind": "metro_line"}, "geometry": {"type": "LineString", "coordinates": [[77.5553548, 12.9756527], [77.5556381, 12.9756623], [77.555911, 12.9756652], [77.5562052, 12.9756704], [77.5564954, 12.9756832], [77.5568718, 12.9756981], [77.5572107, 12.9757229], [77.5575493, 12.9757426], [77.5577541, 12.9757517], [77.5581788, 12.975783], [77.5585348, 12.9758052], [77.5589281, 12.9758249], [77.5591939, 12.9758223], [77.5596727, 12.9758132], [77.5600612, 12.9758093], [77.5603797, 12.975791], [77.5606303, 12.9757647], [77.561128, 12.9757439], [77.5617331, 12.9757124], [77.5623217, 12.9756472], [77.5626735, 12.9756384], [77.5629631, 12.9756545], [77.5634091, 12.9756847]]}}, {"type": "Feature", "properties": {"id": "way/607901258", "name": "Namma Metro - Underground UG1", "line": "Namma Metro - Underground UG1", "source": "OpenStreetMap", "kind": "metro_line"}, "geometry": {"type": "LineString", "coordinates": [[77.5653744, 12.9759026], [77.5651548, 12.9758761], [77.5634091, 12.9756847]]}}, {"type": "Feature", "properties": {"id": "way/607901259", "name": "Namma Metro - Underground UG1", "line": "Namma Metro - Underground UG1", "source": "OpenStreetMap", "kind": "metro_line"}, "geometry": {"type": "LineString", "coordinates": [[77.5730887, 12.9757512], [77.5712858, 12.9758915], [77.5702937, 12.9759459], [77.5691219, 12.9760245], [77.5669061, 12.9760221], [77.5667157, 12.9760126], [77.5659333, 12.9759496], [77.5653744, 12.9759026]]}}, {"type": "Feature", "properties": {"id": "way/607901260", "name": "Namma Metro - Reach 1", "line": "Namma Metro - Reach 1", "source": "OpenStreetMap", "kind": "metro_line"}, "geometry": {"type": "LineString", "coordinates": [[77.6455011, 12.9861908], [77.6448902, 12.9859543]]}}, {"type": "Feature", "properties": {"id": "way/607901262", "name": "Namma Metro - Reach 1", "line": "Namma Metro - Reach 1", "source": "OpenStreetMap", "kind": "metro_line"}, "geometry": {"type": "LineString", "coordinates": [[77.6448902, 12.9859543], [77.643377, 12.9853565], [77.6426391, 12.9850604], [77.6412698, 12.9845111], [77.6410345, 12.984385], [77.6408729, 12.9842202], [77.6407286, 12.9840808], [77.6406301, 12.9838587], [77.6405845, 12.9836867], [77.6405581, 12.9834999], [77.6405717, 12.9829247], [77.6407097, 12.9804932], [77.6407663, 12.9794966], [77.6407582, 12.9793037], [77.6407205, 12.9791133], [77.6405997, 12.9788544], [77.6404717, 12.9787005], [77.6403493, 12.9785927], [77.6401643, 12.9784734], [77.6399692, 12.9784061], [77.6396923, 12.9783744], [77.638658, 12.9783526]]}}, {"type": "Feature", "properties": {"id": "way/607901263", "name": "Namma Metro - Reach 1", "line": "Namma Metro - Reach 1", "source": "OpenStreetMap", "kind": "metro_line"}, "geometry": {"type": "LineString", "coordinates": [[77.638658, 12.9783526], [77.6377518, 12.978324], [77.6329398, 12.9781719], [77.6326516, 12.9781784], [77.6294414, 12.9784732], [77.6291722, 12.978499], [77.6289717, 12.9784707], [77.6287916, 12.9784045], [77.6285923, 12.9782864], [77.6283522, 12.9781588], [77.6280598, 12.9779767], [77.627733, 12.9777887], [77.6274552, 12.9775754], [77.627223, 12.9773503], [77.626667, 12.9765165]]}}, {"type": "Feature", "properties": {"id": "way/607901264", "name": "Namma Metro - Reach 1", "line": "Namma Metro - Reach 1", "source": "OpenStreetMap", "kind": "metro_line"}, "geometry": {"type": "LineString", "coordinates": [[77.626667, 12.9765165], [77.6263726, 12.9761082], [77.6261745, 12.9758559], [77.6260168, 12.9756332], [77.625849, 12.9754521], [77.6252621, 12.9750438], [77.6249241, 12.974819], [77.6224822, 12.973343], [77.6220353, 12.9731346], [77.6216994, 12.9730036], [77.6213137, 12.9728783], [77.6208415, 12.9727635], [77.6205843, 12.9727327], [77.6202515, 12.9727072], [77.619989, 12.9726881], [77.6195888, 12.9726672], [77.6191254, 12.9726407], [77.6188313, 12.9726605], [77.618685, 12.9726712], [77.6186106, 12.9726821], [77.6184159, 12.9727192], [77.6170235, 12.9730388]]}}, {"type": "Feature", "properties": {"id": "way/607901265", "name": "Namma Metro - Reach 1", "line": "Namma Metro - Reach 1", "source": "OpenStreetMap", "kind": "metro_line"}, "geometry": {"type": "LineString", "coordinates": [[77.6170235, 12.9730388], [77.6127543, 12.9740171], [77.6123836, 12.9741194], [77.6119198, 12.9742446], [77.6115833, 12.9743258], [77.6113011, 12.9743903], [77.6092619, 12.9748748], [77.6088698, 12.9749744], [77.6085133, 12.9750879], [77.6082539, 12.9751863], [77.6079936, 12.9752551], [77.6072648, 12.9754288]]}}, {"type": "Feature", "properties": {"id": "way/607901266", "name": "Namma Metro - Reach 1", "line": "Namma Metro - Reach 1", "source": "OpenStreetMap", "kind": "metro_line"}, "geometry": {"type": "LineString", "coordinates": [[77.6072648, 12.9754288], [77.6056655, 12.9758263], [77.6050317, 12.9759788], [77.6048224, 12.9760274], [77.6034255, 12.9763519], [77.6026151, 12.9765402], [77.6023753, 12.9766042], [77.602176, 12.9766914], [77.6019305, 12.9768328], [77.6017655, 12.9769717], [77.6015865, 12.9772398]]}}, {"type": "Feature", "properties": {"id": "way/607901267", "name": "Namma Metro - Underground UG1", "line": "Namma Metro - Underground UG1", "source": "OpenStreetMap", "kind": "metro_line"}, "geometry": {"type": "LineString", "coordinates": [[77.6015865, 12.9772398], [77.6014357, 12.9775886], [77.600984, 12.9788371]]}}, {"type": "Feature", "properties": {"id": "way/607901268", "name": "Namma Metro - Underground UG1", "line": "Namma Metro - Underground UG1", "source": "OpenStreetMap", "kind": "metro_line"}, "geometry": {"type": "LineString", "coordinates": [[77.600984, 12.9788371], [77.6008378, 12.9791192], [77.6007217, 12.979298], [77.6005932, 12.9794622], [77.600465, 12.9796346], [77.600361, 12.9797674], [77.6002568, 12.9798779], [77.6001007, 12.980013], [77.5999443, 12.9801094], [77.599765, 12.9801791], [77.5986437, 12.9806139], [77.5984238, 12.9806892], [77.5975758, 12.9809794]]}}, {"type": "Feature", "properties": {"id": "way/607901269", "name": "Namma Metro - Underground UG1", "line": "Namma Metro - Underground UG1", "source": "OpenStreetMap", "kind": "metro_line"}, "geometry": {"type": "LineString", "coordinates": [[77.5975758, 12.9809794], [77.596332, 12.981389], [77.5959891, 12.9814875], [77.5957175, 12.981555], [77.5955351, 12.9815865], [77.5954526, 12.9815995], [77.5951747, 12.9816319], [77.5948625, 12.9816238], [77.5946898, 12.9815779], [77.5945354, 12.9815248], [77.5940859, 12.981267], [77.5937326, 12.9810182], [77.5932144, 12.9806118], [77.591831, 12.978996]]}}, {"type": "Feature", "properties": {"id": "way/607901270", "name": "Namma Metro - Underground UG1", "line": "Namma Metro - Underground UG1", "source": "OpenStreetMap", "kind": "metro_line"}, "geometry": {"type": "LineString", "coordinates": [[77.591831, 12.978996], [77.5909988, 12.9780828], [77.5906011, 12.9776646], [77.5902888, 12.9775063], [77.5878688, 12.9762299], [77.5872113, 12.9759516], [77.585162, 12.9750828], [77.5849634, 12.9749873], [77.584209, 12.9745398]]}}, {"type": "Feature", "properties": {"id": "way/607901271", "name": "Namma Metro - Underground UG1", "line": "Namma Metro - Underground UG1", "source": "OpenStreetMap", "kind": "metro_line"}, "geometry": {"type": "LineString", "coordinates": [[77.584209, 12.9745398], [77.5828632, 12.9737686], [77.5823401, 12.9734651], [77.5819595, 12.973249], [77.581733, 12.9731517], [77.5815382, 12.9730561], [77.5813626, 12.9730231], [77.5811561, 12.9730253], [77.5808943, 12.9731044], [77.5804072, 12.9733469], [77.5781242, 12.9743593], [77.5761364, 12.9751752], [77.5757227, 12.9752869], [77.5752676, 12.9753889], [77.574621, 12.9755395], [77.5741251, 12.9756654], [77.5730887, 12.9757512]]}}, {"type": "Feature", "properties": {"id": "way/607901273", "name": "Yellow Line (RV Road - Bommasandra)", "line": "Yellow Line (RV Road - Bommasandra)", "source": "OpenStreetMap", "kind": "metro_line"}, "geometry": {"type": "LineString", "coordinates": [[77.6879957, 12.8197552], [77.6877332, 12.8200439], [77.6868568, 12.821048], [77.6859328, 12.8220243], [77.6849106, 12.8231125], [77.6844116, 12.8236438], [77.6840261, 12.8240541], [77.6835611, 12.8245491], [77.6831457, 12.8251124], [77.6828368, 12.8257068], [77.6826745, 12.8260193], [77.6820854, 12.8271471], [77.681884, 12.8275758], [77.6817098, 12.8279979], [77.6812303, 12.8294441], [77.6812139, 12.8294934], [77.6807093, 12.8310175], [77.6805328, 12.8315503], [77.6802827, 12.8323931], [77.6800789, 12.8332548], [77.679482, 12.8349053], [77.6791482, 12.8357863], [77.6787967, 12.836664], [77.6783435, 12.8377346], [77.6782024, 12.8379911], [77.6778392, 12.8385126], [77.6771361, 12.839432], [77.6765258, 12.8402301], [77.6752603, 12.8418927], [77.6746219, 12.8427361], [77.674288, 12.8431466], [77.6739366, 12.8435452], [77.6730817, 12.844466], [77.6728249, 12.8447131], [77.6725413, 12.8449409], [77.672041, 12.8453019], [77.6718227, 12.8454945], [77.6716687, 12.8456949], [77.6709184, 12.8467985], [77.6708154, 12.84695], [77.6704667, 12.8475327], [77.6701753, 12.8480561], [77.6698355, 12.8485514], [77.6684073, 12.8504165], [77.6674537, 12.8516247], [77.6665551, 12.8528576], [77.6650534, 12.8547847], [77.6648881, 12.8549968], [77.6645395, 12.8553772], [77.6641147, 12.8557842], [77.6632379, 12.8567984], [77.6628116, 12.8573115], [77.6623674, 12.8579357], [77.6620447, 12.8584186], [77.6615529, 12.8591545], [77.6605625, 12.8605064], [77.6596874, 12.8616197], [77.6587084, 12.8628298], [77.6578474, 12.8639084], [77.6575832, 12.8642294], [77.6572789, 12.8645991], [77.6532132, 12.8697173], [77.6529726, 12.8700471], [77.6524723, 12.8706913], [77.6521471, 12.8710849], [77.6520847, 12.8711605], [77.6519746, 12.8712937], [77.6517123, 12.8716244], [77.6505681, 12.8730909], [77.6494942, 12.8742946], [77.6474277, 12.8766157], [77.6471997, 12.8769155], [77.6469235, 12.8773375], [77.6463799, 12.8782654], [77.6455402, 12.8796402], [77.6447743, 12.8809164], [77.6446126, 12.8811794], [77.6429108, 12.8839478], [77.6401371, 12.8884395], [77.639431, 12.8895341], [77.6389484, 12.8903178], [77.6388146, 12.890535], [77.6377, 12.8924065], [77.6365557, 12.8942698], [77.6355004, 12.8959295], [77.6346322, 12.8973794], [77.6333065, 12.8995638], [77.6328347, 12.9003159], [77.6316985, 12.9021241], [77.6306681, 12.9038128], [77.630616, 12.9038961], [77.6301981, 12.9045491], [77.6301509, 12.9046229], [77.6296937, 12.9053552], [77.6289851, 12.9065466], [77.6269081, 12.9099145], [77.6264736, 12.9106073], [77.6261256, 12.9111955], [77.6257025, 12.9118988], [77.6253283, 12.9125485], [77.6249185, 12.913185], [77.6244868, 12.9138877], [77.6240978, 12.9146132], [77.6231102, 12.9163978], [77.6230538, 12.9164739], [77.6229908, 12.9165466], [77.6229222, 12.9166143], [77.6228485, 12.9166767], [77.6227701, 12.9167333], [77.6226874, 12.916784], [77.6226011, 12.9168283], [77.6225115, 12.916866], [77.6224164, 12.9168977], [77.6223191, 12.916922], [77.6222201, 12.9169387], [77.6221201, 12.9169477], [77.6220196, 12.916949], [77.6219194, 12.9169426], [77.62182, 12.9169284], [77.6217221, 12.9169067], [77.6216236, 12.9168814]]}}, {"type": "Feature", "properties": {"id": "way/607901275", "name": "Namma Metro - Reach 4B", "line": "Namma Metro - Reach 4B", "source": "OpenStreetMap", "kind": "metro_line"}, "geometry": {"type": "LineString", "coordinates": [[77.5349726, 12.8670801], [77.5342028, 12.8660725], [77.5329858, 12.86452], [77.5328249, 12.8643442], [77.5324592, 12.8639986], [77.5320502, 12.8636562], [77.5314042, 12.8632224], [77.530782, 12.8628075], [77.5304644, 12.8625697], [77.5302337, 12.8622294], [77.5299083, 12.8616919], [77.5297796, 12.8614541], [77.529439, 12.8608811], [77.5292783, 12.8606096], [77.5292129, 12.8605063], [77.5291687, 12.8604364], [77.5290782, 12.8602847], [77.5279612, 12.8584399], [77.5276455, 12.8580226]]}}, {"type": "Feature", "properties": {"id": "way/607901276", "name": "Namma Metro - Reach 4B", "line": "Namma Metro - Reach 4B", "source": "OpenStreetMap", "kind": "metro_line"}, "geometry": {"type": "LineString", "coordinates": [[77.5455484, 12.8794332], [77.544745, 12.8775389], [77.5443724, 12.8766467], [77.5441355, 12.8761796], [77.5438829, 12.8758573], [77.5436239, 12.8755869], [77.5433762, 12.8753726], [77.5428899, 12.87509], [77.5423292, 12.8748596], [77.5412452, 12.8743595], [77.5409512, 12.8741849], [77.5406556, 12.8739925], [77.5403027, 12.8737045], [77.5400375, 12.8734447], [77.5397813, 12.8731745], [77.5388458, 12.8720205], [77.5383625, 12.8714243], [77.5378154, 12.8707415], [77.5366932, 12.8693333], [77.5365505, 12.8691536], [77.5349726, 12.8670801]]}}, {"type": "Feature", "properties": {"id": "way/607901277", "name": "Namma Metro - Reach 4B", "line": "Namma Metro - Reach 4B", "source": "OpenStreetMap", "kind": "metro_line"}, "geometry": {"type": "LineString", "coordinates": [[77.5568522, 12.8859513], [77.55622, 12.8857738], [77.5559741, 12.8857011], [77.5549066, 12.8853251], [77.5540649, 12.8850632], [77.5528945, 12.8847268], [77.552751, 12.8846862], [77.5511008, 12.8841925], [77.5503421, 12.8839638], [77.5495864, 12.8837618], [77.5480706, 12.8833904], [77.5477258, 12.8832908], [77.5474312, 12.8831497], [77.5471932, 12.8830179], [77.5470635, 12.8829135], [77.5469621, 12.8827822], [77.5467672, 12.8824172], [77.546472, 12.8817117], [77.5455484, 12.8794332]]}}, {"type": "Feature", "properties": {"id": "way/607901278", "name": "Namma Metro - Reach 4B", "line": "Namma Metro - Reach 4B", "source": "OpenStreetMap", "kind": "metro_line"}, "geometry": {"type": "LineString", "coordinates": [[77.5635756, 12.8897696], [77.563453, 12.88968], [77.5626569, 12.8889872], [77.5617694, 12.8882147], [77.5614885, 12.8879918], [77.5611925, 12.8877897], [77.5603788, 12.88719], [77.5599148, 12.8869721], [77.5592685, 12.8867306], [77.5590458, 12.886653], [77.5579607, 12.8863237], [77.5577176, 12.8862546], [77.5568522, 12.8859513]]}}, {"type": "Feature", "properties": {"id": "way/607901279", "name": "Namma Metro - Reach 4B", "line": "Namma Metro - Reach 4B", "source": "OpenStreetMap", "kind": "metro_line"}, "geometry": {"type": "LineString", "coordinates": [[77.5661016, 12.8920248], [77.5655425, 12.8915315], [77.5644985, 12.8906079], [77.5644175, 12.8905334], [77.56399, 12.8901336], [77.5635756, 12.8897696]]}}, {"type": "Feature", "properties": {"id": "way/607901280", "name": "Namma Metro - Reach 4", "line": "Namma Metro - Reach 4", "source": "OpenStreetMap", "kind": "metro_line"}, "geometry": {"type": "LineString", "coordinates": [[77.5700982, 12.8960662], [77.5695014, 12.8953963], [77.5691826, 12.8950328], [77.5689049, 12.8947313], [77.568739, 12.8945512], [77.5684836, 12.8942948], [77.5681834, 12.8939934], [77.5674511, 12.8932593], [77.5666881, 12.8925495], [77.5661016, 12.8920248]]}}, {"type": "Feature", "properties": {"id": "way/607901281", "name": "Namma Metro - Reach 4", "line": "Namma Metro - Reach 4", "source": "OpenStreetMap", "kind": "metro_line"}, "geometry": {"type": "LineString", "coordinates": [[77.5731076, 12.907476], [77.5731942, 12.9066391], [77.5732567, 12.9062153], [77.5732777, 12.9059583], [77.5733039, 12.9057687], [77.573324, 12.905547], [77.5733281, 12.9053065], [77.5733013, 12.9049074], [77.5732431, 12.9043354], [77.5732129, 12.9040672], [77.5731913, 12.9038476], [77.5731964, 12.9036239], [77.5732242, 12.9034761], [77.5733968, 12.9023713], [77.5734285, 12.9020662], [77.5734206, 12.901783], [77.5733877, 12.9015041], [77.5733132, 12.9011852], [77.5730606, 12.900289], [77.5730001, 12.9000953], [77.5728764, 12.8996998], [77.5728266, 12.8996243], [77.5727109, 12.8993729], [77.5725098, 12.8990196], [77.5716123, 12.8977831], [77.5713357, 12.8974456], [77.5712031, 12.8972838], [77.5707838, 12.8968182], [77.5700982, 12.8960662]]}}, {"type": "Feature", "properties": {"id": "way/607901282", "name": "Namma Metro - Reach 4", "line": "Namma Metro - Reach 4", "source": "OpenStreetMap", "kind": "metro_line"}, "geometry": {"type": "LineString", "coordinates": [[77.5735786, 12.9152242], [77.5734907, 12.9147163], [77.573425, 12.9143028], [77.573355, 12.9139574], [77.5731529, 12.913153], [77.5730017, 12.9126873], [77.5729497, 12.9124092], [77.5728905, 12.9120289], [77.5728481, 12.9116775], [77.572843, 12.9114356], [77.572861, 12.911005], [77.572921, 12.9089528], [77.5729608, 12.9084528], [77.5730009, 12.9081508], [77.5731076, 12.907476]]}}, {"type": "Feature", "properties": {"id": "way/607901283", "name": "Namma Metro - Reach 4", "line": "Namma Metro - Reach 4", "source": "OpenStreetMap", "kind": "metro_line"}, "geometry": {"type": "LineString", "coordinates": [[77.580239, 12.9219936], [77.5802534, 12.9208536], [77.580258, 12.9203732], [77.5802622, 12.9199257], [77.5802809, 12.918443], [77.5802768, 12.9183085], [77.5802655, 12.9181716], [77.5802471, 12.9180814], [77.5802211, 12.9179771], [77.5801789, 12.9178535], [77.580145, 12.9177842], [77.5800991, 12.9177049], [77.5800359, 12.9176132], [77.5799706, 12.9175415], [77.5798978, 12.9174707], [77.5798167, 12.9174029], [77.579714, 12.9173397], [77.579619, 12.9172933], [77.5795407, 12.9172595], [77.5794152, 12.917224], [77.5792865, 12.9172025], [77.5791361, 12.9171844], [77.5790067, 12.9171768], [77.5788562, 12.917173], [77.5786797, 12.9171791], [77.5785092, 12.9172002], [77.5783468, 12.9172317], [77.5781816, 12.9172743], [77.5780315, 12.9173179], [77.5778226, 12.9174023], [77.5776465, 12.9174738], [77.5774406, 12.9175473], [77.5772682, 12.9175981], [77.5770881, 12.9176285], [77.5768953, 12.9176335], [77.57545, 12.9176614], [77.5750984, 12.917667], [77.5749239, 12.9176675], [77.5747769, 12.9176469], [77.5746072, 12.9176025], [77.5744747, 12.9175564], [77.5742407, 12.9174208], [77.5740862, 12.9172966], [77.5739348, 12.9171061], [77.5738422, 12.9169112], [77.5737887, 12.916734], [77.5735786, 12.9152242]]}}, {"type": "Feature", "properties": {"id": "way/607901284", "name": "Namma Metro - Reach 4", "line": "Namma Metro - Reach 4", "source": "OpenStreetMap", "kind": "metro_line"}, "geometry": {"type": "LineString", "coordinates": [[77.580123, 12.9295065], [77.5801845, 12.9271516], [77.5801911, 12.9263728], [77.5802034, 12.924913], [77.5802113, 12.9243613], [77.5802245, 12.9234454], [77.5802388, 12.9221295], [77.580239, 12.9219936]]}}, {"type": "Feature", "properties": {"id": "way/607901286", "name": "Namma Metro - Underground UG2", "line": "Namma Metro - Underground UG2", "source": "OpenStreetMap", "kind": "metro_line"}, "geometry": {"type": "LineString", "coordinates": [[77.5745314, 12.9669249], [77.5744965, 12.9656803], [77.5745637, 12.965027], [77.5746969, 12.9645179], [77.5748073, 12.9641222], [77.5748479, 12.9638914], [77.5748758, 12.9636285], [77.5748889, 12.9633717], [77.574848, 12.9623062], [77.5746404, 12.960896]]}}, {"type": "Feature", "properties": {"id": "way/607901287", "name": "Namma Metro - Reach 4", "line": "Namma Metro - Reach 4", "source": "OpenStreetMap", "kind": "metro_line"}, "geometry": {"type": "LineString", "coordinates": [[77.5800349, 12.9382617], [77.5800519, 12.9359693], [77.5800679, 12.9331216], [77.5801145, 12.9303034], [77.580123, 12.9295065]]}}, {"type": "Feature", "properties": {"id": "way/607901288", "name": "Namma Metro - Reach 4", "line": "Namma Metro - Reach 4", "source": "OpenStreetMap", "kind": "metro_line"}, "geometry": {"type": "LineString", "coordinates": [[77.5799954, 12.9465339], [77.5800029, 12.9436046], [77.5800146, 12.9424055], [77.5800124, 12.9401622], [77.5800249, 12.9396162], [77.5800349, 12.9382617]]}}, {"type": "Feature", "properties": {"id": "way/607901290", "name": "Namma Metro - Underground UG2", "line": "Namma Metro - Underground UG2", "source": "OpenStreetMap", "kind": "metro_line"}, "geometry": {"type": "LineString", "coordinates": [[77.5746404, 12.960896], [77.5744411, 12.9596791], [77.5741875, 12.9589753], [77.5740919, 12.9586479], [77.5736915, 12.9575528], [77.5736458, 12.9574278], [77.5735929, 12.9572075], [77.5735716, 12.9569798], [77.5735755, 12.956753], [77.5736269, 12.9559424]]}}, {"type": "Feature", "properties": {"id": "way/607901291", "name": "Namma Metro - Reach 4", "line": "Namma Metro - Reach 4", "source": "OpenStreetMap", "kind": "metro_line"}, "geometry": {"type": "LineString", "coordinates": [[77.5736697, 12.9505263], [77.573682, 12.9494784], [77.5737034, 12.9493497], [77.5737394, 12.9491926], [77.5738056, 12.9490352], [77.5739095, 12.9488596], [77.5739893, 12.9487534], [77.5741048, 12.9486504], [77.5742193, 12.9485691], [77.5743433, 12.9485063], [77.5745464, 12.9484359], [77.5748232, 12.9483849], [77.5751762, 12.948341], [77.5754527, 12.9483139], [77.5757248, 12.9482868], [77.5760156, 12.9482635], [77.5763642, 12.9482449], [77.5789727, 12.9482654], [77.5791613, 12.948229], [77.5793679, 12.9481519], [77.5795852, 12.9480153], [77.5797395, 12.9478707], [77.5798441, 12.9477061], [77.5799135, 12.9475749], [77.5799445, 12.947461], [77.5799729, 12.9473129], [77.5799811, 12.9470624], [77.5799954, 12.9465339]]}}, {"type": "Feature", "properties": {"id": "way/607901292", "name": "Namma Metro - Underground UG2", "line": "Namma Metro - Underground UG2", "source": "OpenStreetMap", "kind": "metro_line"}, "geometry": {"type": "LineString", "coordinates": [[77.5719286, 12.9870435], [77.5719804, 12.985722], [77.5719198, 12.9835008], [77.5718723, 12.9817925], [77.5718808, 12.9814936], [77.5719113, 12.9804185], [77.5719366, 12.9803127], [77.5719987, 12.9801257], [77.5720722, 12.9800028], [77.5722095, 12.979757], [77.5726049, 12.9789913], [77.5726933, 12.9788053], [77.5727682, 12.9784921], [77.5727665, 12.9779567], [77.5728693, 12.9768266], [77.5728675, 12.9759557]]}}, {"type": "Feature", "properties": {"id": "way/607901293", "name": "Namma Metro - Reach 3B", "line": "Namma Metro - Reach 3B", "source": "OpenStreetMap", "kind": "metro_line"}, "geometry": {"type": "LineString", "coordinates": [[77.5254867, 13.0362716], [77.5249635, 13.0365953], [77.5245629, 13.0368135], [77.5232156, 13.0375474]]}}, {"type": "Feature", "properties": {"id": "way/607901294", "name": "Namma Metro - Reach 3A", "line": "Namma Metro - Reach 3A", "source": "OpenStreetMap", "kind": "metro_line"}, "geometry": {"type": "LineString", "coordinates": [[77.5331801, 13.0329814], [77.5309624, 13.0342751], [77.5305909, 13.0344526], [77.5300641, 13.0346863], [77.5297884, 13.0347828], [77.5283536, 13.0351655], [77.5272283, 13.0354574], [77.5269572, 13.035543], [77.5265808, 13.0356901], [77.5262264, 13.0358697], [77.5254867, 13.0362716]]}}, {"type": "Feature", "properties": {"id": "way/607901295", "name": "Namma Metro - Underground UG2", "line": "Namma Metro - Underground UG2", "source": "OpenStreetMap", "kind": "metro_line"}, "geometry": {"type": "LineString", "coordinates": [[77.5718612, 12.988324], [77.571893, 12.9877738], [77.571907, 12.987532], [77.5719286, 12.9870435]]}}, {"type": "Feature", "properties": {"id": "way/607901296", "name": "Namma Metro - Reach 3", "line": "Namma Metro - Reach 3", "source": "OpenStreetMap", "kind": "metro_line"}, "geometry": {"type": "LineString", "coordinates": [[77.5706929, 12.9904282], [77.5710307, 12.9899678], [77.5713265, 12.9895809], [77.5715698, 12.9892051], [77.5717311, 12.9888445], [77.571799, 12.9886144], [77.5718612, 12.988324]]}}, {"type": "Feature", "properties": {"id": "way/607901297", "name": "Namma Metro - Reach 3", "line": "Namma Metro - Reach 3", "source": "OpenStreetMap", "kind": "metro_line"}, "geometry": {"type": "LineString", "coordinates": [[77.5706929, 12.9904282], [77.5698224, 12.9916413], [77.5695702, 12.9919928], [77.569016, 12.9927535], [77.5684697, 12.9936033], [77.5677037, 12.9946858], [77.5668326, 12.9959165], [77.5666128, 12.9961518], [77.5664602, 12.9962488], [77.5662729, 12.9963312], [77.5661165, 12.9963717], [77.565958, 12.9963972], [77.5658378, 12.9963943], [77.565721, 12.9963842], [77.5656097, 12.9963696], [77.5654983, 12.9963501], [77.564924, 12.9962436], [77.5648653, 12.9962338], [77.5648039, 12.996229], [77.5647401, 12.9962295], [77.5646787, 12.9962355], [77.5645564, 12.9962489], [77.5644341, 12.9962655], [77.5643161, 12.9962847], [77.5641984, 12.9963069], [77.5639029, 12.996372], [77.5632993, 12.9964948]]}}, {"type": "Feature", "properties": {"id": "way/607901299", "name": "Namma Metro - Reach 3A", "line": "Namma Metro - Reach 3A", "source": "OpenStreetMap", "kind": "metro_line"}, "geometry": {"type": "LineString", "coordinates": [[77.5404372, 13.028613], [77.5401865, 13.0287531], [77.5387127, 13.0295646], [77.5378173, 13.030084], [77.5365756, 13.0308784], [77.5354031, 13.0316757], [77.5331801, 13.0329814]]}}, {"type": "Feature", "properties": {"id": "way/607901300", "name": "Namma Metro - Reach 3A", "line": "Namma Metro - Reach 3A", "source": "OpenStreetMap", "kind": "metro_line"}, "geometry": {"type": "LineString", "coordinates": [[77.5497052, 13.0232981], [77.5484213, 13.0240342], [77.5480444, 13.0242502], [77.5472973, 13.0246844], [77.5464536, 13.0251476], [77.5438186, 13.0266707], [77.5436384, 13.0267681], [77.5435285, 13.0268336], [77.5433472, 13.0269586], [77.5431767, 13.0270655], [77.5424486, 13.0274783], [77.5416236, 13.027948], [77.5404372, 13.028613]]}}, {"type": "Feature", "properties": {"id": "way/607901301", "name": "Namma Metro - Reach 3", "line": "Namma Metro - Reach 3", "source": "OpenStreetMap", "kind": "metro_line"}, "geometry": {"type": "LineString", "coordinates": [[77.5538212, 13.0164221], [77.5537946, 13.016635], [77.5537593, 13.0168162], [77.5536515, 13.0172278], [77.5533602, 13.0182884], [77.5531584, 13.0191069], [77.5530947, 13.0193244], [77.5530333, 13.0194632], [77.5526834, 13.020135], [77.5522394, 13.0209847], [77.5519638, 13.0214864], [77.5517426, 13.0218423], [77.5516508, 13.0219851], [77.5515537, 13.0220931], [77.5514347, 13.0222195], [77.5512561, 13.0223689], [77.5511295, 13.0224627], [77.5509692, 13.0225645], [77.5497052, 13.0232981]]}}, {"type": "Feature", "properties": {"id": "way/607901304", "name": "Namma Metro - Reach 3", "line": "Namma Metro - Reach 3", "source": "OpenStreetMap", "kind": "metro_line"}, "geometry": {"type": "LineString", "coordinates": [[77.5538212, 13.0164221], [77.5538646, 13.016001], [77.5539359, 13.0155717], [77.5539915, 13.0147178]]}}, {"type": "Feature", "properties": {"id": "way/607901308", "name": "Namma Metro - Reach 3", "line": "Namma Metro - Reach 3", "source": "OpenStreetMap", "kind": "metro_line"}, "geometry": {"type": "LineString", "coordinates": [[77.5539915, 13.0147178], [77.5540473, 13.01386], [77.5540452, 13.0137652], [77.5540379, 13.0136706], [77.5540249, 13.0135744], [77.5540064, 13.0134791], [77.553974, 13.0133898], [77.5538951, 13.0132485], [77.5537332, 13.0130746], [77.5535729, 13.0128999], [77.5534018, 13.0127758], [77.5531108, 13.0126195], [77.5523559, 13.012208], [77.5505966, 13.0112384], [77.550424, 13.01114], [77.5503229, 13.0110845], [77.5501246, 13.0109595], [77.5500206, 13.0108812], [77.5499341, 13.0108102], [77.5498385, 13.0107285], [77.5497379, 13.0106221], [77.5496361, 13.0105148], [77.5495449, 13.0104075], [77.5494364, 13.010262], [77.5493548, 13.0101362], [77.5492727, 13.010009], [77.5491877, 13.0098431], [77.549106, 13.0096621], [77.5490567, 13.0095354], [77.548977, 13.0092803], [77.5489144, 13.0089404], [77.5487834, 13.0080774]]}}, {"type": "Feature", "properties": {"id": "way/607901311", "name": "Namma Metro - Reach 3", "line": "Namma Metro - Reach 3", "source": "OpenStreetMap", "kind": "metro_line"}, "geometry": {"type": "LineString", "coordinates": [[77.5487834, 13.0080774], [77.5487742, 13.008017], [77.5487458, 13.0078314], [77.5486772, 13.0073828], [77.5486356, 13.007029], [77.5486354, 13.0066782], [77.5486726, 13.0061888], [77.548786, 13.0056562], [77.5488855, 13.0050354], [77.549318, 13.0025387], [77.5494289, 13.0017902], [77.5496166, 13.0005232]]}}, {"type": "Feature", "properties": {"id": "way/611279641", "name": "Namma Metro - Phase 2A", "line": "Namma Metro - Phase 2A", "source": "OpenStreetMap", "kind": "metro_line"}, "geometry": {"type": "LineString", "coordinates": [[77.6817687, 12.9993164], [77.6815323, 12.9996258], [77.6814524, 12.9997126], [77.6813652, 12.9997949], [77.6812723, 12.999871], [77.6811742, 12.9999406], [77.6810713, 13.0000032], [77.6809642, 13.0000587], [77.6808597, 13.0001043], [77.6807523, 13.0001429], [77.6806425, 13.0001746], [77.6805308, 13.0001991], [77.6804176, 13.0002163], [77.6803034, 13.0002263], [77.679762, 13.0002336], [77.677783, 13.0001424], [77.677373, 13.0001283], [77.6770002, 13.0001146], [77.676558, 13.0000602], [77.6759812, 12.999847], [77.6749749, 12.9993484], [77.6744393, 12.9990945], [77.6733334, 12.9985259], [77.6725308, 12.998139], [77.6708075, 12.9973436]]}}, {"type": "Feature", "properties": {"id": "way/630686433", "name": "Namma Metro - Reach 3B", "line": "Namma Metro - Reach 3B", "source": "OpenStreetMap", "kind": "metro_line"}, "geometry": {"type": "LineString", "coordinates": [[77.5001342, 13.0479383], [77.4995448, 13.0481601], [77.4992977, 13.0482536], [77.4983257, 13.0486216], [77.4979193, 13.0487754], [77.4954053, 13.0497029]]}}, {"type": "Feature", "properties": {"id": "way/630686434", "name": "Namma Metro - Reach 3B", "line": "Namma Metro - Reach 3B", "source": "OpenStreetMap", "kind": "metro_line"}, "geometry": {"type": "LineString", "coordinates": [[77.5125345, 13.0432196], [77.5113446, 13.0436394], [77.5109106, 13.0438356], [77.5088219, 13.0449141], [77.5082155, 13.0452307], [77.5051339, 13.0461228], [77.5028722, 13.0469353], [77.5017632, 13.0473337], [77.5012499, 13.0475284], [77.5001342, 13.0479383]]}}, {"type": "Feature", "properties": {"id": "way/630686435", "name": "Namma Metro - Reach 3B", "line": "Namma Metro - Reach 3B", "source": "OpenStreetMap", "kind": "metro_line"}, "geometry": {"type": "LineString", "coordinates": [[77.5197223, 13.0393735], [77.5184913, 13.0400359], [77.5183668, 13.0401276], [77.5164823, 13.0418398], [77.5161933, 13.0419772], [77.5125345, 13.0432196]]}}, {"type": "Feature", "properties": {"id": "way/630686436", "name": "Namma Metro - Reach 3B", "line": "Namma Metro - Reach 3B", "source": "OpenStreetMap", "kind": "metro_line"}, "geometry": {"type": "LineString", "coordinates": [[77.5232156, 13.0375474], [77.5206012, 13.0389638], [77.5197223, 13.0393735]]}}, {"type": "Feature", "properties": {"id": "way/742634556", "name": "Namma Metro - Reach 2A", "line": "Namma Metro - Reach 2A", "source": "OpenStreetMap", "kind": "metro_line"}, "geometry": {"type": "LineString", "coordinates": [[77.5128163, 12.9355937], [77.5124016, 12.9354476], [77.5122188, 12.9353832], [77.511542, 12.9351752], [77.5110398, 12.9349649]]}}, {"type": "Feature", "properties": {"id": "way/828184602", "name": "Metro", "line": "metro", "source": "OpenStreetMap", "kind": "metro_line"}, "geometry": {"type": "LineString", "coordinates": [[77.6557628, 12.9917053], [77.6557363, 12.9916959], [77.6556595, 12.9916661], [77.655595, 12.9916352], [77.655516, 12.9915914], [77.6550294, 12.9912839], [77.6549615, 12.9912458], [77.6548563, 12.9911921]]}}, {"type": "Feature", "properties": {"id": "way/828184603", "name": "Metro", "line": "metro", "source": "OpenStreetMap", "kind": "metro_line"}, "geometry": {"type": "LineString", "coordinates": [[77.655784, 12.9916517], [77.6557581, 12.9916413], [77.6556827, 12.9916141], [77.655626, 12.9915886], [77.6555546, 12.9915521], [77.6554816, 12.9915082], [77.6553008, 12.9914023], [77.6551813, 12.9913388], [77.6550245, 12.991266], [77.6548563, 12.9911921], [77.654798, 12.9911654], [77.6547248, 12.9911364], [77.6546157, 12.9910998]]}}, {"type": "Feature", "properties": {"id": "way/828184604", "name": "Metro", "line": "metro", "source": "OpenStreetMap", "kind": "metro_line"}, "geometry": {"type": "LineString", "coordinates": [[77.6558135, 12.9915745], [77.655789, 12.9915641], [77.6550521, 12.991237], [77.6549816, 12.9912078], [77.6548673, 12.9911688]]}}, {"type": "Feature", "properties": {"id": "way/828184607", "name": "Metro", "line": "metro", "source": "OpenStreetMap", "kind": "metro_line"}, "geometry": {"type": "LineString", "coordinates": [[77.6566356, 12.9925924], [77.6566098, 12.9925756], [77.6565191, 12.9925114], [77.6564355, 12.9924502], [77.6561465, 12.992185], [77.6560379, 12.9920858], [77.6559582, 12.992015], [77.6558927, 12.9919609], [77.6558035, 12.9918976], [77.6555357, 12.9917275]]}}, {"type": "Feature", "properties": {"id": "way/828184616", "name": "Metro", "line": "metro", "source": "OpenStreetMap", "kind": "metro_line"}, "geometry": {"type": "LineString", "coordinates": [[77.6491781, 12.9887008], [77.6505869, 12.9893161]]}}, {"type": "Feature", "properties": {"id": "way/828184617", "name": "Metro", "line": "metro", "source": "OpenStreetMap", "kind": "metro_line"}, "geometry": {"type": "LineString", "coordinates": [[77.6490661, 12.9889455], [77.6504755, 12.989561]]}}, {"type": "Feature", "properties": {"id": "way/828189908", "name": "Metro", "line": "metro", "source": "OpenStreetMap", "kind": "metro_line"}, "geometry": {"type": "LineString", "coordinates": [[77.6492056, 12.9893514], [77.6505063, 12.9899202]]}}, {"type": "Feature", "properties": {"id": "way/828189909", "name": "Metro", "line": "metro", "source": "OpenStreetMap", "kind": "metro_line"}, "geometry": {"type": "LineString", "coordinates": [[77.6547428, 12.9909917], [77.6546263, 12.9909655], [77.6545679, 12.990956], [77.6544596, 12.9909438], [77.6543947, 12.9909341], [77.6542952, 12.9909151]]}}, {"type": "Feature", "properties": {"id": "way/828189910", "name": "Metro", "line": "metro", "source": "OpenStreetMap", "kind": "metro_line"}, "geometry": {"type": "LineString", "coordinates": [[77.6511798, 12.9896064], [77.6511119, 12.9895156], [77.6510631, 12.9894558], [77.6509904, 12.9893849], [77.6509158, 12.9893139], [77.6508569, 12.9892648], [77.6507697, 12.9892097], [77.6506812, 12.9891668], [77.6504855, 12.9890814]]}}, {"type": "Feature", "properties": {"id": "way/828189911", "name": "Metro", "line": "metro", "source": "OpenStreetMap", "kind": "metro_line"}, "geometry": {"type": "LineString", "coordinates": [[77.6519894, 12.9903147], [77.6518778, 12.9902562], [77.6517961, 12.9902187], [77.6517274, 12.9901888], [77.6516492, 12.9901492], [77.6515849, 12.9901078], [77.6515045, 12.9900506], [77.6514238, 12.9899859], [77.6513661, 12.9899324], [77.6513096, 12.9898687], [77.6512572, 12.9898056], [77.6512028, 12.9897336], [77.651142, 12.9896353], [77.6510913, 12.9895689], [77.6510325, 12.9895043], [77.6509569, 12.9894329], [77.6508779, 12.9893674], [77.6507988, 12.9893132], [77.6507194, 12.9892731], [77.6506251, 12.9892303]]}}, {"type": "Feature", "properties": {"id": "way/839641001", "name": "Namma Metro Green Line Phase 2 Extension", "line": "Namma Metro Green Line Phase 2 Extension", "source": "OpenStreetMap", "kind": "metro_line"}, "geometry": {"type": "LineString", "coordinates": [[77.5276455, 12.8580226], [77.5272465, 12.8574672], [77.5256468, 12.855904], [77.5252744, 12.8555401], [77.5246937, 12.8549726], [77.5232565, 12.8535346]]}}, {"type": "Feature", "properties": {"id": "way/839641002", "name": "Namma Metro Green Line Phase 2 Extension", "line": "Namma Metro Green Line Phase 2 Extension", "source": "OpenStreetMap", "kind": "metro_line"}, "geometry": {"type": "LineString", "coordinates": [[77.5276932, 12.8579955], [77.5272977, 12.8574413], [77.5232974, 12.8534953]]}}, {"type": "Feature", "properties": {"id": "way/971335097", "name": "Namma Metro - Phase 2B", "line": "Namma Metro - Phase 2B", "source": "OpenStreetMap", "kind": "metro_line"}, "geometry": {"type": "LineString", "coordinates": [[77.5972348, 13.0421731], [77.5967561, 13.042028], [77.5963039, 13.0419774], [77.5944869, 13.0419996], [77.5939826, 13.0421378], [77.5936163, 13.0424145], [77.5931715, 13.0430987], [77.591736, 13.0457893], [77.5917112, 13.0462938], [77.592055, 13.0473313], [77.5927564, 13.0487529], [77.5930263, 13.0495759], [77.5936865, 13.0525448], [77.5937191, 13.0533977], [77.5935759, 13.055316], [77.5935862, 13.0600017], [77.5935043, 13.0621821]]}}, {"type": "Feature", "properties": {"id": "way/977931841", "name": "Namma Metro - Reach 2B", "line": "Namma Metro - Reach 2B", "source": "OpenStreetMap", "kind": "metro_line"}, "geometry": {"type": "LineString", "coordinates": [[77.460634, 12.896812], [77.4609694, 12.8971334], [77.4612175, 12.8973303], [77.4617055, 12.8977174], [77.4625151, 12.8982337], [77.4629805, 12.8985305], [77.4647048, 12.8996174], [77.4651135, 12.899896], [77.465526, 12.9001772], [77.4663054, 12.9006486], [77.4688468, 12.9020211], [77.4691092, 12.9022121], [77.4695559, 12.9026931], [77.4699401, 12.9033025], [77.4706018, 12.9043948], [77.4707634, 12.9046591], [77.4709565, 12.9048816], [77.4712115, 12.9050962], [77.471968, 12.9056391], [77.4732291, 12.9066194]]}}, {"type": "Feature", "properties": {"id": "way/977931842", "name": "Namma Metro - Reach 2B", "line": "Namma Metro - Reach 2B", "source": "OpenStreetMap", "kind": "metro_line"}, "geometry": {"type": "LineString", "coordinates": [[77.4732453, 12.9065872], [77.4719986, 12.9055984], [77.4712438, 12.9050568], [77.4709934, 12.904846], [77.4708057, 12.9046297], [77.4706463, 12.9043691], [77.4699844, 12.9032765], [77.4695975, 12.9026627], [77.4691442, 12.9021746], [77.4688749, 12.9019787], [77.4663316, 12.9006051], [77.4655545, 12.9001351], [77.4647337, 12.8995756], [77.4630087, 12.8984882], [77.4621519, 12.8979418], [77.4617361, 12.8976766], [77.4612476, 12.897289], [77.4610021, 12.8970943], [77.4606635, 12.8967793]]}}, {"type": "Feature", "properties": {"id": "way/1042583168", "name": "Pink Line (Kalena Agrahara - Nagawara)", "line": "Pink Line (Kalena Agrahara - Nagawara)", "source": "OpenStreetMap", "kind": "metro_line"}, "geometry": {"type": "LineString", "coordinates": [[77.5927518, 12.8686512], [77.5928649, 12.8691237], [77.5931039, 12.8699183], [77.5932659, 12.8706722], [77.5938386, 12.8723529], [77.5940833, 12.8730648], [77.5943994, 12.8737843], [77.594613, 12.874437], [77.5948336, 12.8750476], [77.5948926, 12.8753117], [77.594951, 12.8757291], [77.5949651, 12.8761571]]}}, {"type": "Feature", "properties": {"id": "way/1072928583", "name": "Pink Line (Nagawara - Kalena Agrahara)", "line": "Pink Line (Nagawara - Kalena Agrahara)", "source": "OpenStreetMap", "kind": "metro_line"}, "geometry": {"type": "LineString", "coordinates": [[77.6062779, 12.9919088], [77.6071227, 12.9943974], [77.6071514, 12.9946566], [77.6071214, 12.9950351], [77.6070887, 12.9958792], [77.6069774, 12.9967574], [77.6069956, 12.9970885], [77.6071182, 12.997463], [77.6072697, 12.9977223], [77.6083568, 12.9992862], [77.6093589, 13.000549], [77.6105487, 13.0017028], [77.6110313, 13.0021317], [77.6113397, 13.0024074], [77.6116023, 13.0026842], [77.6119585, 13.0032458], [77.6121414, 13.0035226], [77.6122728, 13.0038158], [77.612212, 13.0051763], [77.6121656, 13.0060584], [77.6121975, 13.0065601], [77.6122391, 13.0067708], [77.6123729, 13.0071207], [77.6127379, 13.0079207], [77.6130971, 13.0085933], [77.6139487, 13.0095903], [77.6142614, 13.0099852], [77.6158421, 13.0117038], [77.6162769, 13.012504], [77.6180179, 13.0173057], [77.6185023, 13.018785], [77.6192514, 13.0221457], [77.6193586, 13.0227719], [77.6194107, 13.023076], [77.6195245, 13.0244652], [77.6194891, 13.025044], [77.6195068, 13.0254791], [77.6195628, 13.0258977], [77.6195762, 13.0259981], [77.6200417, 13.0273535], [77.6204337, 13.028495], [77.6205534, 13.029344], [77.6207269, 13.0299575], [77.6210024, 13.0306498], [77.6217287, 13.0320859], [77.6220989, 13.0328981], [77.6228338, 13.0347461], [77.6234936, 13.0359972], [77.623912, 13.0372458], [77.6239509, 13.0374216], [77.62404, 13.037824], [77.6242495, 13.0385678], [77.624515, 13.0395324], [77.6250196, 13.0412156], [77.6254543, 13.0425278], [77.625685, 13.0429981], [77.6259317, 13.0434], [77.626334, 13.0439179]]}}, {"type": "Feature", "properties": {"id": "way/1072928584", "name": "Pink Line (Kalena Agrahara - Nagawara)", "line": "Pink Line (Kalena Agrahara - Nagawara)", "source": "OpenStreetMap", "kind": "metro_line"}, "geometry": {"type": "LineString", "coordinates": [[77.6062277, 12.9919228], [77.6070728, 12.9944079], [77.6071004, 12.9946574], [77.6070707, 12.9950323], [77.6070381, 12.9958752], [77.6069265, 12.9967557], [77.6069453, 12.9970975], [77.6070715, 12.997483], [77.6072266, 12.9977484], [77.6083157, 12.9993152], [77.6093208, 13.0005818], [77.6105137, 13.0017386], [77.610997, 13.0021682], [77.6113039, 13.0024425], [77.6115617, 13.0027143], [77.6119156, 13.0032722], [77.6120965, 13.003546], [77.6122216, 13.0038251], [77.6121613, 13.005174], [77.6121148, 13.0060587], [77.6121471, 13.0065663], [77.6121901, 13.0067842], [77.6123259, 13.0071394], [77.6126922, 13.0079422], [77.6130546, 13.0086208], [77.6139091, 13.0096212], [77.6142228, 13.0100174], [77.6154522, 13.0112826], [77.6157991, 13.0117304], [77.6162303, 13.0125239], [77.6179698, 13.0173215], [77.6184532, 13.0187978], [77.6192015, 13.022155], [77.6193089, 13.0227818], [77.6193603, 13.023082], [77.6194736, 13.0244657], [77.6194383, 13.0250435], [77.6194562, 13.0254833], [77.6194868, 13.025712], [77.6195129, 13.0259074], [77.6195265, 13.0260092], [77.6200028, 13.0273961], [77.6203841, 13.0285063], [77.6205036, 13.029354], [77.6206787, 13.029973], [77.6209559, 13.0306697], [77.6216827, 13.0321069], [77.622052, 13.0329171], [77.6227874, 13.0347664], [77.6234466, 13.0360163], [77.6238629, 13.0372587], [77.6239013, 13.037432], [77.6239892, 13.0378293], [77.6241992, 13.0385751], [77.624466, 13.0395454], [77.6249709, 13.0412295], [77.6254069, 13.0425454], [77.6256386, 13.0430183], [77.6258881, 13.0434256], [77.6262945, 13.0439491]]}}, {"type": "Feature", "properties": {"id": "way/1080802067", "name": "Pink Line (Kalena Agrahara - Nagawara)", "line": "Pink Line (Kalena Agrahara - Nagawara)", "source": "OpenStreetMap", "kind": "metro_line"}, "geometry": {"type": "LineString", "coordinates": [[77.6060377, 12.9570339], [77.6061589, 12.9574967], [77.6062693, 12.9579562], [77.6063713, 12.9584175], [77.6064651, 12.9588804], [77.6065505, 12.9593449], [77.6066275, 12.9598108], [77.6066961, 12.9602779], [77.6067564, 12.9607461], [77.6068082, 12.9612153], [77.60685, 12.9616679], [77.6068841, 12.9621211], [77.6069103, 12.9625748], [77.6069286, 12.9630289], [77.6069376, 12.9634852], [77.6069332, 12.9644158], [77.6069236, 12.9650194], [77.6068876, 12.966163], [77.6068708, 12.9665963], [77.6067547, 12.9673317], [77.6066365, 12.9678457], [77.6064458, 12.9683202], [77.6063153, 12.9688643], [77.6063005, 12.9690168], [77.6063005, 12.9691995], [77.6064518, 12.9696582], [77.6068788, 12.9711432], [77.6072645, 12.9729776], [77.6074303, 12.9735498], [77.6076941, 12.9744552], [77.6079905, 12.9752711], [77.6086516, 12.9770453], [77.6087841, 12.9777532], [77.6087885, 12.977953], [77.6087659, 12.9781069], [77.6087198, 12.9782494], [77.6086491, 12.9784185], [77.6085361, 12.9786137], [77.6083337, 12.9789234], [77.6080628, 12.9792587], [77.6077865, 12.9795185], [77.6075584, 12.9797113], [77.6073284, 12.9798532], [77.6071117, 12.9799478], [77.6069926, 12.9799908], [77.6052555, 12.9805655], [77.6044474, 12.980821], [77.6038225, 12.9809781], [77.6035123, 12.9810737], [77.6032862, 12.981201], [77.6030865, 12.9814164], [77.6029035, 12.9816872], [77.6027056, 12.9819795], [77.6025682, 12.982228], [77.6023934, 12.982566], [77.6022678, 12.9828664], [77.6022141, 12.9829873], [77.6021316, 12.9833063]]}}, {"type": "Feature", "properties": {"id": "way/1080802068", "name": "Pink Line (Kalena Agrahara - Nagawara)", "line": "Pink Line (Kalena Agrahara - Nagawara)", "source": "OpenStreetMap", "kind": "metro_line"}, "geometry": {"type": "LineString", "coordinates": [[77.6018058, 12.9847796], [77.6018011, 12.9850734], [77.6019061, 12.9857557], [77.6021309, 12.9862737], [77.6025137, 12.9868012], [77.6030142, 12.9872042], [77.6035545, 12.9875684], [77.603731, 12.9876874], [77.604655, 12.9882234], [77.6051944, 12.988749], [77.6054497, 12.9890994], [77.6055971, 12.9895763], [77.6059956, 12.9911332], [77.6062277, 12.9919228]]}}, {"type": "Feature", "properties": {"id": "way/1082372768", "name": "Namma Metro - Phase 2B", "line": "Namma Metro - Phase 2B", "source": "OpenStreetMap", "kind": "metro_line"}, "geometry": {"type": "LineString", "coordinates": [[77.6631941, 13.000668], [77.663309, 13.0023105], [77.663151, 13.0049937], [77.6626293, 13.0079838], [77.6625522, 13.0088798], [77.6620804, 13.0157169], [77.6620175, 13.0160428], [77.6618464, 13.0163414], [77.6616799, 13.0164678], [77.6400131, 13.0257818], [77.6393912, 13.0259398], [77.6363657, 13.0265314], [77.6331599, 13.0276123], [77.6321398, 13.028061], [77.6319151, 13.0282951], [77.6318023, 13.0284577], [77.6277091, 13.0365891], [77.6275291, 13.0368347], [77.6274389, 13.0369262], [77.6270971, 13.0372534], [77.6260231, 13.0379421], [77.6258533, 13.038115], [77.6243233, 13.0401301], [77.6238948, 13.0406953], [77.6237151, 13.0408833], [77.6234418, 13.0410322], [77.6230634, 13.0411316], [77.6172952, 13.040939], [77.6169989, 13.0409644], [77.6153567, 13.0414303], [77.6144668, 13.0417538], [77.6139865, 13.0420289], [77.6139128, 13.0420581], [77.6135212, 13.0422009], [77.6084326, 13.0433961], [77.6071837, 13.043607], [77.6068499, 13.0436634], [77.6063754, 13.0436927], [77.5998992, 13.0436868], [77.5994486, 13.0436328], [77.5992339, 13.0435784], [77.598717, 13.0432975], [77.5972348, 13.0421731]]}}, {"type": "Feature", "properties": {"id": "way/1082372769", "name": "Namma Metro - Phase 2B", "line": "Namma Metro - Phase 2B", "source": "OpenStreetMap", "kind": "metro_line"}, "geometry": {"type": "LineString", "coordinates": [[77.6632401, 13.00067], [77.6633396, 13.0023129], [77.6631815, 13.0049974], [77.6626598, 13.0079876], [77.6625828, 13.0088821], [77.662111, 13.0157207], [77.6620468, 13.0160531], [77.6618702, 13.0163613], [77.6616958, 13.0164937], [77.6400232, 13.0258101], [77.6393981, 13.025969], [77.6363738, 13.0265604], [77.6331712, 13.0276401], [77.6321581, 13.0280859], [77.6319392, 13.0283139], [77.6318289, 13.0284727], [77.6277356, 13.0366045], [77.6275529, 13.0368539], [77.6274608, 13.0369473], [77.6271165, 13.0372768], [77.6260429, 13.0379652], [77.6258769, 13.0381344], [77.6239185, 13.0407145], [77.6237343, 13.0409072], [77.6234534, 13.0410602], [77.6230669, 13.0411617], [77.617296, 13.040969], [77.6170046, 13.040994], [77.6153664, 13.0414588], [77.61448, 13.0417809], [77.6139999, 13.042056], [77.6135303, 13.0422296], [77.6084389, 13.0434255], [77.6068535, 13.0436932], [77.6063763, 13.0437226], [77.5998973, 13.0437167], [77.5994428, 13.0436623], [77.5992224, 13.0436064], [77.5986999, 13.0433225], [77.5972247, 13.0422046]]}}, {"type": "Feature", "properties": {"id": "way/1127946863", "name": "Metro", "line": "metro", "source": "OpenStreetMap", "kind": "metro_line"}, "geometry": {"type": "LineString", "coordinates": [[77.7532352, 12.9880318], [77.7533618, 12.9880815], [77.7534237, 12.9881165], [77.753481, 12.9881552], [77.7535463, 12.9882083], [77.7536002, 12.9882594], [77.7536545, 12.9883179], [77.7536982, 12.9883751], [77.7537462, 12.9884454], [77.7537891, 12.9885223], [77.7538148, 12.9885898], [77.7538484, 12.9886801], [77.7538757, 12.9887513], [77.7539161, 12.9888251], [77.7539612, 12.9888923], [77.7540281, 12.9889873], [77.754597, 12.989823], [77.754958, 12.9903664], [77.7549927, 12.9904134], [77.7550336, 12.9904604], [77.7556341, 12.9910558], [77.7556895, 12.9911175], [77.7557854, 12.9912262]]}}, {"type": "Feature", "properties": {"id": "way/1189299285", "name": "Pink Line (Nagawara - Kalena Agrahara)", "line": "Pink Line (Nagawara - Kalena Agrahara)", "source": "OpenStreetMap", "kind": "metro_line"}, "geometry": {"type": "LineString", "coordinates": [[77.5920582, 12.8666155], [77.5927518, 12.8686512], [77.5929092, 12.8691131], [77.5933908, 12.8705139], [77.5939711, 12.8722015], [77.5943964, 12.8734604], [77.594484, 12.87372], [77.5946419, 12.8741746], [77.5948006, 12.8746315], [77.5949291, 12.8750283], [77.5949916, 12.875346], [77.5950843, 12.8759843], [77.5951728, 12.8766729], [77.5952919, 12.8774007], [77.5954111, 12.8779949], [77.5955185, 12.8785525], [77.595642, 12.8792644], [77.5957427, 12.8798847], [77.5957934, 12.8802286], [77.5960386, 12.8817283], [77.5964795, 12.8842533], [77.5966708, 12.8853742], [77.5968396, 12.8863521], [77.5969412, 12.8871202], [77.596973, 12.8873018], [77.5970413, 12.8876159], [77.5971115, 12.8878884], [77.5977467, 12.8896198], [77.5982165, 12.8907331], [77.5985424, 12.8916156], [77.598708, 12.892056], [77.5988804, 12.8924764], [77.5989725, 12.8928295], [77.5990821, 12.8933136], [77.5991305, 12.8936141], [77.5992776, 12.8944574], [77.599828, 12.8964693], [77.5999346, 12.8968612], [77.6001992, 12.8977676], [77.6007593, 12.8993947], [77.6008679, 12.899762], [77.6009052, 12.8999257], [77.6009354, 12.9000893], [77.6009655, 12.9002403], [77.6009979, 12.900418], [77.6010197, 12.9005574], [77.6010384, 12.9006974], [77.6011377, 12.9017066], [77.6011557, 12.9018428], [77.6011775, 12.9019786], [77.6012, 12.9020981], [77.6012255, 12.9022174], [77.6013728, 12.9028831], [77.6016006, 12.9037506], [77.6017876, 12.9045217], [77.6018064, 12.9046495], [77.60182, 12.9047768], [77.6018286, 12.9049045], [77.601832, 12.9050344], [77.6018302, 12.9051643], [77.6018231, 12.905295], [77.6018066, 12.9054178], [77.6017828, 12.905539], [77.6017518, 12.9056587], [77.6017153, 12.9057715], [77.6016723, 12.905882], [77.6016239, 12.9059879], [77.6015844, 12.9060873], [77.6015387, 12.9061867], [77.6014877, 12.9062837], [77.6014224, 12.9063925], [77.6013505, 12.9064974], [77.6012733, 12.9065965], [77.6006863, 12.9073773], [77.6006113, 12.9074981], [77.6005442, 12.9076238], [77.6004855, 12.9077535], [77.6004367, 12.9078833], [77.6003963, 12.9080158], [77.6003647, 12.90815], [77.6003235, 12.90844], [77.6002834, 12.9087428], [77.6000581, 12.9112226], [77.6000218, 12.9114964], [77.5999908, 12.9117695], [77.599965, 12.912043], [77.5999442, 12.9123186], [77.5999286, 12.9125945], [77.5999182, 12.91287], [77.5999684, 12.9141119]]}}, {"type": "Feature", "properties": {"id": "way/1189299286", "name": "Pink Line (Kalena Agrahara - Nagawara)", "line": "Pink Line (Kalena Agrahara - Nagawara)", "source": "OpenStreetMap", "kind": "metro_line"}, "geometry": {"type": "LineString", "coordinates": [[77.6008831, 12.9000732], [77.6009202, 12.9002488], [77.6009524, 12.9004253], [77.600974, 12.9005637], [77.6009926, 12.9007024], [77.6010919, 12.9017116], [77.6011101, 12.9018492], [77.6011321, 12.9019862], [77.6011547, 12.9021067], [77.6011804, 12.9022267], [77.6013279, 12.9028934], [77.6015559, 12.9037614], [77.6017423, 12.90453], [77.6017607, 12.904655], [77.6017741, 12.9047806], [77.6017825, 12.9049065], [77.6017859, 12.9050347], [77.6017841, 12.9051628], [77.6017772, 12.9052908], [77.6017611, 12.9054106], [77.6017378, 12.9055293], [77.6017074, 12.9056464], [77.6016717, 12.9057567], [77.6016296, 12.9058649], [77.6015814, 12.9059706], [77.6015418, 12.90607], [77.6014971, 12.9061672], [77.6014473, 12.9062621], [77.6013833, 12.9063687], [77.6013129, 12.9064713], [77.6012364, 12.9065696], [77.600648, 12.9073523], [77.6005711, 12.9074761], [77.6005026, 12.9076043], [77.6004428, 12.9077367], [77.6003929, 12.9078691], [77.6003517, 12.9080044], [77.6003194, 12.9081419], [77.6002778, 12.9084341], [77.6002376, 12.908738], [77.6000123, 12.9112178], [77.5999761, 12.911491], [77.599945, 12.9117649], [77.5999191, 12.9120393], [77.5998982, 12.9123157], [77.5998825, 12.9125924], [77.5998721, 12.9128694], [77.5999223, 12.914108]]}}, {"type": "Feature", "properties": {"id": "way/1189861890", "name": "Namma Metro - Underground UG2", "line": "Namma Metro - Underground UG2", "source": "OpenStreetMap", "kind": "metro_line"}, "geometry": {"type": "LineString", "coordinates": [[77.5720125, 12.9870468], [77.5720446, 12.9862279]]}}, {"type": "Feature", "properties": {"id": "way/1189861891", "name": "Namma Metro - Reach 3", "line": "Namma Metro - Reach 3", "source": "OpenStreetMap", "kind": "metro_line"}, "geometry": {"type": "LineString", "coordinates": [[77.5491229, 13.00992], [77.5489848, 13.0095523]]}}, {"type": "Feature", "properties": {"id": "way/1189863327", "name": "Namma Metro - Reach 3B", "line": "Namma Metro - Reach 3B", "source": "OpenStreetMap", "kind": "metro_line"}, "geometry": {"type": "LineString", "coordinates": [[77.5241459, 13.0370904], [77.5245629, 13.0368135]]}}, {"type": "Feature", "properties": {"id": "way/1189863328", "name": "Metro", "line": "metro", "source": "OpenStreetMap", "kind": "metro_line"}, "geometry": {"type": "LineString", "coordinates": [[77.5212264, 13.0387108], [77.5206466, 13.039037]]}}, {"type": "Feature", "properties": {"id": "way/1189863329", "name": "Metro", "line": "metro", "source": "OpenStreetMap", "kind": "metro_line"}, "geometry": {"type": "LineString", "coordinates": [[77.5262151, 13.0441767], [77.5258183, 13.0440093]]}}, {"type": "Feature", "properties": {"id": "way/1189863330", "name": "Metro", "line": "metro", "source": "OpenStreetMap", "kind": "metro_line"}, "geometry": {"type": "LineString", "coordinates": [[77.5231685, 13.0395828], [77.52332, 13.039982]]}}, {"type": "Feature", "properties": {"id": "way/1189863331", "name": "Metro", "line": "metro", "source": "OpenStreetMap", "kind": "metro_line"}, "geometry": {"type": "LineString", "coordinates": [[77.5256042, 13.0438976], [77.5258183, 13.0440093], [77.5267787, 13.0445104]]}}, {"type": "Feature", "properties": {"id": "way/1189874379", "name": "Metro", "line": "metro", "source": "OpenStreetMap", "kind": "metro_line"}, "geometry": {"type": "LineString", "coordinates": [[77.5276625, 13.0445933], [77.5277624, 13.044557], [77.527812, 13.0445369], [77.5279379, 13.0444838], [77.5280122, 13.0444562], [77.5281121, 13.0444225]]}}, {"type": "Feature", "properties": {"id": "way/1189883246", "name": "Metro", "line": "metro", "source": "OpenStreetMap", "kind": "metro_line"}, "geometry": {"type": "LineString", "coordinates": [[77.5294172, 13.0438486], [77.5295028, 13.0437891], [77.5295922, 13.043735], [77.5299632, 13.0435059], [77.530207, 13.0433567], [77.53026, 13.0433249], [77.530321, 13.0432849], [77.5303674, 13.0432478], [77.5305511, 13.0430922], [77.5306055, 13.0430498], [77.5306687, 13.0430073], [77.5307188, 13.0429791], [77.5307877, 13.0429458], [77.5308552, 13.0429189], [77.5309329, 13.0428935], [77.5312835, 13.0427987]]}}, {"type": "Feature", "properties": {"id": "way/1189883322", "name": "Metro", "line": "metro", "source": "OpenStreetMap", "kind": "metro_line"}, "geometry": {"type": "LineString", "coordinates": [[77.5299632, 13.0435059], [77.5300431, 13.0434497], [77.5301212, 13.0433884], [77.5305699, 13.0430129], [77.5306232, 13.0429717], [77.5306861, 13.0429305], [77.5307557, 13.0428925], [77.5308222, 13.0428615], [77.5308997, 13.0428318], [77.5309858, 13.0428033], [77.5312627, 13.0427299]]}}, {"type": "Feature", "properties": {"id": "way/1189883325", "name": "Metro", "line": "metro", "source": "OpenStreetMap", "kind": "metro_line"}, "geometry": {"type": "LineString", "coordinates": [[77.5296213, 13.0436799], [77.5297273, 13.0436051], [77.5297949, 13.0435644], [77.5298755, 13.0435184], [77.5299467, 13.0434717], [77.530012, 13.0434222], [77.5306943, 13.0428572], [77.5307706, 13.0427985], [77.5308461, 13.0427504], [77.5309172, 13.0427143], [77.530984, 13.0426853], [77.5310508, 13.0426613], [77.5312266, 13.0426107]]}}, {"type": "Feature", "properties": {"id": "way/1189883984", "name": "Metro", "line": "metro", "source": "OpenStreetMap", "kind": "metro_line"}, "geometry": {"type": "LineString", "coordinates": [[77.5326547, 13.0428891], [77.5312798, 13.0432748]]}}, {"type": "Feature", "properties": {"id": "way/1189884272", "name": "Metro", "line": "metro", "source": "OpenStreetMap", "kind": "metro_line"}, "geometry": {"type": "LineString", "coordinates": [[77.5311987, 13.043644], [77.5310726, 13.0436745], [77.5310031, 13.0436867], [77.5309115, 13.0436977], [77.5308467, 13.0437078], [77.5307562, 13.0437253]]}}, {"type": "Feature", "properties": {"id": "way/1189885022", "name": "Metro", "line": "metro", "source": "OpenStreetMap", "kind": "metro_line"}, "geometry": {"type": "LineString", "coordinates": [[77.5279605, 13.0445765], [77.5281474, 13.0445398], [77.5283659, 13.0445129], [77.5284516, 13.0445009], [77.5285285, 13.0444839], [77.5285982, 13.0444676], [77.529788, 13.0441324], [77.5298424, 13.0441141], [77.5299099, 13.0440914], [77.5299796, 13.044061], [77.5303431, 13.0438984]]}}, {"type": "Feature", "properties": {"id": "way/1189885349", "name": "Metro", "line": "metro", "source": "OpenStreetMap", "kind": "metro_line"}, "geometry": {"type": "LineString", "coordinates": [[77.5292282, 13.0441509], [77.529333, 13.0441141], [77.5294144, 13.044083], [77.5298527, 13.0438901], [77.5305686, 13.0435751], [77.5306445, 13.0435448], [77.5307196, 13.0435196], [77.5308071, 13.0434956]]}}, {"type": "Feature", "properties": {"id": "way/1189885901", "name": "Metro", "line": "metro", "source": "OpenStreetMap", "kind": "metro_line"}, "geometry": {"type": "LineString", "coordinates": [[77.5298527, 13.0438901], [77.5299545, 13.0438509], [77.5300415, 13.0438245], [77.530837, 13.0436025]]}}, {"type": "Feature", "properties": {"id": "way/1189886181", "name": "Metro", "line": "metro", "source": "OpenStreetMap", "kind": "metro_line"}, "geometry": {"type": "LineString", "coordinates": [[77.530837, 13.0436025], [77.5311312, 13.0435204]]}}, {"type": "Feature", "properties": {"id": "way/1189886182", "name": "Metro", "line": "metro", "source": "OpenStreetMap", "kind": "metro_line"}, "geometry": {"type": "LineString", "coordinates": [[77.5308071, 13.0434956], [77.5310995, 13.0434155]]}}, {"type": "Feature", "properties": {"id": "way/1189886183", "name": "Metro", "line": "metro", "source": "OpenStreetMap", "kind": "metro_line"}, "geometry": {"type": "LineString", "coordinates": [[77.5311312, 13.0435204], [77.5312861, 13.0434772]]}}, {"type": "Feature", "properties": {"id": "way/1189886184", "name": "Metro", "line": "metro", "source": "OpenStreetMap", "kind": "metro_line"}, "geometry": {"type": "LineString", "coordinates": [[77.5310995, 13.0434155], [77.5312997, 13.0433606]]}}, {"type": "Feature", "properties": {"id": "way/1189888106", "name": "Metro", "line": "metro", "source": "OpenStreetMap", "kind": "metro_line"}, "geometry": {"type": "LineString", "coordinates": [[77.5331545, 13.0420767], [77.5312266, 13.0426107]]}}, {"type": "Feature", "properties": {"id": "way/1189888107", "name": "Metro", "line": "metro", "source": "OpenStreetMap", "kind": "metro_line"}, "geometry": {"type": "LineString", "coordinates": [[77.5331906, 13.0421958], [77.5312627, 13.0427299]]}}, {"type": "Feature", "properties": {"id": "way/1189888108", "name": "Metro", "line": "metro", "source": "OpenStreetMap", "kind": "metro_line"}, "geometry": {"type": "LineString", "coordinates": [[77.5332114, 13.0422646], [77.5312835, 13.0427987]]}}, {"type": "Feature", "properties": {"id": "way/1189888109", "name": "Metro", "line": "metro", "source": "OpenStreetMap", "kind": "metro_line"}, "geometry": {"type": "LineString", "coordinates": [[77.5331335, 13.0420071], [77.5312055, 13.0425412]]}}, {"type": "Feature", "properties": {"id": "way/1189888750", "name": "Metro", "line": "metro", "source": "OpenStreetMap", "kind": "metro_line"}, "geometry": {"type": "LineString", "coordinates": [[77.5331026, 13.0424737], [77.5316009, 13.0428914]]}}, {"type": "Feature", "properties": {"id": "way/1189888751", "name": "Metro", "line": "metro", "source": "OpenStreetMap", "kind": "metro_line"}, "geometry": {"type": "LineString", "coordinates": [[77.5316009, 13.0428914], [77.5311993, 13.0430031]]}}, {"type": "Feature", "properties": {"id": "way/1189888752", "name": "Metro", "line": "metro", "source": "OpenStreetMap", "kind": "metro_line"}, "geometry": {"type": "LineString", "coordinates": [[77.532601, 13.0427052], [77.5312261, 13.0430909]]}}, {"type": "Feature", "properties": {"id": "way/1189888753", "name": "Metro", "line": "metro", "source": "OpenStreetMap", "kind": "metro_line"}, "geometry": {"type": "LineString", "coordinates": [[77.5312499, 13.0431723], [77.530713, 13.0433162], [77.5306276, 13.0433445], [77.5305555, 13.0433771], [77.5304732, 13.043423], [77.5301897, 13.0435948], [77.5301201, 13.0436376], [77.5300257, 13.0436877]]}}, {"type": "Feature", "properties": {"id": "way/1189888754", "name": "Metro", "line": "metro", "source": "OpenStreetMap", "kind": "metro_line"}, "geometry": {"type": "LineString", "coordinates": [[77.5326387, 13.0428345], [77.5312638, 13.0432202]]}}, {"type": "Feature", "properties": {"id": "way/1189888755", "name": "Metro", "line": "metro", "source": "OpenStreetMap", "kind": "metro_line"}, "geometry": {"type": "LineString", "coordinates": [[77.5303206, 13.0435548], [77.5304282, 13.0435147], [77.53052, 13.0434878], [77.5312798, 13.0432748]]}}, {"type": "Feature", "properties": {"id": "way/1189891333", "name": "Metro", "line": "metro", "source": "OpenStreetMap", "kind": "metro_line"}, "geometry": {"type": "LineString", "coordinates": [[77.5356324, 13.0423631], [77.5343102, 13.0427276]]}}, {"type": "Feature", "properties": {"id": "way/1189892314", "name": "Metro", "line": "metro", "source": "OpenStreetMap", "kind": "metro_line"}, "geometry": {"type": "LineString", "coordinates": [[77.5348208, 13.041886], [77.5342761, 13.0420367], [77.5340639, 13.0420956], [77.5339719, 13.0421252], [77.5338953, 13.042157], [77.5338346, 13.0421888], [77.5337603, 13.0422324], [77.5336912, 13.0422804], [77.5336404, 13.0423248], [77.533585, 13.0423809], [77.5335114, 13.042463], [77.5333135, 13.0427064]]}}, {"type": "Feature", "properties": {"id": "way/1189892373", "name": "Metro", "line": "metro", "source": "OpenStreetMap", "kind": "metro_line"}, "geometry": {"type": "LineString", "coordinates": [[77.5354897, 13.0416406], [77.5348038, 13.0418326]]}}, {"type": "Feature", "properties": {"id": "way/1189892521", "name": "Metro", "line": "metro", "source": "OpenStreetMap", "kind": "metro_line"}, "geometry": {"type": "LineString", "coordinates": [[77.5355067, 13.041694], [77.5348208, 13.041886]]}}, {"type": "Feature", "properties": {"id": "way/1189892522", "name": "Metro", "line": "metro", "source": "OpenStreetMap", "kind": "metro_line"}, "geometry": {"type": "LineString", "coordinates": [[77.5348038, 13.0418326], [77.5347726, 13.0418423], [77.5347097, 13.0418635], [77.5346285, 13.041896], [77.5344614, 13.0419718], [77.5343811, 13.0420022], [77.5342761, 13.0420367]]}}, {"type": "Feature", "properties": {"id": "way/1189893271", "name": "Metro", "line": "metro", "source": "OpenStreetMap", "kind": "metro_line"}, "geometry": {"type": "LineString", "coordinates": [[77.5355533, 13.0420928], [77.5342346, 13.0424656]]}}, {"type": "Feature", "properties": {"id": "way/1189933151", "name": "Metro", "line": "metro", "source": "OpenStreetMap", "kind": "metro_line"}, "geometry": {"type": "LineString", "coordinates": [[77.535569, 13.0421465], [77.5342468, 13.042511]]}}, {"type": "Feature", "properties": {"id": "way/1189933682", "name": "Metro", "line": "metro", "source": "OpenStreetMap", "kind": "metro_line"}, "geometry": {"type": "LineString", "coordinates": [[77.5354626, 13.0417823], [77.5341439, 13.0421551]]}}, {"type": "Feature", "properties": {"id": "way/1189933683", "name": "Metro", "line": "metro", "source": "OpenStreetMap", "kind": "metro_line"}, "geometry": {"type": "LineString", "coordinates": [[77.5354767, 13.0418306], [77.534158, 13.0422034]]}}, {"type": "Feature", "properties": {"id": "way/1189933684", "name": "Metro", "line": "metro", "source": "OpenStreetMap", "kind": "metro_line"}, "geometry": {"type": "LineString", "coordinates": [[77.5341701, 13.0422446], [77.5341061, 13.0422628], [77.5340144, 13.0422935], [77.5339462, 13.0423233], [77.5338777, 13.0423585], [77.53381, 13.0424028], [77.5337427, 13.0424553], [77.5336692, 13.0425188], [77.5335873, 13.0426018], [77.533526, 13.0426611], [77.53346, 13.0427195], [77.5332609, 13.0428743]]}}, {"type": "Feature", "properties": {"id": "way/1189933685", "name": "Metro", "line": "metro", "source": "OpenStreetMap", "kind": "metro_line"}, "geometry": {"type": "LineString", "coordinates": [[77.5355027, 13.0419197], [77.534184, 13.0422924]]}}, {"type": "Feature", "properties": {"id": "way/1189933686", "name": "Metro", "line": "metro", "source": "OpenStreetMap", "kind": "metro_line"}, "geometry": {"type": "LineString", "coordinates": [[77.5341966, 13.0423353], [77.5341437, 13.0423502], [77.5340825, 13.042371], [77.5340058, 13.0424012], [77.5339437, 13.0424343], [77.5338872, 13.0424691], [77.5338077, 13.0425273], [77.5337276, 13.042592], [77.5335017, 13.042782]]}}, {"type": "Feature", "properties": {"id": "way/1189933687", "name": "Metro", "line": "metro", "source": "OpenStreetMap", "kind": "metro_line"}, "geometry": {"type": "LineString", "coordinates": [[77.5342099, 13.042381], [77.5341403, 13.0424024], [77.5340701, 13.0424259], [77.5340091, 13.0424548], [77.533938, 13.0424969], [77.5338774, 13.0425388], [77.5335765, 13.042778], [77.5335029, 13.0428355], [77.5334144, 13.0428925], [77.5332814, 13.0429685], [77.5330979, 13.0430443]]}}, {"type": "Feature", "properties": {"id": "way/1189933688", "name": "Metro", "line": "metro", "source": "OpenStreetMap", "kind": "metro_line"}, "geometry": {"type": "LineString", "coordinates": [[77.5342229, 13.0424254], [77.5341412, 13.0424478], [77.534067, 13.0424737], [77.5340066, 13.0425004], [77.5339513, 13.0425319], [77.5338779, 13.0425821], [77.5338089, 13.0426378], [77.5337603, 13.0426835], [77.5336913, 13.0427404], [77.5336102, 13.0427934], [77.5335112, 13.0428528], [77.5334131, 13.0429109], [77.5332814, 13.0429685]]}}, {"type": "Feature", "properties": {"id": "way/1189933689", "name": "Metro", "line": "metro", "source": "OpenStreetMap", "kind": "metro_line"}, "geometry": {"type": "LineString", "coordinates": [[77.5342346, 13.0424656], [77.5341418, 13.0424934], [77.5340665, 13.0425193], [77.5340002, 13.0425448], [77.5339184, 13.0425906], [77.5336913, 13.0427404]]}}, {"type": "Feature", "properties": {"id": "way/1189933801", "name": "Metro", "line": "metro", "source": "OpenStreetMap", "kind": "metro_line"}, "geometry": {"type": "LineString", "coordinates": [[77.5356589, 13.0424538], [77.5343367, 13.0428183]]}}, {"type": "Feature", "properties": {"id": "way/1189933802", "name": "Metro", "line": "metro", "source": "OpenStreetMap", "kind": "metro_line"}, "geometry": {"type": "LineString", "coordinates": [[77.533387, 13.0430311], [77.5335978, 13.0429699], [77.5343232, 13.0427722]]}}, {"type": "Feature", "properties": {"id": "way/1189933803", "name": "Metro", "line": "metro", "source": "OpenStreetMap", "kind": "metro_line"}, "geometry": {"type": "LineString", "coordinates": [[77.5335978, 13.0429699], [77.5337992, 13.0429002], [77.5339416, 13.04284], [77.5340485, 13.0428017], [77.5343102, 13.0427276]]}}, {"type": "Feature", "properties": {"id": "way/1189933804", "name": "Metro", "line": "metro", "source": "OpenStreetMap", "kind": "metro_line"}, "geometry": {"type": "LineString", "coordinates": [[77.5356204, 13.0423221], [77.5342982, 13.0426865]]}}, {"type": "Feature", "properties": {"id": "way/1189933805", "name": "Metro", "line": "metro", "source": "OpenStreetMap", "kind": "metro_line"}, "geometry": {"type": "LineString", "coordinates": [[77.5335927, 13.0429537], [77.5336707, 13.0429128], [77.5337352, 13.0428768], [77.5338788, 13.0427872], [77.5339278, 13.0427605], [77.5339847, 13.0427317], [77.5340544, 13.042705], [77.5342847, 13.0426404]]}}, {"type": "Feature", "properties": {"id": "way/1189933806", "name": "Metro", "line": "metro", "source": "OpenStreetMap", "kind": "metro_line"}, "geometry": {"type": "LineString", "coordinates": [[77.5331096, 13.0431104], [77.5332186, 13.0430741], [77.5332706, 13.0430543], [77.5336138, 13.0429025], [77.5336773, 13.0428683], [77.5337318, 13.0428346], [77.5339223, 13.0427188], [77.5339855, 13.0426857], [77.5340511, 13.042658], [77.5341273, 13.0426326], [77.5342708, 13.0425931]]}}, {"type": "Feature", "properties": {"id": "way/1189933807", "name": "Metro", "line": "metro", "source": "OpenStreetMap", "kind": "metro_line"}, "geometry": {"type": "LineString", "coordinates": [[77.5355805, 13.0421858], [77.5342583, 13.0425503]]}}, {"type": "Feature", "properties": {"id": "way/1189933808", "name": "Metro", "line": "metro", "source": "OpenStreetMap", "kind": "metro_line"}, "geometry": {"type": "LineString", "coordinates": [[77.5342468, 13.042511], [77.5341611, 13.0425361], [77.53407, 13.0425679], [77.5339798, 13.0426078], [77.5339024, 13.0426462], [77.5335633, 13.0428591], [77.5334874, 13.0429012], [77.5334032, 13.04295]]}}, {"type": "Feature", "properties": {"id": "way/1189934052", "name": "Metro", "line": "metro", "source": "OpenStreetMap", "kind": "metro_line"}, "geometry": {"type": "LineString", "coordinates": [[77.5336425, 13.0430131], [77.5337497, 13.042991], [77.5338255, 13.0429793], [77.5339627, 13.0429585], [77.5340307, 13.0429477], [77.5341018, 13.0429306], [77.5343511, 13.0428631]]}}, {"type": "Feature", "properties": {"id": "way/1189934053", "name": "Metro", "line": "metro", "source": "OpenStreetMap", "kind": "metro_line"}, "geometry": {"type": "LineString", "coordinates": [[77.533378, 13.0430854], [77.5336239, 13.0430419], [77.5340019, 13.0429952], [77.5340802, 13.0429852], [77.5341503, 13.0429683], [77.5343634, 13.0429053]]}}, {"type": "Feature", "properties": {"id": "way/1189934054", "name": "Metro", "line": "metro", "source": "OpenStreetMap", "kind": "metro_line"}, "geometry": {"type": "LineString", "coordinates": [[77.5336239, 13.0430419], [77.5337294, 13.0430345], [77.5338114, 13.0430346], [77.5339541, 13.0430366], [77.5340445, 13.0430322], [77.5341281, 13.0430198], [77.5342047, 13.0429994], [77.5343768, 13.0429508]]}}, {"type": "Feature", "properties": {"id": "way/1189934055", "name": "Metro", "line": "metro", "source": "OpenStreetMap", "kind": "metro_line"}, "geometry": {"type": "LineString", "coordinates": [[77.5331271, 13.0431534], [77.5332271, 13.043133], [77.5332993, 13.0431216], [77.5335707, 13.0430816], [77.533681, 13.0430714], [77.5337697, 13.0430679], [77.5338637, 13.0430707], [77.5340092, 13.0430708], [77.5341015, 13.0430651], [77.5341807, 13.0430536], [77.5342708, 13.0430322], [77.5343905, 13.0429979]]}}, {"type": "Feature", "properties": {"id": "way/1189934056", "name": "Metro", "line": "metro", "source": "OpenStreetMap", "kind": "metro_line"}, "geometry": {"type": "LineString", "coordinates": [[77.5357266, 13.0426721], [77.5344022, 13.0430412]]}}, {"type": "Feature", "properties": {"id": "way/1189934057", "name": "Metro", "line": "metro", "source": "OpenStreetMap", "kind": "metro_line"}, "geometry": {"type": "LineString", "coordinates": [[77.533405, 13.043152], [77.5335029, 13.0431448], [77.5335831, 13.0431426], [77.5340259, 13.0431482], [77.5341206, 13.0431439], [77.534195, 13.0431361], [77.5342628, 13.043125], [77.5343349, 13.0431086], [77.5344159, 13.0430846]]}}, {"type": "Feature", "properties": {"id": "way/1189934058", "name": "Metro", "line": "metro", "source": "OpenStreetMap", "kind": "metro_line"}, "geometry": {"type": "LineString", "coordinates": [[77.5357509, 13.0427553], [77.5344283, 13.043127]]}}, {"type": "Feature", "properties": {"id": "way/1189934059", "name": "Metro", "line": "metro", "source": "OpenStreetMap", "kind": "metro_line"}, "geometry": {"type": "LineString", "coordinates": [[77.533719, 13.0431843], [77.5338498, 13.0431938], [77.5339166, 13.0432017], [77.534012, 13.0432142], [77.5340897, 13.0432167], [77.5341783, 13.0432169], [77.5342709, 13.043208], [77.5343408, 13.0431951], [77.5344404, 13.0431683]]}}, {"type": "Feature", "properties": {"id": "way/1190009035", "name": "Namma Metro Reach-1", "line": "Namma Metro Reach-1", "source": "OpenStreetMap", "kind": "metro_line"}, "geometry": {"type": "LineString", "coordinates": [[77.6499573, 12.9900415], [77.6500519, 12.9900625], [77.6501181, 12.9900731], [77.6502275, 12.9900871], [77.650293, 12.9900987], [77.650399, 12.9901211]]}}, {"type": "Feature", "properties": {"id": "way/1190009731", "name": "Metro", "line": "metro", "source": "OpenStreetMap", "kind": "metro_line"}, "geometry": {"type": "LineString", "coordinates": [[77.6549137, 12.9914597], [77.6551342, 12.9916579]]}}, {"type": "Feature", "properties": {"id": "way/1190009732", "name": "Metro", "line": "metro", "source": "OpenStreetMap", "kind": "metro_line"}, "geometry": {"type": "LineString", "coordinates": [[77.6551342, 12.9916579], [77.6551701, 12.9916945], [77.6552039, 12.9917321], [77.6552914, 12.9918466]]}}, {"type": "Feature", "properties": {"id": "way/1190009733", "name": "Metro", "line": "metro", "source": "OpenStreetMap", "kind": "metro_line"}, "geometry": {"type": "LineString", "coordinates": [[77.655481, 12.9916937], [77.6553912, 12.9916258], [77.655328, 12.9915742], [77.6552669, 12.9915193], [77.6551925, 12.991456], [77.6551063, 12.9913928]]}}, {"type": "Feature", "properties": {"id": "way/1190009734", "name": "Metro", "line": "metro", "source": "OpenStreetMap", "kind": "metro_line"}, "geometry": {"type": "LineString", "coordinates": [[77.6532152, 12.9907761], [77.6544403, 12.9911133], [77.6545439, 12.9911457], [77.6546308, 12.9911786], [77.6547284, 12.9912241], [77.6548271, 12.9912732], [77.6549151, 12.9913223], [77.6549891, 12.9913673], [77.6552239, 12.9915221]]}}, {"type": "Feature", "properties": {"id": "way/1190009891", "name": "Namma Metro Reach-1", "line": "Namma Metro Reach-1", "source": "OpenStreetMap", "kind": "metro_line"}, "geometry": {"type": "LineString", "coordinates": [[77.653601, 12.9910478], [77.6533933, 12.9909708], [77.6531588, 12.9908839]]}}, {"type": "Feature", "properties": {"id": "way/1190009892", "name": "Namma Metro Reach-1", "line": "Namma Metro Reach-1", "source": "OpenStreetMap", "kind": "metro_line"}, "geometry": {"type": "LineString", "coordinates": [[77.6531458, 12.9909244], [77.6533933, 12.9909708], [77.6536176, 12.9910128]]}}, {"type": "Feature", "properties": {"id": "way/1190010998", "name": "Metro", "line": "metro", "source": "OpenStreetMap", "kind": "metro_line"}, "geometry": {"type": "LineString", "coordinates": [[77.6564088, 12.9919338], [77.6557628, 12.9917053]]}}, {"type": "Feature", "properties": {"id": "way/1190010999", "name": "Metro", "line": "metro", "source": "OpenStreetMap", "kind": "metro_line"}, "geometry": {"type": "LineString", "coordinates": [[77.6564252, 12.9918819], [77.655784, 12.9916517]]}}, {"type": "Feature", "properties": {"id": "way/1190011000", "name": "Metro", "line": "metro", "source": "OpenStreetMap", "kind": "metro_line"}, "geometry": {"type": "LineString", "coordinates": [[77.6562367, 12.9917284], [77.6558135, 12.9915745]]}}, {"type": "Feature", "properties": {"id": "way/1190016004", "name": "Metro", "line": "metro", "source": "OpenStreetMap", "kind": "metro_line"}, "geometry": {"type": "LineString", "coordinates": [[77.6517235, 12.9903615], [77.6514787, 12.9902939], [77.651356, 12.9902564], [77.6512605, 12.9902299], [77.6511829, 12.9902124], [77.6510914, 12.9901969], [77.6509023, 12.9901724], [77.6508294, 12.9901601], [77.6507524, 12.9901433], [77.6506629, 12.9901181], [77.6498477, 12.9898906]]}}, {"type": "Feature", "properties": {"id": "way/1190016281", "name": "Metro", "line": "metro", "source": "OpenStreetMap", "kind": "metro_line"}, "geometry": {"type": "LineString", "coordinates": [[77.6520714, 12.9903927], [77.6517059, 12.9902932], [77.6516199, 12.9902607], [77.6515481, 12.9902306], [77.6506984, 12.9898592]]}}, {"type": "Feature", "properties": {"id": "way/1190019310", "name": "Metro", "line": "metro", "source": "OpenStreetMap", "kind": "metro_line"}, "geometry": {"type": "LineString", "coordinates": [[77.6565567, 12.992706], [77.6565317, 12.9926897], [77.6564519, 12.9926376], [77.6563927, 12.992592], [77.656329, 12.9925377], [77.6562696, 12.9924835], [77.6562036, 12.9924141], [77.6560231, 12.9921993], [77.6558726, 12.9920233], [77.6557325, 12.9918813]]}}, {"type": "Feature", "properties": {"id": "way/1190019312", "name": "Metro", "line": "metro", "source": "OpenStreetMap", "kind": "metro_line"}, "geometry": {"type": "LineString", "coordinates": [[77.6566112, 12.9926266], [77.6565861, 12.9926102], [77.6565233, 12.9925656], [77.6561157, 12.9922112]]}}, {"type": "Feature", "properties": {"id": "way/1190019314", "name": "Metro", "line": "metro", "source": "OpenStreetMap", "kind": "metro_line"}, "geometry": {"type": "LineString", "coordinates": [[77.6566625, 12.9925526], [77.656637, 12.9925359], [77.6565957, 12.9925084], [77.6565456, 12.9924724], [77.656492, 12.9924291], [77.6561727, 12.9921515], [77.6561075, 12.9920984], [77.6560372, 12.9920452], [77.6558035, 12.9918976]]}}, {"type": "Feature", "properties": {"id": "way/1190019315", "name": "Metro", "line": "metro", "source": "OpenStreetMap", "kind": "metro_line"}, "geometry": {"type": "LineString", "coordinates": [[77.6566905, 12.9925145], [77.6566637, 12.992497], [77.656605, 12.9924579], [77.656538, 12.9924097], [77.6564313, 12.992317], [77.6563608, 12.9922607], [77.6562814, 12.9922032]]}}, {"type": "Feature", "properties": {"id": "way/1190019316", "name": "Metro", "line": "metro", "source": "OpenStreetMap", "kind": "metro_line"}, "geometry": {"type": "LineString", "coordinates": [[77.6567127, 12.992479], [77.6566874, 12.9924624], [77.6562814, 12.9922032], [77.6560372, 12.9920452]]}}, {"type": "Feature", "properties": {"id": "way/1190019317", "name": "Metro", "line": "metro", "source": "OpenStreetMap", "kind": "metro_line"}, "geometry": {"type": "LineString", "coordinates": [[77.6563409, 12.9921916], [77.6567122, 12.9924262], [77.6567382, 12.9924432]]}}, {"type": "Feature", "properties": {"id": "way/1190019318", "name": "Metro", "line": "metro", "source": "OpenStreetMap", "kind": "metro_line"}, "geometry": {"type": "LineString", "coordinates": [[77.6567634, 12.9924098], [77.6567358, 12.9923918], [77.65667, 12.9923516], [77.6566108, 12.9923248], [77.6565081, 12.9922791], [77.6564385, 12.9922456], [77.6563409, 12.9921916], [77.6561039, 12.9920374], [77.655832, 12.9918631]]}}, {"type": "Feature", "properties": {"id": "way/1190019319", "name": "Metro", "line": "metro", "source": "OpenStreetMap", "kind": "metro_line"}, "geometry": {"type": "LineString", "coordinates": [[77.6567879, 12.9923722], [77.6567612, 12.9923548], [77.656703, 12.9923188], [77.6566447, 12.9922881], [77.65658, 12.9922574], [77.6562751, 12.9921248], [77.6561919, 12.992085], [77.6561039, 12.9920374]]}}, {"type": "Feature", "properties": {"id": "way/1190019320", "name": "Metro", "line": "metro", "source": "OpenStreetMap", "kind": "metro_line"}, "geometry": {"type": "LineString", "coordinates": [[77.6568083, 12.9923378], [77.6567838, 12.9923218], [77.6567177, 12.9922825], [77.6566455, 12.9922427], [77.6565383, 12.9921938], [77.6559924, 12.9919473], [77.6559234, 12.991914], [77.655832, 12.9918631]]}}, {"type": "Feature", "properties": {"id": "way/1190019321", "name": "Metro", "line": "metro", "source": "OpenStreetMap", "kind": "metro_line"}, "geometry": {"type": "LineString", "coordinates": [[77.656836, 12.9922997], [77.6568104, 12.992283], [77.6567098, 12.9922277], [77.6565917, 12.9921757], [77.6563324, 12.9920504], [77.6557994, 12.9918078]]}}, {"type": "Feature", "properties": {"id": "way/1190019322", "name": "Metro", "line": "metro", "source": "OpenStreetMap", "kind": "metro_line"}, "geometry": {"type": "LineString", "coordinates": [[77.6563324, 12.9920504], [77.6564306, 12.9920913], [77.6565043, 12.9921146], [77.6566127, 12.9921491], [77.6566777, 12.9921752], [77.6567714, 12.9922145], [77.6568342, 12.9922482], [77.6568608, 12.9922656]]}}, {"type": "Feature", "properties": {"id": "way/1190019323", "name": "Metro", "line": "metro", "source": "OpenStreetMap", "kind": "metro_line"}, "geometry": {"type": "LineString", "coordinates": [[77.6568867, 12.9922273], [77.6568601, 12.9922099], [77.6568261, 12.9921896], [77.6567797, 12.9921661], [77.6567133, 12.9921367], [77.6566434, 12.9921143], [77.6565132, 12.9920776], [77.6564378, 12.9920503], [77.6563566, 12.9920201], [77.6560697, 12.9919057]]}}, {"type": "Feature", "properties": {"id": "way/1190019324", "name": "Metro", "line": "metro", "source": "OpenStreetMap", "kind": "metro_line"}, "geometry": {"type": "LineString", "coordinates": [[77.6569103, 12.9921937], [77.6568833, 12.9921761], [77.6568254, 12.9921434], [77.6567575, 12.9921097], [77.6566842, 12.9920847], [77.656301, 12.9919783]]}}, {"type": "Feature", "properties": {"id": "way/1190020851", "name": "Namma Metro - Reach 1B", "line": "Namma Metro - Reach 1B", "source": "OpenStreetMap", "kind": "metro_line"}, "geometry": {"type": "LineString", "coordinates": [[77.6614091, 12.9954875], [77.6616447, 12.9955508], [77.6617803, 12.9955771], [77.6618958, 12.9955949], [77.6620545, 12.9956106], [77.6622463, 12.9956211], [77.6623762, 12.9956227], [77.6625102, 12.9956184], [77.6626172, 12.9956084], [77.6627417, 12.9955914], [77.6629058, 12.9955583], [77.6633673, 12.9954441], [77.663385, 12.9954405], [77.6634411, 12.9954291], [77.663964, 12.9953364]]}}, {"type": "Feature", "properties": {"id": "way/1190020852", "name": "Namma Metro - Reach 1B", "line": "Namma Metro - Reach 1B", "source": "OpenStreetMap", "kind": "metro_line"}, "geometry": {"type": "LineString", "coordinates": [[77.6614195, 12.9954531], [77.6615806, 12.995495], [77.6617584, 12.9955362], [77.6618749, 12.9955597], [77.6619956, 12.9955698], [77.6621445, 12.9955802], [77.6623239, 12.9955872], [77.6625089, 12.9955826], [77.6626262, 12.9955725], [77.6627361, 12.9955593], [77.6628594, 12.9955363], [77.6630589, 12.9954928], [77.6633536, 12.9954111], [77.6633788, 12.9954064], [77.6634597, 12.9953915], [77.6639571, 12.9952986]]}}, {"type": "Feature", "properties": {"id": "way/1190020853", "name": "Namma Metro - Reach 1B", "line": "Namma Metro - Reach 1B", "source": "OpenStreetMap", "kind": "metro_line"}, "geometry": {"type": "LineString", "coordinates": [[77.663964, 12.9953364], [77.6640495, 12.9953241], [77.6642375, 12.99531], [77.6644399, 12.9953064], [77.6646347, 12.9953103], [77.6648523, 12.9953216]]}}, {"type": "Feature", "properties": {"id": "way/1190020854", "name": "Namma Metro - Reach 1B", "line": "Namma Metro - Reach 1B", "source": "OpenStreetMap", "kind": "metro_line"}, "geometry": {"type": "LineString", "coordinates": [[77.6639571, 12.9952986], [77.6640402, 12.9952845], [77.6642351, 12.995272], [77.66444, 12.9952675], [77.6646389, 12.995273], [77.664851, 12.9952827]]}}, {"type": "Feature", "properties": {"id": "way/1190021587", "name": "Metro", "line": "metro", "source": "OpenStreetMap", "kind": "metro_line"}, "geometry": {"type": "LineString", "coordinates": [[77.7527926, 12.9884425], [77.7528949, 12.9884203], [77.7529872, 12.9884085], [77.7530725, 12.9884077], [77.753152, 12.9884122], [77.753246, 12.9884285], [77.7533388, 12.9884536], [77.753433, 12.9884898], [77.75351, 12.9885289], [77.7535848, 12.9885754], [77.7536613, 12.9886351], [77.7537363, 12.9887088], [77.753833, 12.9888131], [77.7539757, 12.9889834]]}}, {"type": "Feature", "properties": {"id": "way/1190021590", "name": "Metro", "line": "metro", "source": "OpenStreetMap", "kind": "metro_line"}, "geometry": {"type": "LineString", "coordinates": [[77.754597, 12.989823], [77.7545389, 12.9897482], [77.7544892, 12.98969], [77.7544263, 12.98962], [77.7543795, 12.9895651], [77.7543068, 12.9894717]]}}, {"type": "Feature", "properties": {"id": "way/1190022373", "name": "Metro", "line": "metro", "source": "OpenStreetMap", "kind": "metro_line"}, "geometry": {"type": "LineString", "coordinates": [[77.7542458, 12.9893817], [77.7541982, 12.9893018], [77.7541613, 12.9892345], [77.7541221, 12.9891535], [77.7540831, 12.9890802], [77.7540281, 12.9889873]]}}, {"type": "Feature", "properties": {"id": "way/1190022374", "name": "Metro", "line": "metro", "source": "OpenStreetMap", "kind": "metro_line"}, "geometry": {"type": "LineString", "coordinates": [[77.7532443, 12.9880012], [77.753306, 12.9880237], [77.7533752, 12.988055], [77.7534422, 12.9880911], [77.7534986, 12.9881251], [77.7535581, 12.9881685], [77.7536128, 12.988215], [77.7536573, 12.9882579], [77.7537072, 12.9883164], [77.7537518, 12.9883734], [77.7537861, 12.9884283], [77.7538194, 12.9884868], [77.7538564, 12.9885574], [77.7539127, 12.9886703], [77.7539492, 12.9887335], [77.7540001, 12.9888098], [77.755066, 12.9903869], [77.7551111, 12.9904496], [77.7551583, 12.9905071], [77.7552141, 12.9905703], [77.7554389, 12.9908014], [77.7554994, 12.9908649], [77.7555654, 12.9909374]]}}, {"type": "Feature", "properties": {"id": "way/1190023141", "name": "Namma Metro Phase 2, Reach 1A", "line": "Namma Metro Phase 2, Reach 1A", "source": "OpenStreetMap", "kind": "metro_line"}, "geometry": {"type": "LineString", "coordinates": [[77.7547294, 12.9896243], [77.7544711, 12.9890317]]}}, {"type": "Feature", "properties": {"id": "way/1190023142", "name": "Namma Metro Phase 2, Reach 1A", "line": "Namma Metro Phase 2, Reach 1A", "source": "OpenStreetMap", "kind": "metro_line"}, "geometry": {"type": "LineString", "coordinates": [[77.7544744, 12.9887263], [77.7543939, 12.9885075], [77.7543375, 12.9883342], [77.754268, 12.9881407]]}}, {"type": "Feature", "properties": {"id": "way/1190024586", "name": "Namma Metro Phase 2, Reach 1A", "line": "Namma Metro Phase 2, Reach 1A", "source": "OpenStreetMap", "kind": "metro_line"}, "geometry": {"type": "LineString", "coordinates": [[77.7572437, 12.9934041], [77.7573266, 12.993632], [77.7573803, 12.9937625], [77.7574622, 12.9939881]]}}, {"type": "Feature", "properties": {"id": "way/1190024587", "name": "Namma Metro Phase 2, Reach 1A", "line": "Namma Metro Phase 2, Reach 1A", "source": "OpenStreetMap", "kind": "metro_line"}, "geometry": {"type": "LineString", "coordinates": [[77.7575148, 12.9941581], [77.7575782, 12.9944088], [77.7576055, 12.9945529], [77.7576555, 12.9947495]]}}, {"type": "Feature", "properties": {"id": "way/1190024588", "name": "Namma Metro Phase 2, Reach 1A", "line": "Namma Metro Phase 2, Reach 1A", "source": "OpenStreetMap", "kind": "metro_line"}, "geometry": {"type": "LineString", "coordinates": [[77.7558233, 12.9912761], [77.7562335, 12.9918267], [77.7563868, 12.9920315], [77.7565157, 12.9922156], [77.7567335, 12.9925349], [77.7568822, 12.9927463]]}}, {"type": "Feature", "properties": {"id": "way/1190024589", "name": "Namma Metro - Reach 1A", "line": "Namma Metro - Reach 1A", "source": "OpenStreetMap", "kind": "metro_line"}, "geometry": {"type": "LineString", "coordinates": [[77.7563761, 12.9918121], [77.7567494, 12.9922974], [77.7568236, 12.9924064], [77.7568807, 12.9924958], [77.7569572, 12.9926213], [77.7570144, 12.9927407], [77.7570874, 12.9929106], [77.7571208, 12.9930065], [77.7572437, 12.9934041], [77.7576555, 12.9947495], [77.7577806, 12.9951972], [77.7579756, 12.9959639], [77.7580484, 12.9962321]]}}, {"type": "Feature", "properties": {"id": "way/1190024590", "name": "Namma Metro Phase 2, Reach 1A", "line": "Namma Metro Phase 2, Reach 1A", "source": "OpenStreetMap", "kind": "metro_line"}, "geometry": {"type": "LineString", "coordinates": [[77.7545497, 12.988907], [77.7545775, 12.9889831], [77.7546008, 12.9890553], [77.7546128, 12.9891058], [77.7546266, 12.9891706], [77.7546326, 12.9892258], [77.7546385, 12.9892941], [77.7546544, 12.9893869], [77.7546716, 12.9894575], [77.7546948, 12.9895369], [77.7547294, 12.9896243], [77.7548024, 12.9897908], [77.7548774, 12.9899529], [77.7549377, 12.9900684], [77.7550097, 12.9901928], [77.7550991, 12.9903185], [77.7555654, 12.9909374], [77.7557854, 12.9912262], [77.7558233, 12.9912761], [77.7558862, 12.9913525], [77.7559487, 12.9914166], [77.7562527, 12.9916725], [77.7563092, 12.9917302], [77.7563761, 12.9918121]]}}, {"type": "Feature", "properties": {"id": "way/1190025013", "name": "Namma Metro - Reach 1A", "line": "Namma Metro - Reach 1A", "source": "OpenStreetMap", "kind": "metro_line"}, "geometry": {"type": "LineString", "coordinates": [[77.7545497, 12.988907], [77.7546833, 12.9892199], [77.7548116, 12.9895258], [77.7549064, 12.9897394], [77.7549894, 12.9899003], [77.7550724, 12.9900506], [77.7551409, 12.9901614], [77.7552257, 12.9902879], [77.7553629, 12.9904734], [77.7563761, 12.9918121]]}}, {"type": "Feature", "properties": {"id": "way/1190025567", "name": "Metro", "line": "metro", "source": "OpenStreetMap", "kind": "metro_line"}, "geometry": {"type": "LineString", "coordinates": [[77.7532443, 12.9880012], [77.7531353, 12.9879605], [77.7527528, 12.9878175], [77.7527096, 12.9878014]]}}, {"type": "Feature", "properties": {"id": "way/1190025568", "name": "Metro", "line": "metro", "source": "OpenStreetMap", "kind": "metro_line"}, "geometry": {"type": "LineString", "coordinates": [[77.7532352, 12.9880318], [77.7531232, 12.9879919], [77.7527413, 12.9878559], [77.7526131, 12.9878102], [77.7525203, 12.9877838], [77.7524274, 12.9877626], [77.7523343, 12.9877416], [77.7522411, 12.9877252], [77.7521509, 12.9877147], [77.7513794, 12.9876579], [77.7512694, 12.9876517], [77.7511764, 12.9876488], [77.7510908, 12.9876556], [77.7510026, 12.9876655], [77.7508064, 12.987703], [77.7507069, 12.9877143], [77.7506053, 12.9877202], [77.7504884, 12.9877195], [77.7503618, 12.9877091], [77.7502533, 12.9876921], [77.7501554, 12.9876692], [77.7500439, 12.9876352], [77.7489332, 12.9872286]]}}, {"type": "Feature", "properties": {"id": "way/1190025606", "name": "Metro", "line": "metro", "source": "OpenStreetMap", "kind": "metro_line"}, "geometry": {"type": "LineString", "coordinates": [[77.7527413, 12.9878559], [77.7529544, 12.9879124], [77.7531353, 12.9879605]]}}, {"type": "Feature", "properties": {"id": "way/1190025607", "name": "Metro", "line": "metro", "source": "OpenStreetMap", "kind": "metro_line"}, "geometry": {"type": "LineString", "coordinates": [[77.7527528, 12.9878175], [77.7529544, 12.9879124], [77.7531232, 12.9879919]]}}, {"type": "Feature", "properties": {"id": "way/1190025715", "name": "Metro", "line": "metro", "source": "OpenStreetMap", "kind": "metro_line"}, "geometry": {"type": "LineString", "coordinates": [[77.7504006, 12.9875486], [77.7504628, 12.9875679], [77.7505413, 12.987589], [77.7506017, 12.9876031], [77.7506802, 12.9876127], [77.750756, 12.9876171], [77.7508309, 12.9876171], [77.7509301, 12.9876101], [77.7513073, 12.9875855], [77.7513796, 12.9875836], [77.751457, 12.9875855], [77.7515397, 12.9875909], [77.7516176, 12.9875978], [77.7516939, 12.9876069], [77.7517728, 12.9876198], [77.7519126, 12.9876514], [77.7523343, 12.9877416]]}}, {"type": "Feature", "properties": {"id": "way/1190025716", "name": "Metro", "line": "metro", "source": "OpenStreetMap", "kind": "metro_line"}, "geometry": {"type": "LineString", "coordinates": [[77.7490625, 12.9870151], [77.7504167, 12.9875106]]}}, {"type": "Feature", "properties": {"id": "way/1190025790", "name": "Metro", "line": "metro", "source": "OpenStreetMap", "kind": "metro_line"}, "geometry": {"type": "LineString", "coordinates": [[77.7490765, 12.9869794], [77.7504319, 12.9874749]]}}, {"type": "Feature", "properties": {"id": "way/1190025806", "name": "Metro", "line": "metro", "source": "OpenStreetMap", "kind": "metro_line"}, "geometry": {"type": "LineString", "coordinates": [[77.7526131, 12.9878102], [77.752356, 12.9877118]]}}, {"type": "Feature", "properties": {"id": "way/1190025875", "name": "Metro", "line": "metro", "source": "OpenStreetMap", "kind": "metro_line"}, "geometry": {"type": "LineString", "coordinates": [[77.7490895, 12.9869429], [77.7504468, 12.9874398]]}}, {"type": "Feature", "properties": {"id": "way/1190026745", "name": "Metro", "line": "metro", "source": "OpenStreetMap", "kind": "metro_line"}, "geometry": {"type": "LineString", "coordinates": [[77.7529628, 12.9881432], [77.7529101, 12.9881407], [77.752857, 12.9881417], [77.7527745, 12.9881453], [77.7526939, 12.9881548], [77.7525595, 12.988174], [77.7520475, 12.9882473], [77.7519691, 12.9882624], [77.7518897, 12.9882717], [77.7518207, 12.9882752], [77.7517515, 12.9882743], [77.7515665, 12.9882704]]}}, {"type": "Feature", "properties": {"id": "way/1190026746", "name": "Metro", "line": "metro", "source": "OpenStreetMap", "kind": "metro_line"}, "geometry": {"type": "LineString", "coordinates": [[77.7509032, 12.9881518], [77.7509653, 12.9881513], [77.7516407, 12.9881485], [77.7520715, 12.9881461], [77.7525308, 12.9881435], [77.752857, 12.9881417]]}}, {"type": "Feature", "properties": {"id": "way/1190026766", "name": "Metro", "line": "metro", "source": "OpenStreetMap", "kind": "metro_line"}, "geometry": {"type": "LineString", "coordinates": [[77.7525308, 12.9881435], [77.7524134, 12.9881388], [77.7523312, 12.9881297], [77.7522896, 12.9881243], [77.752207, 12.9881153], [77.752125, 12.9881017], [77.7520439, 12.9880835], [77.751966, 12.9880615], [77.7518895, 12.9880354], [77.7518146, 12.9880051]]}}, {"type": "Feature", "properties": {"id": "way/1190026856", "name": "Metro", "line": "metro", "source": "OpenStreetMap", "kind": "metro_line"}, "geometry": {"type": "LineString", "coordinates": [[77.7494706, 12.988017], [77.7509016, 12.9880054]]}}, {"type": "Feature", "properties": {"id": "way/1190026873", "name": "Metro", "line": "metro", "source": "OpenStreetMap", "kind": "metro_line"}, "geometry": {"type": "LineString", "coordinates": [[77.7494713, 12.9881066], [77.750901, 12.9880951]]}}, {"type": "Feature", "properties": {"id": "way/1190026993", "name": "Metro", "line": "metro", "source": "OpenStreetMap", "kind": "metro_line"}, "geometry": {"type": "LineString", "coordinates": [[77.7494701, 12.9879619], [77.750901, 12.9879504]]}}, {"type": "Feature", "properties": {"id": "way/1190027096", "name": "Metro", "line": "metro", "source": "OpenStreetMap", "kind": "metro_line"}, "geometry": {"type": "LineString", "coordinates": [[77.7525595, 12.988174], [77.75247, 12.9881925], [77.7523878, 12.988211], [77.7522717, 12.988244], [77.752058, 12.9883043], [77.7520018, 12.98832], [77.7519447, 12.9883318], [77.7518825, 12.98834], [77.7518199, 12.9883436], [77.7515732, 12.9883436]]}}, {"type": "Feature", "properties": {"id": "way/1190027158", "name": "Metro", "line": "metro", "source": "OpenStreetMap", "kind": "metro_line"}, "geometry": {"type": "LineString", "coordinates": [[77.7522717, 12.988244], [77.752202, 12.9882678], [77.7521455, 12.9882886], [77.7520675, 12.9883215], [77.7519993, 12.9883578], [77.7519287, 12.9883896], [77.7518561, 12.9884168], [77.7517699, 12.9884423], [77.7516818, 12.9884612], [77.7515718, 12.9884612]]}}, {"type": "Feature", "properties": {"id": "way/1190027473", "name": "Metro", "line": "metro", "source": "OpenStreetMap", "kind": "metro_line"}, "geometry": {"type": "LineString", "coordinates": [[77.7527926, 12.9884425], [77.7526936, 12.9884699], [77.7523895, 12.9885541], [77.751401, 12.9888278], [77.751305, 12.9888515], [77.7512323, 12.9888634]]}}, {"type": "Feature", "properties": {"id": "way/1190027613", "name": "Metro", "line": "metro", "source": "OpenStreetMap", "kind": "metro_line"}, "geometry": {"type": "LineString", "coordinates": [[77.7526936, 12.9884699], [77.752596, 12.9884906], [77.7525167, 12.988504], [77.7524472, 12.988511], [77.7523516, 12.9885216], [77.7522558, 12.9885291], [77.7521324, 12.9885344], [77.7515772, 12.9885344]]}}, {"type": "Feature", "properties": {"id": "way/1190027802", "name": "Metro", "line": "metro", "source": "OpenStreetMap", "kind": "metro_line"}, "geometry": {"type": "LineString", "coordinates": [[77.7495518, 12.9887988], [77.7506882, 12.9887974]]}}, {"type": "Feature", "properties": {"id": "way/1190027803", "name": "Metro", "line": "metro", "source": "OpenStreetMap", "kind": "metro_line"}, "geometry": {"type": "LineString", "coordinates": [[77.7510822, 12.9887969], [77.7511568, 12.9887957], [77.7512353, 12.9887913], [77.7513157, 12.9887807], [77.7513922, 12.9887652], [77.7514834, 12.9887441], [77.7520716, 12.9886061], [77.7521338, 12.9885924], [77.752188, 12.9885852], [77.7522381, 12.9885806], [77.7523075, 12.9885709], [77.7523895, 12.9885541]]}}, {"type": "Feature", "properties": {"id": "way/1190027804", "name": "Metro", "line": "metro", "source": "OpenStreetMap", "kind": "metro_line"}, "geometry": {"type": "LineString", "coordinates": [[77.7506882, 12.9887974], [77.7510822, 12.9887969]]}}, {"type": "Feature", "properties": {"id": "way/1190027910", "name": "Metro", "line": "metro", "source": "OpenStreetMap", "kind": "metro_line"}, "geometry": {"type": "LineString", "coordinates": [[77.74965, 12.9888338], [77.7506063, 12.988891], [77.7507299, 12.9888954], [77.7508409, 12.9888954], [77.7509591, 12.9888892], [77.7510727, 12.9888831], [77.7512323, 12.9888634], [77.7514625, 12.9888286], [77.7515834, 12.9888154], [77.7517259, 12.9888048], [77.7518152, 12.9887995]]}}, {"type": "Feature", "properties": {"id": "way/1190028149", "name": "Metro", "line": "metro", "source": "OpenStreetMap", "kind": "metro_line"}, "geometry": {"type": "LineString", "coordinates": [[77.7518152, 12.9887995], [77.7519487, 12.988799], [77.7521086, 12.9888074], [77.7522674, 12.9888199], [77.7524251, 12.9888419], [77.7525978, 12.9888722], [77.7527663, 12.988913], [77.7529433, 12.9889663], [77.7530999, 12.9890186], [77.7532512, 12.9890813], [77.7534046, 12.9891545], [77.7535473, 12.989235], [77.7536889, 12.9893196], [77.7538027, 12.9893949], [77.7539196, 12.9894765], [77.7540258, 12.9895559], [77.7541181, 12.9896395], [77.7542222, 12.9897336], [77.7543219, 12.9898319], [77.7544196, 12.9899417], [77.7544979, 12.9900389], [77.7545741, 12.9901382], [77.7546567, 12.9902637], [77.7547296, 12.9903787], [77.7558486, 12.9922656]]}}, {"type": "Feature", "properties": {"id": "way/1190031170", "name": "Metro", "line": "metro", "source": "OpenStreetMap", "kind": "metro_line"}, "geometry": {"type": "LineString", "coordinates": [[77.7505757, 12.9870212], [77.7506286, 12.9870415], [77.7510376, 12.9871861], [77.7511066, 12.9872105], [77.7513287, 12.9873065]]}}, {"type": "Feature", "properties": {"id": "way/1190031171", "name": "Metro", "line": "metro", "source": "OpenStreetMap", "kind": "metro_line"}, "geometry": {"type": "LineString", "coordinates": [[77.7506912, 12.9867147], [77.750744, 12.986735], [77.7509081, 12.9867941], [77.7510062, 12.9868441], [77.75113, 12.9869397], [77.751249, 12.987058], [77.7514031, 12.9872082]]}}, {"type": "Feature", "properties": {"id": "way/1190031172", "name": "Metro", "line": "metro", "source": "OpenStreetMap", "kind": "metro_line"}, "geometry": {"type": "LineString", "coordinates": [[77.7506746, 12.9867606], [77.7507274, 12.9867809], [77.7508638, 12.9868282], [77.7510506, 12.9869511], [77.7512327, 12.9870808], [77.7514031, 12.9872082], [77.7518842, 12.9874721], [77.7521581, 12.9876066]]}}, {"type": "Feature", "properties": {"id": "way/1190031173", "name": "Metro", "line": "metro", "source": "OpenStreetMap", "kind": "metro_line"}, "geometry": {"type": "LineString", "coordinates": [[77.7506592, 12.9868001], [77.7507121, 12.9868204], [77.7509478, 12.9869397], [77.7510809, 12.9870307], [77.7511977, 12.987124], [77.7513261, 12.9872082], [77.7515596, 12.9873311], [77.7519316, 12.9875338]]}}, {"type": "Feature", "properties": {"id": "way/1190031174", "name": "Metro", "line": "metro", "source": "OpenStreetMap", "kind": "metro_line"}, "geometry": {"type": "LineString", "coordinates": [[77.7506319, 12.986874], [77.7506848, 12.9868943], [77.7508241, 12.9869465], [77.7509455, 12.9870193], [77.7510249, 12.9870671], [77.75113, 12.9871399], [77.751207, 12.98719], [77.7513921, 12.9873017]]}}, {"type": "Feature", "properties": {"id": "way/1190031175", "name": "Metro", "line": "metro", "source": "OpenStreetMap", "kind": "metro_line"}, "geometry": {"type": "LineString", "coordinates": [[77.7506031, 12.9869465], [77.750656, 12.9869668], [77.7508031, 12.9870262], [77.7509665, 12.987099], [77.7510017, 12.9871166], [77.7511253, 12.9871786], [77.7512841, 12.9872423], [77.7513921, 12.9873017], [77.7515482, 12.9873875]]}}, {"type": "Feature", "properties": {"id": "way/1190031176", "name": "Metro", "line": "metro", "source": "OpenStreetMap", "kind": "metro_line"}, "geometry": {"type": "LineString", "coordinates": [[77.750547, 12.9870966], [77.7505998, 12.9871169], [77.7510898, 12.9872548]]}}, {"type": "Feature", "properties": {"id": "way/1190031177", "name": "Metro", "line": "metro", "source": "OpenStreetMap", "kind": "metro_line"}, "geometry": {"type": "LineString", "coordinates": [[77.7505181, 12.987169], [77.750571, 12.9871893], [77.750754, 12.9872241], [77.7509198, 12.9872446], [77.7510155, 12.9872514], [77.7510898, 12.9872548], [77.7511159, 12.987256], [77.751263, 12.9872833], [77.7513287, 12.9873065], [77.7514242, 12.9873402], [77.7515482, 12.9873875], [77.7519316, 12.9875338]]}}, {"type": "Feature", "properties": {"id": "way/1190031178", "name": "Metro", "line": "metro", "source": "OpenStreetMap", "kind": "metro_line"}, "geometry": {"type": "LineString", "coordinates": [[77.7504901, 12.9872444], [77.7505429, 12.9872647], [77.750768, 12.9873129], [77.7509712, 12.9873379], [77.7512397, 12.9873834]]}}, {"type": "Feature", "properties": {"id": "way/1190031179", "name": "Metro", "line": "metro", "source": "OpenStreetMap", "kind": "metro_line"}, "geometry": {"type": "LineString", "coordinates": [[77.750459, 12.9873161], [77.7505118, 12.9873364], [77.75067, 12.9873743], [77.7507517, 12.9873811], [77.7509151, 12.9873902], [77.7510482, 12.9873925], [77.7511486, 12.9873925], [77.7512537, 12.9874084], [77.7514794, 12.9874393], [77.7515199, 12.9874448], [77.7517067, 12.9874835], [77.7518578, 12.9875121], [77.7518748, 12.9875153], [77.7519316, 12.9875338], [77.7520079, 12.9875586], [77.7521581, 12.9876066], [77.7524352, 12.9876951], [77.7525436, 12.9877371], [77.7527096, 12.9878014]]}}, {"type": "Feature", "properties": {"id": "way/1190031180", "name": "Metro", "line": "metro", "source": "OpenStreetMap", "kind": "metro_line"}, "geometry": {"type": "LineString", "coordinates": [[77.7504756, 12.9872773], [77.7505285, 12.9872976], [77.7506723, 12.9873379], [77.7508077, 12.9873584], [77.7509899, 12.9873675], [77.7510973, 12.9873675], [77.7512397, 12.9873834], [77.7514794, 12.9874393]]}}, {"type": "Feature", "properties": {"id": "way/1190031181", "name": "Metro", "line": "metro", "source": "OpenStreetMap", "kind": "metro_line"}, "geometry": {"type": "LineString", "coordinates": [[77.750505, 12.9872052], [77.7505578, 12.9872255], [77.7508357, 12.9872855], [77.751193, 12.9873424], [77.7513961, 12.9873902], [77.751597, 12.9874334], [77.7518578, 12.9875121]]}}, {"type": "Feature", "properties": {"id": "way/1190031182", "name": "Metro", "line": "metro", "source": "OpenStreetMap", "kind": "metro_line"}, "geometry": {"type": "LineString", "coordinates": [[77.7505337, 12.9871318], [77.7505866, 12.9871521], [77.7507634, 12.9872014], [77.7510155, 12.9872514]]}}, {"type": "Feature", "properties": {"id": "way/1190031183", "name": "Metro", "line": "metro", "source": "OpenStreetMap", "kind": "metro_line"}, "geometry": {"type": "LineString", "coordinates": [[77.7505611, 12.9870585], [77.750614, 12.9870788], [77.7511159, 12.987256]]}}, {"type": "Feature", "properties": {"id": "way/1190031184", "name": "Metro", "line": "metro", "source": "OpenStreetMap", "kind": "metro_line"}, "geometry": {"type": "LineString", "coordinates": [[77.7505917, 12.9869845], [77.7506446, 12.9870048], [77.7507493, 12.9870466], [77.7508054, 12.9870785], [77.7510376, 12.9871861]]}}, {"type": "Feature", "properties": {"id": "way/1190031185", "name": "Metro", "line": "metro", "source": "OpenStreetMap", "kind": "metro_line"}, "geometry": {"type": "LineString", "coordinates": [[77.7506185, 12.9869118], [77.7506714, 12.9869321], [77.7507984, 12.9869875], [77.7508941, 12.9870421], [77.7510017, 12.9871166]]}}, {"type": "Feature", "properties": {"id": "way/1190031186", "name": "Metro", "line": "metro", "source": "OpenStreetMap", "kind": "metro_line"}, "geometry": {"type": "LineString", "coordinates": [[77.7506485, 12.9868347], [77.7507014, 12.986855], [77.7508334, 12.9869101], [77.7509338, 12.9869761], [77.7510319, 12.9870512], [77.7511393, 12.9871217], [77.751207, 12.98719]]}}, {"type": "Feature", "properties": {"id": "way/1190031187", "name": "Metro", "line": "metro", "source": "OpenStreetMap", "kind": "metro_line"}, "geometry": {"type": "LineString", "coordinates": [[77.7504425, 12.9873534], [77.7504953, 12.9873737], [77.7505836, 12.9873993], [77.7506653, 12.9874152], [77.750789, 12.9874243], [77.7508894, 12.987438], [77.7510436, 12.9874585], [77.751207, 12.9874858], [77.7514541, 12.9875534]]}}, {"type": "Feature", "properties": {"id": "way/1190032204", "name": "Metro", "line": "metro", "source": "OpenStreetMap", "kind": "metro_line"}, "geometry": {"type": "LineString", "coordinates": [[77.749362, 12.9862287], [77.7506912, 12.9867147]]}}, {"type": "Feature", "properties": {"id": "way/1190032205", "name": "Metro", "line": "metro", "source": "OpenStreetMap", "kind": "metro_line"}, "geometry": {"type": "LineString", "coordinates": [[77.74933, 12.9863141], [77.7506592, 12.9868001]]}}, {"type": "Feature", "properties": {"id": "way/1190032206", "name": "Metro", "line": "metro", "source": "OpenStreetMap", "kind": "metro_line"}, "geometry": {"type": "LineString", "coordinates": [[77.7493193, 12.9863487], [77.7506485, 12.9868347]]}}, {"type": "Feature", "properties": {"id": "way/1190032207", "name": "Metro", "line": "metro", "source": "OpenStreetMap", "kind": "metro_line"}, "geometry": {"type": "LineString", "coordinates": [[77.7493027, 12.986388], [77.7506319, 12.986874]]}}, {"type": "Feature", "properties": {"id": "way/1190032208", "name": "Metro", "line": "metro", "source": "OpenStreetMap", "kind": "metro_line"}, "geometry": {"type": "LineString", "coordinates": [[77.7492893, 12.9864258], [77.7506185, 12.9869118]]}}, {"type": "Feature", "properties": {"id": "way/1190032209", "name": "Metro", "line": "metro", "source": "OpenStreetMap", "kind": "metro_line"}, "geometry": {"type": "LineString", "coordinates": [[77.7492739, 12.9864605], [77.7506031, 12.9869465]]}}, {"type": "Feature", "properties": {"id": "way/1190032210", "name": "Metro", "line": "metro", "source": "OpenStreetMap", "kind": "metro_line"}, "geometry": {"type": "LineString", "coordinates": [[77.7492625, 12.9864985], [77.7505917, 12.9869845]]}}, {"type": "Feature", "properties": {"id": "way/1190032211", "name": "Metro", "line": "metro", "source": "OpenStreetMap", "kind": "metro_line"}, "geometry": {"type": "LineString", "coordinates": [[77.7492465, 12.9865352], [77.7505757, 12.9870212]]}}, {"type": "Feature", "properties": {"id": "way/1190032212", "name": "Metro", "line": "metro", "source": "OpenStreetMap", "kind": "metro_line"}, "geometry": {"type": "LineString", "coordinates": [[77.7492319, 12.9865725], [77.7505611, 12.9870585]]}}, {"type": "Feature", "properties": {"id": "way/1190032213", "name": "Metro", "line": "metro", "source": "OpenStreetMap", "kind": "metro_line"}, "geometry": {"type": "LineString", "coordinates": [[77.7492178, 12.9866106], [77.750547, 12.9870966]]}}, {"type": "Feature", "properties": {"id": "way/1190032214", "name": "Metro", "line": "metro", "source": "OpenStreetMap", "kind": "metro_line"}, "geometry": {"type": "LineString", "coordinates": [[77.7492045, 12.9866458], [77.7505337, 12.9871318]]}}, {"type": "Feature", "properties": {"id": "way/1190032215", "name": "Metro", "line": "metro", "source": "OpenStreetMap", "kind": "metro_line"}, "geometry": {"type": "LineString", "coordinates": [[77.7491889, 12.986683], [77.7505181, 12.987169]]}}, {"type": "Feature", "properties": {"id": "way/1190032216", "name": "Metro", "line": "metro", "source": "OpenStreetMap", "kind": "metro_line"}, "geometry": {"type": "LineString", "coordinates": [[77.7491758, 12.9867192], [77.750505, 12.9872052]]}}, {"type": "Feature", "properties": {"id": "way/1190032217", "name": "Metro", "line": "metro", "source": "OpenStreetMap", "kind": "metro_line"}, "geometry": {"type": "LineString", "coordinates": [[77.7491609, 12.9867584], [77.7504901, 12.9872444]]}}, {"type": "Feature", "properties": {"id": "way/1190032218", "name": "Metro", "line": "metro", "source": "OpenStreetMap", "kind": "metro_line"}, "geometry": {"type": "LineString", "coordinates": [[77.7491464, 12.9867913], [77.7504756, 12.9872773]]}}, {"type": "Feature", "properties": {"id": "way/1190032219", "name": "Metro", "line": "metro", "source": "OpenStreetMap", "kind": "metro_line"}, "geometry": {"type": "LineString", "coordinates": [[77.7491298, 12.9868301], [77.750459, 12.9873161]]}}, {"type": "Feature", "properties": {"id": "way/1190032220", "name": "Metro", "line": "metro", "source": "OpenStreetMap", "kind": "metro_line"}, "geometry": {"type": "LineString", "coordinates": [[77.7491133, 12.9868674], [77.7504425, 12.9873534]]}}, {"type": "Feature", "properties": {"id": "way/1190032221", "name": "Metro", "line": "metro", "source": "OpenStreetMap", "kind": "metro_line"}, "geometry": {"type": "LineString", "coordinates": [[77.7493454, 12.9862746], [77.7506746, 12.9867606]]}}, {"type": "Feature", "properties": {"id": "way/1190032222", "name": "Metro", "line": "metro", "source": "OpenStreetMap", "kind": "metro_line"}, "geometry": {"type": "LineString", "coordinates": [[77.7504468, 12.9874398], [77.7504983, 12.9874568], [77.750561, 12.9874711], [77.7506197, 12.9874816], [77.750688, 12.9874897], [77.7511696, 12.9875231]]}}, {"type": "Feature", "properties": {"id": "way/1190032223", "name": "Metro", "line": "metro", "source": "OpenStreetMap", "kind": "metro_line"}, "geometry": {"type": "LineString", "coordinates": [[77.7504319, 12.9874749], [77.7505058, 12.987498], [77.7505854, 12.9875187], [77.7506613, 12.987532], [77.7507341, 12.9875387], [77.7508032, 12.9875387], [77.7509843, 12.9875242], [77.751068, 12.9875194], [77.7511696, 12.9875231], [77.7513721, 12.9875424], [77.7514541, 12.9875534], [77.7515314, 12.987569], [77.7517728, 12.9876198]]}}, {"type": "Feature", "properties": {"id": "way/1190032224", "name": "Metro", "line": "metro", "source": "OpenStreetMap", "kind": "metro_line"}, "geometry": {"type": "LineString", "coordinates": [[77.7504167, 12.9875106], [77.7504788, 12.987531], [77.750547, 12.9875517], [77.75061, 12.987565], [77.750679, 12.9875746], [77.750742, 12.9875805], [77.7508088, 12.9875805], [77.7508687, 12.9875783], [77.7509537, 12.9875716], [77.7510455, 12.9875642], [77.7511092, 12.987562], [77.7511828, 12.987565], [77.751457, 12.9875855]]}}, {"type": "Feature", "properties": {"id": "way/1190032225", "name": "Metro", "line": "metro", "source": "OpenStreetMap", "kind": "metro_line"}, "geometry": {"type": "LineString", "coordinates": [[77.7490464, 12.9870531], [77.7504006, 12.9875486]]}}, {"type": "Feature", "properties": {"id": "way/1190422758", "name": "Metro", "line": "metro", "source": "OpenStreetMap", "kind": "metro_line"}, "geometry": {"type": "LineString", "coordinates": [[77.6504823, 12.9899722], [77.6505531, 12.990001], [77.6506362, 12.9900344], [77.6507151, 12.9900616], [77.6507874, 12.9900792], [77.6508683, 12.9900944], [77.6509458, 12.9901038], [77.6510473, 12.9901159], [77.6511284, 12.9901307], [77.6512155, 12.9901513], [77.6514602, 12.9902221], [77.6517059, 12.9902932]]}}, {"type": "Feature", "properties": {"id": "way/1190422759", "name": "Metro", "line": "metro", "source": "OpenStreetMap", "kind": "metro_line"}, "geometry": {"type": "LineString", "coordinates": [[77.6505063, 12.9899202], [77.6506098, 12.9899669], [77.6506836, 12.9899969], [77.6507798, 12.9900279], [77.6508705, 12.9900533], [77.6512155, 12.9901513]]}}, {"type": "Feature", "properties": {"id": "way/1190422760", "name": "Metro", "line": "metro", "source": "OpenStreetMap", "kind": "metro_line"}, "geometry": {"type": "LineString", "coordinates": [[77.6505284, 12.9898725], [77.650677, 12.9899362], [77.6507562, 12.9899678], [77.6508581, 12.9900018], [77.6509906, 12.9900384], [77.6510649, 12.9900617], [77.651136, 12.990089], [77.6512839, 12.9901549], [77.6513624, 12.9901884], [77.6514602, 12.9902221]]}}, {"type": "Feature", "properties": {"id": "way/1190425661", "name": "Metro", "line": "metro", "source": "OpenStreetMap", "kind": "metro_line"}, "geometry": {"type": "LineString", "coordinates": [[77.651202, 12.9899475], [77.6511006, 12.9898755], [77.6510346, 12.9898327], [77.6509423, 12.9897748], [77.6508373, 12.989719], [77.650679, 12.9896474], [77.6504755, 12.989561]]}}, {"type": "Feature", "properties": {"id": "way/1190425662", "name": "Metro", "line": "metro", "source": "OpenStreetMap", "kind": "metro_line"}, "geometry": {"type": "LineString", "coordinates": [[77.6490956, 12.9888812], [77.6505068, 12.9894976]]}}, {"type": "Feature", "properties": {"id": "way/1190425663", "name": "Metro", "line": "metro", "source": "OpenStreetMap", "kind": "metro_line"}, "geometry": {"type": "LineString", "coordinates": [[77.6491475, 12.9887677], [77.6505569, 12.9893832]]}}, {"type": "Feature", "properties": {"id": "way/1190425664", "name": "Metro", "line": "metro", "source": "OpenStreetMap", "kind": "metro_line"}, "geometry": {"type": "LineString", "coordinates": [[77.6511755, 12.989814], [77.6510052, 12.9896218], [77.6509336, 12.989546], [77.6508772, 12.9894952], [77.650837, 12.9894641], [77.6507799, 12.9894241], [77.6507234, 12.9893887], [77.6506592, 12.9893514], [77.6505869, 12.9893161]]}}, {"type": "Feature", "properties": {"id": "way/1190425728", "name": "Metro", "line": "metro", "source": "OpenStreetMap", "kind": "metro_line"}, "geometry": {"type": "LineString", "coordinates": [[77.6506251, 12.9892303], [77.6490815, 12.9885561]]}}, {"type": "Feature", "properties": {"id": "way/1190425836", "name": "Metro", "line": "metro", "source": "OpenStreetMap", "kind": "metro_line"}, "geometry": {"type": "LineString", "coordinates": [[77.6501206, 12.988922], [77.6490838, 12.9884693]]}}, {"type": "Feature", "properties": {"id": "way/1190425837", "name": "Metro", "line": "metro", "source": "OpenStreetMap", "kind": "metro_line"}, "geometry": {"type": "LineString", "coordinates": [[77.6504855, 12.9890814], [77.6501206, 12.988922]]}}, {"type": "Feature", "properties": {"id": "way/1190425964", "name": "Metro", "line": "metro", "source": "OpenStreetMap", "kind": "metro_line"}, "geometry": {"type": "LineString", "coordinates": [[77.6499841, 12.9887704], [77.6491196, 12.9883904]]}}, {"type": "Feature", "properties": {"id": "way/1190425965", "name": "Metro", "line": "metro", "source": "OpenStreetMap", "kind": "metro_line"}, "geometry": {"type": "LineString", "coordinates": [[77.6505192, 12.9890057], [77.6499841, 12.9887704]]}}, {"type": "Feature", "properties": {"id": "way/1190426421", "name": "Metro", "line": "metro", "source": "OpenStreetMap", "kind": "metro_line"}, "geometry": {"type": "LineString", "coordinates": [[77.7494717, 12.9881634], [77.7509032, 12.9881518]]}}, {"type": "Feature", "properties": {"id": "way/1190426422", "name": "Metro", "line": "metro", "source": "OpenStreetMap", "kind": "metro_line"}, "geometry": {"type": "LineString", "coordinates": [[77.750901, 12.9880951], [77.7509648, 12.9880946], [77.7510767, 12.9880944], [77.7511891, 12.9881003], [77.7513047, 12.9881136], [77.7514473, 12.9881343], [77.7515403, 12.988143], [77.7516407, 12.9881485]]}}, {"type": "Feature", "properties": {"id": "way/1190426423", "name": "Metro", "line": "metro", "source": "OpenStreetMap", "kind": "metro_line"}, "geometry": {"type": "LineString", "coordinates": [[77.7509016, 12.9880054], [77.7509641, 12.9880049], [77.7510319, 12.9880069], [77.751122, 12.9880152], [77.7511864, 12.9880267], [77.7512529, 12.9880403], [77.7513538, 12.9880591], [77.7514589, 12.9880759], [77.7517588, 12.9881135], [77.7518881, 12.9881323], [77.7519658, 12.9881403], [77.7520715, 12.9881461]]}}, {"type": "Feature", "properties": {"id": "way/1190426424", "name": "Metro", "line": "metro", "source": "OpenStreetMap", "kind": "metro_line"}, "geometry": {"type": "LineString", "coordinates": [[77.750901, 12.9879504], [77.7509637, 12.9879499], [77.7510267, 12.9879499], [77.7511094, 12.9879558], [77.7511906, 12.9879691], [77.751271, 12.9879891], [77.7515858, 12.988077], [77.7516598, 12.9880948], [77.7517588, 12.9881135]]}}, {"type": "Feature", "properties": {"id": "way/1240092403", "name": "Namma Metro - Reach 3C", "line": "Namma Metro - Reach 3C", "source": "OpenStreetMap", "kind": "metro_line"}, "geometry": {"type": "LineString", "coordinates": [[77.4954053, 13.0497029], [77.4944407, 13.0500685], [77.4941333, 13.050185], [77.4932451, 13.0504879], [77.4923976, 13.0507092], [77.4914983, 13.0510274], [77.4897513, 13.0516589], [77.4891773, 13.0518845], [77.4879101, 13.0523412], [77.4849319, 13.0534146], [77.4837157, 13.0538599], [77.4821314, 13.0544297], [77.4812655, 13.0547459], [77.4792951, 13.055537], [77.4774152, 13.0563084], [77.4754639, 13.0567696], [77.47461, 13.0569763], [77.4739686, 13.0571315], [77.4728018, 13.0574004], [77.4721715, 13.0575456], [77.4713966, 13.0577388], [77.4707097, 13.0579101], [77.4695571, 13.0582256]]}}, {"type": "Feature", "properties": {"id": "way/1240101143", "name": "Hebbagodi Depot", "line": "Hebbagodi Depot", "source": "OpenStreetMap", "kind": "metro_line"}, "geometry": {"type": "LineString", "coordinates": [[77.6828107, 12.8253214], [77.6827338, 12.8255328], [77.6823171, 12.8263427], [77.6818768, 12.8271687], [77.6815022, 12.8278505], [77.6814486, 12.8279236], [77.6813902, 12.827991], [77.6813265, 12.8280536], [77.6812576, 12.828111], [77.6811743, 12.8281691], [77.6808001, 12.8283201]]}}, {"type": "Feature", "properties": {"id": "way/1240101144", "name": "Metro", "line": "metro", "source": "OpenStreetMap", "kind": "metro_line"}, "geometry": {"type": "LineString", "coordinates": [[77.6837917, 12.8242191], [77.6840261, 12.8240541]]}}, {"type": "Feature", "properties": {"id": "way/1240101145", "name": "Hebbagodi Depot", "line": "Hebbagodi Depot", "source": "OpenStreetMap", "kind": "metro_line"}, "geometry": {"type": "LineString", "coordinates": [[77.6844846, 12.8235299], [77.6837917, 12.8242191], [77.6835222, 12.8244165], [77.6833847, 12.8245663], [77.6828107, 12.8253214], [77.6826712, 12.825494], [77.6822515, 12.82631], [77.6818116, 12.8271351], [77.6814394, 12.8278125], [77.6813904, 12.8278795], [77.6813359, 12.8279424], [77.6812763, 12.8280009], [77.6812121, 12.8280544], [77.6811342, 12.8281088], [77.6810514, 12.8281559], [77.6809646, 12.8281955], [77.6807481, 12.8282872]]}}, {"type": "Feature", "properties": {"id": "way/1240101146", "name": "Metro", "line": "metro", "source": "OpenStreetMap", "kind": "metro_line"}, "geometry": {"type": "LineString", "coordinates": [[77.6854245, 12.8223714], [77.6848023, 12.8230272], [77.6847674, 12.8230708], [77.6847359, 12.8231167], [77.6847036, 12.8231727], [77.6846762, 12.8232311], [77.6844846, 12.8235299], [77.6844116, 12.8236438]]}}, {"type": "Feature", "properties": {"id": "way/1240101798", "name": "Metro", "line": "metro", "source": "OpenStreetMap", "kind": "metro_line"}, "geometry": {"type": "LineString", "coordinates": [[77.6296937, 12.9053552], [77.6301046, 12.9045994], [77.630616, 12.9038961]]}}, {"type": "Feature", "properties": {"id": "way/1240101799", "name": "Metro", "line": "metro", "source": "OpenStreetMap", "kind": "metro_line"}, "geometry": {"type": "LineString", "coordinates": [[77.6306659, 12.9037444], [77.6301046, 12.9045994], [77.629534, 12.9054686]]}}, {"type": "Feature", "properties": {"id": "way/1240358636", "name": "Namma Metro - Reach 1A", "line": "Namma Metro - Reach 1A", "source": "OpenStreetMap", "kind": "metro_line"}, "geometry": {"type": "LineString", "coordinates": [[77.7399572, 12.987627], [77.7400542, 12.9876195], [77.7401543, 12.9876076], [77.7403085, 12.987577], [77.7439323, 12.9866544], [77.7452867, 12.9863001], [77.7455189, 12.9862327], [77.7458499, 12.9861211], [77.7470234, 12.9856714]]}}, {"type": "Feature", "properties": {"id": "way/1240358637", "name": "Namma Metro - Reach 1A", "line": "Namma Metro - Reach 1A", "source": "OpenStreetMap", "kind": "metro_line"}, "geometry": {"type": "LineString", "coordinates": [[77.7352886, 12.987641], [77.7355424, 12.9876152], [77.7358363, 12.9875913], [77.7366575, 12.9875886], [77.7370019, 12.9875915], [77.7372451, 12.9875935], [77.7380977, 12.9875875], [77.7388219, 12.9875932], [77.7392131, 12.9875963], [77.7399579, 12.9875824]]}}, {"type": "Feature", "properties": {"id": "way/1246298536", "name": "Namma Metro Green Line Phase 2 Extension", "line": "Namma Metro Green Line Phase 2 Extension", "source": "OpenStreetMap", "kind": "metro_line"}, "geometry": {"type": "LineString", "coordinates": [[77.5252744, 12.8555401], [77.5255769, 12.8559695], [77.5257647, 12.8561944], [77.5258105, 12.856262], [77.5258507, 12.8563328], [77.5258853, 12.8564065], [77.5259139, 12.8564825], [77.5259364, 12.8565605], [77.5259547, 12.8566529], [77.5259644, 12.8567465], [77.5259654, 12.8568406], [77.5259578, 12.8569344], [77.5259452, 12.8570128], [77.5259253, 12.8570898], [77.5258982, 12.8571647], [77.5258643, 12.8572369], [77.5258237, 12.8573057], [77.5257725, 12.8573761], [77.5257144, 12.8574412], [77.5256499, 12.8575004], [77.5255797, 12.857553], [77.5255045, 12.8575986], [77.524775, 12.8580484], [77.5240481, 12.8584824]]}}, {"type": "Feature", "properties": {"id": "way/1299917515", "name": "Yellow Line (RV Road - Bommasandra)", "line": "Yellow Line (RV Road - Bommasandra)", "source": "OpenStreetMap", "kind": "metro_line"}, "geometry": {"type": "LineString", "coordinates": [[77.6216236, 12.9168814], [77.620117, 12.9164026], [77.6195373, 12.9162369], [77.6193244, 12.9161987], [77.6192082, 12.9161941], [77.6190773, 12.9161981], [77.6189485, 12.916209], [77.618735, 12.9162277], [77.6183923, 12.916248], [77.6175719, 12.9162409], [77.6171062, 12.9162109], [77.6166736, 12.9162002], [77.6155447, 12.9163316], [77.6154675, 12.916339], [77.6150454, 12.9163797], [77.6141904, 12.9164355], [77.6139494, 12.9164399], [77.6118316, 12.9164998], [77.610688, 12.9164974], [77.6087608, 12.9165442], [77.6076327, 12.916573], [77.6068897, 12.9165951], [77.6046167, 12.9166612], [77.6018911, 12.9166905], [77.5997303, 12.9167282], [77.5986723, 12.9167466], [77.5976375, 12.9167755], [77.5964828, 12.9167928], [77.5950584, 12.9168276], [77.5940267, 12.9168521], [77.5909445, 12.9168999], [77.5903436, 12.9169105], [77.5900333, 12.9169255], [77.5896691, 12.9169989], [77.589378, 12.9170385], [77.5890486, 12.9170478], [77.5877835, 12.9170748], [77.5876763, 12.9170767], [77.5874615, 12.9170788], [77.5873082, 12.9170733], [77.5871789, 12.9170588], [77.5869901, 12.9170319], [77.5867445, 12.9169923], [77.5851693, 12.917016], [77.5836145, 12.9170513], [77.5815305, 12.9171024], [77.5813655, 12.9171086], [77.5812146, 12.9171225], [77.5811085, 12.9171416], [77.5810083, 12.9171681], [77.5808986, 12.9172066], [77.5807829, 12.9172615], [77.5806987, 12.9173153], [77.5806045, 12.917384], [77.5805195, 12.9174677], [77.5804496, 12.9175375], [77.5803809, 12.9176266], [77.5803281, 12.9177207], [77.5802843, 12.9178131], [77.5802471, 12.917901], [77.5802166, 12.9179984], [77.5801943, 12.9180984], [77.58018, 12.9181839], [77.5801706, 12.9182694], [77.5801516, 12.9191167], [77.5801489, 12.9193001], [77.5801412, 12.9194397], [77.5801271, 12.9195898], [77.5800967, 12.919844], [77.5800846, 12.9199933], [77.5800746, 12.9201505], [77.580062, 12.9203324], [77.5800587, 12.9205077], [77.5800583, 12.9207953], [77.5800465, 12.9219877]]}}, {"type": "Feature", "properties": {"id": "way/1299917516", "name": "Yellow Line (RV Road - Bommasandra)", "line": "Yellow Line (RV Road - Bommasandra)", "source": "OpenStreetMap", "kind": "metro_line"}, "geometry": {"type": "LineString", "coordinates": [[77.5800946, 12.9209601], [77.5800962, 12.9208053], [77.5800985, 12.9205099], [77.5801099, 12.9202277], [77.5801213, 12.9200705], [77.580133, 12.919924], [77.5801614, 12.9196788], [77.5801776, 12.9195208], [77.5801927, 12.9193166], [77.5801964, 12.9191248], [77.5802085, 12.9184202], [77.5802126, 12.9183003], [77.5802183, 12.9182041], [77.58023, 12.9181286], [77.5802494, 12.918032], [77.5802699, 12.917949], [77.5803055, 12.9178592], [77.5803353, 12.917788], [77.5803737, 12.917715], [77.5804298, 12.9176344], [77.5805043, 12.917548], [77.5806018, 12.9174512], [77.5806689, 12.9173926], [77.5807789, 12.9173151], [77.5808743, 12.9172663], [77.5809933, 12.9172195], [77.5811054, 12.9171858], [77.5812289, 12.9171603], [77.5813427, 12.9171458], [77.581475, 12.9171421], [77.5836204, 12.9170875], [77.5848673, 12.9170598], [77.5867112, 12.9170188], [77.5869875, 12.9170696], [77.5871838, 12.9170988], [77.5873096, 12.9171097], [77.5874966, 12.9171157], [77.5876916, 12.9171111], [77.588698, 12.9170892], [77.5890492, 12.9170815], [77.5893702, 12.9170741], [77.5895863, 12.9170472], [77.5900464, 12.9169568], [77.5903422, 12.9169431], [77.5909409, 12.9169317], [77.5940177, 12.9168789], [77.5950593, 12.9168585], [77.5964892, 12.9168259], [77.5976424, 12.9168215], [77.5986695, 12.9167995], [77.6004425, 12.9167643], [77.6018923, 12.9167356], [77.6046249, 12.916703], [77.6068967, 12.9166312], [77.6086222, 12.916598], [77.6087629, 12.9165953], [77.6106888, 12.9165433], [77.6118316, 12.9165458], [77.6139503, 12.9164858], [77.6141978, 12.9164736], [77.6150608, 12.9164126], [77.6155506, 12.9163773], [77.6158597, 12.9163397], [77.6160859, 12.9163122], [77.6166352, 12.9162589], [77.617105, 12.9162568], [77.6175656, 12.9162819], [77.6183948, 12.9162883], [77.6187381, 12.9162681], [77.6189522, 12.9162493], [77.6190798, 12.9162385], [77.619208, 12.9162346], [77.6193198, 12.916239], [77.6195277, 12.9162762], [77.6201047, 12.9164413], [77.6210257, 12.9167339], [77.6216107, 12.9169198]]}}, {"type": "Feature", "properties": {"id": "way/1303212363", "name": "Namma Metro - Phase 2B", "line": "Namma Metro - Phase 2B", "source": "OpenStreetMap", "kind": "metro_line"}, "geometry": {"type": "LineString", "coordinates": [[77.6628003, 13.1979586], [77.6650491, 13.1978983], [77.6663774, 13.1978836], [77.6665139, 13.1978872], [77.6666503, 13.1978969], [77.6667714, 13.1979107], [77.6668917, 13.1979293], [77.6670116, 13.1979529], [77.6677824, 13.198149], [77.6678851, 13.198173], [77.6679878, 13.1981895], [77.668106, 13.1981997], [77.6797057, 13.1980755], [77.6811022, 13.1982939], [77.6813462, 13.1983423], [77.6816976, 13.1983814], [77.6821745, 13.1984021], [77.684917, 13.1983319]]}}, {"type": "Feature", "properties": {"id": "way/1352305993", "name": "Namma Metro - Underground UG2", "line": "Namma Metro - Underground UG2", "source": "OpenStreetMap", "kind": "metro_line"}, "geometry": {"type": "LineString", "coordinates": [[77.5728675, 12.9759557], [77.5728362, 12.9739887], [77.572863, 12.973619], [77.572966, 12.9733038], [77.574565, 12.9696892], [77.5746584, 12.9692943], [77.5746522, 12.9690112], [77.5745467, 12.9674726], [77.5745314, 12.9669249]]}}, {"type": "Feature", "properties": {"id": "way/1352306002", "name": "Namma Metro - Reach 4", "line": "Namma Metro - Reach 4", "source": "OpenStreetMap", "kind": "metro_line"}, "geometry": {"type": "LineString", "coordinates": [[77.5736269, 12.9559424], [77.5736533, 12.9535219], [77.5736525, 12.9528067], [77.5736516, 12.9520728], [77.5736697, 12.9505263]]}}, {"type": "Feature", "properties": {"id": "way/1352306003", "name": "Namma Metro - Reach 4", "line": "Namma Metro - Reach 4", "source": "OpenStreetMap", "kind": "metro_line"}, "geometry": {"type": "LineString", "coordinates": [[77.5736692, 12.9559439], [77.5736956, 12.9535221], [77.5736944, 12.9525179], [77.5736939, 12.9520729], [77.573712, 12.9505258]]}}, {"type": "Feature", "properties": {"id": "way/1352361298", "name": "Namma Metro - Reach 3", "line": "Namma Metro - Reach 3", "source": "OpenStreetMap", "kind": "metro_line"}, "geometry": {"type": "LineString", "coordinates": [[77.5496166, 13.0005232], [77.5499063, 12.998868], [77.5499885, 12.9985131], [77.5501042, 12.9982713], [77.550291, 12.9980759], [77.5504835, 12.9979306], [77.550724, 12.9978291], [77.5509707, 12.9977641], [77.551219, 12.9977618], [77.551525, 12.9978128], [77.5521786, 12.9979765], [77.5530735, 12.9982149], [77.5554252, 12.9986586], [77.5558951, 12.9986475], [77.5562821, 12.9985959], [77.5568746, 12.9984697]]}}, {"type": "Feature", "properties": {"id": "way/1352361299", "name": "Namma Metro - Reach 3", "line": "Namma Metro - Reach 3", "source": "OpenStreetMap", "kind": "metro_line"}, "geometry": {"type": "LineString", "coordinates": [[77.5496996, 13.0005359], [77.5499887, 12.9988839], [77.5500684, 12.9985397], [77.5501747, 12.9983176], [77.5503478, 12.9981365], [77.5505266, 12.9980016], [77.5507518, 12.9979065], [77.5509822, 12.9978458], [77.5512123, 12.9978437], [77.5515074, 12.9978929], [77.5521594, 12.9980562], [77.5530665, 12.9982502], [77.5554221, 12.9986946], [77.5558972, 12.9986834], [77.5562874, 12.9986349], [77.5568794, 12.9985238]]}}, {"type": "Feature", "properties": {"id": "way/1352361300", "name": "Namma Metro - Reach 3", "line": "Namma Metro - Reach 3", "source": "OpenStreetMap", "kind": "metro_line"}, "geometry": {"type": "LineString", "coordinates": [[77.5568794, 12.9985238], [77.5573961, 12.998412], [77.5578831, 12.9982731], [77.558029, 12.9982209], [77.5583059, 12.9981253], [77.558633, 12.9980253], [77.5588429, 12.9979472], [77.559788, 12.9975955], [77.5600702, 12.9974905], [77.5601197, 12.9974721], [77.5603762, 12.9973464], [77.5605112, 12.9972821], [77.5605541, 12.9972617], [77.5606042, 12.9972378], [77.5608458, 12.9971229], [77.5612722, 12.9969199], [77.5613977, 12.9968669], [77.5615253, 12.9968129], [77.5615998, 12.9967854], [77.5618058, 12.9967285], [77.5619555, 12.9967041], [77.5622743, 12.9966663], [77.5633115, 12.9965408]]}}, {"type": "Feature", "properties": {"id": "way/1352361301", "name": "Namma Metro - Reach 3", "line": "Namma Metro - Reach 3", "source": "OpenStreetMap", "kind": "metro_line"}, "geometry": {"type": "LineString", "coordinates": [[77.5568746, 12.9984697], [77.5573949, 12.9983631], [77.5578664, 12.9982312], [77.5580134, 12.9981787], [77.5582913, 12.9980827], [77.5586179, 12.9979829], [77.5588265, 12.9979053], [77.5597716, 12.9975536], [77.5600538, 12.9974486], [77.5601011, 12.997431], [77.5603557, 12.9973061], [77.560491, 12.9972417], [77.5605338, 12.9972213], [77.5605839, 12.9971974], [77.5608255, 12.9970825], [77.5612529, 12.9968791], [77.5613793, 12.9968257], [77.5615079, 12.9967713], [77.5615853, 12.9967427], [77.5617957, 12.9966846], [77.561949, 12.9966597], [77.5622695, 12.9966216], [77.5632993, 12.9964948]]}}, {"type": "Feature", "properties": {"id": "way/1352469288", "name": "Namma Metro - Reach 3", "line": "Namma Metro - Reach 3", "source": "OpenStreetMap", "kind": "metro_line"}, "geometry": {"type": "LineString", "coordinates": [[77.5486769, 13.0066782], [77.5487552, 13.0062036], [77.5488686, 13.0056708], [77.5489684, 13.0050485], [77.549401, 13.0025514], [77.5494525, 13.0022038], [77.5496996, 13.0005359]]}}, {"type": "Feature", "properties": {"id": "way/1352492192", "name": "Namma Metro - Phase 2A", "line": "Namma Metro - Phase 2A", "source": "OpenStreetMap", "kind": "metro_line"}, "geometry": {"type": "LineString", "coordinates": [[77.6984748, 12.9735633], [77.6905274, 12.9864409], [77.6881242, 12.9904135], [77.687993, 12.9905911], [77.6855318, 12.9938629], [77.6844523, 12.9953756], [77.6834001, 12.9969054], [77.6830913, 12.9973619], [77.682642, 12.9979125], [77.6817687, 12.9993164]]}}, {"type": "Feature", "properties": {"id": "way/1352492194", "name": "Namma Metro - Phase 2A", "line": "Namma Metro - Phase 2A", "source": "OpenStreetMap", "kind": "metro_line"}, "geometry": {"type": "LineString", "coordinates": [[77.6992254, 12.9722499], [77.6984748, 12.9735633]]}}, {"type": "Feature", "properties": {"id": "way/1352492195", "name": "Namma Metro - Phase 2A", "line": "Namma Metro - Phase 2A", "source": "OpenStreetMap", "kind": "metro_line"}, "geometry": {"type": "LineString", "coordinates": [[77.6984349, 12.9735408], [77.6991864, 12.9722257]]}}, {"type": "Feature", "properties": {"id": "way/1352492196", "name": "Namma Metro - Phase 2A", "line": "Namma Metro - Phase 2A", "source": "OpenStreetMap", "kind": "metro_line"}, "geometry": {"type": "LineString", "coordinates": [[77.701408, 12.9600229], [77.7015728, 12.9611922], [77.7020824, 12.964747], [77.702195, 12.9659703], [77.7021924, 12.9663153], [77.7021709, 12.9668354], [77.702077, 12.9672249], [77.7017887, 12.9678614], [77.7002209, 12.9705078], [77.6992254, 12.9722499]]}}, {"type": "Feature", "properties": {"id": "way/1352492197", "name": "Namma Metro - Phase 2A", "line": "Namma Metro - Phase 2A", "source": "OpenStreetMap", "kind": "metro_line"}, "geometry": {"type": "LineString", "coordinates": [[77.6817178, 12.9992895], [77.6825942, 12.9978868], [77.6830515, 12.9973259], [77.683359, 12.996873], [77.684413, 12.9953463], [77.6854943, 12.9938368], [77.6880855, 12.990389], [77.6885211, 12.9896689], [77.6904878, 12.9864179], [77.6984349, 12.9735408]]}}, {"type": "Feature", "properties": {"id": "way/1352492198", "name": "Namma Metro - Phase 2A", "line": "Namma Metro - Phase 2A", "source": "OpenStreetMap", "kind": "metro_line"}, "geometry": {"type": "LineString", "coordinates": [[77.7013621, 12.9600272], [77.7012208, 12.9590249], [77.7011648, 12.9571074], [77.7005159, 12.9546475]]}}, {"type": "Feature", "properties": {"id": "way/1352492199", "name": "Namma Metro - Phase 2A", "line": "Namma Metro - Phase 2A", "source": "OpenStreetMap", "kind": "metro_line"}, "geometry": {"type": "LineString", "coordinates": [[77.7005582, 12.9546348], [77.7012014, 12.9571033], [77.701267, 12.9590226], [77.701408, 12.9600229]]}}, {"type": "Feature", "properties": {"id": "way/1352492200", "name": "Namma Metro - Phase 2A", "line": "Namma Metro - Phase 2A", "source": "OpenStreetMap", "kind": "metro_line"}, "geometry": {"type": "LineString", "coordinates": [[77.6990504, 12.9478276], [77.6991955, 12.9482569], [77.6995754, 12.950235], [77.6998135, 12.9516031], [77.7003979, 12.9540196], [77.7005582, 12.9546348]]}}, {"type": "Feature", "properties": {"id": "way/1352492201", "name": "Namma Metro - Phase 2A", "line": "Namma Metro - Phase 2A", "source": "OpenStreetMap", "kind": "metro_line"}, "geometry": {"type": "LineString", "coordinates": [[77.7005159, 12.9546475], [77.7003531, 12.9540301], [77.6997827, 12.9516307], [77.6995461, 12.9502438], [77.6991484, 12.9482613], [77.6990057, 12.9478391]]}}, {"type": "Feature", "properties": {"id": "way/1352492202", "name": "Namma Metro - Phase 2A", "line": "Namma Metro - Phase 2A", "source": "OpenStreetMap", "kind": "metro_line"}, "geometry": {"type": "LineString", "coordinates": [[77.6247114, 12.9176247], [77.6248457, 12.9176428], [77.6249808, 12.9176547], [77.6251163, 12.9176603], [77.6252519, 12.9176595], [77.6254013, 12.9176514], [77.62555, 12.9176356], [77.6256977, 12.9176121], [77.6258439, 12.9175811], [77.6277329, 12.9170347], [77.6285389, 12.9168006], [77.6357149, 12.9161723], [77.6367026, 12.9160587], [77.6379723, 12.9158915], [77.6381522, 12.9158906], [77.6383443, 12.9159048], [77.6387329, 12.9159924], [77.6396519, 12.9163236], [77.6400583, 12.9165537], [77.6411243, 12.9174823], [77.6442432, 12.9212595], [77.6459683, 12.9229571], [77.6469469, 12.9237692], [77.6476134, 12.9240722], [77.6480397, 12.9242205], [77.6487234, 12.9243207], [77.6497197, 12.9243811], [77.650659, 12.9244098], [77.6510062, 12.9243632], [77.6515375, 12.9242586], [77.6556426, 12.9234398], [77.6582666, 12.9225532]]}}, {"type": "Feature", "properties": {"id": "way/1352492203", "name": "Namma Metro - Phase 2A", "line": "Namma Metro - Phase 2A", "source": "OpenStreetMap", "kind": "metro_line"}, "geometry": {"type": "LineString", "coordinates": [[77.6991864, 12.9722257], [77.7001808, 12.9704857], [77.7015533, 12.9681688], [77.7017475, 12.967841], [77.7020331, 12.9672106], [77.702125, 12.9668294], [77.7021463, 12.9663142], [77.7021489, 12.9659721], [77.7020366, 12.9647521], [77.7015271, 12.9611983], [77.7013621, 12.9600272]]}}, {"type": "Feature", "properties": {"id": "way/1352497592", "name": "Namma Metro - Phase 2A", "line": "Namma Metro - Phase 2A", "source": "OpenStreetMap", "kind": "metro_line"}, "geometry": {"type": "LineString", "coordinates": [[77.6671032, 12.9215443], [77.6847661, 12.9298786], [77.6862724, 12.9309894], [77.6903027, 12.9346723], [77.6951623, 12.9393497], [77.6973617, 12.9428317], [77.6990504, 12.9478276]]}}, {"type": "Feature", "properties": {"id": "way/1352497593", "name": "Namma Metro - Phase 2A", "line": "Namma Metro - Phase 2A", "source": "OpenStreetMap", "kind": "metro_line"}, "geometry": {"type": "LineString", "coordinates": [[77.6670842, 12.9215853], [77.6656664, 12.9209163], [77.6652487, 12.9207925], [77.6649626, 12.9207592], [77.6636832, 12.9210424], [77.659943, 12.9220342], [77.6582802, 12.9225961]]}}, {"type": "Feature", "properties": {"id": "way/1352497594", "name": "Namma Metro - Phase 2A", "line": "Namma Metro - Phase 2A", "source": "OpenStreetMap", "kind": "metro_line"}, "geometry": {"type": "LineString", "coordinates": [[77.6582666, 12.9225532], [77.6599288, 12.9219915], [77.6636893, 12.9210059], [77.6649559, 12.9207331], [77.6652606, 12.9207589], [77.6656794, 12.9208725], [77.6671032, 12.9215443]]}}, {"type": "Feature", "properties": {"id": "way/1352497595", "name": "Namma Metro - Phase 2A", "line": "Namma Metro - Phase 2A", "source": "OpenStreetMap", "kind": "metro_line"}, "geometry": {"type": "LineString", "coordinates": [[77.6990057, 12.9478391], [77.6973198, 12.942851], [77.6951263, 12.9393784], [77.6902845, 12.9347148], [77.6862451, 12.9310228], [77.6847397, 12.9299161], [77.6775096, 12.9265046], [77.6670842, 12.9215853]]}}, {"type": "Feature", "properties": {"id": "way/1352497596", "name": "Namma Metro - Phase 2A", "line": "Namma Metro - Phase 2A", "source": "OpenStreetMap", "kind": "metro_line"}, "geometry": {"type": "LineString", "coordinates": [[77.6247051, 12.9176692], [77.6231887, 12.9174212], [77.6206706, 12.9168439]]}}, {"type": "Feature", "properties": {"id": "way/1352497597", "name": "Namma Metro - Phase 2A", "line": "Namma Metro - Phase 2A", "source": "OpenStreetMap", "kind": "metro_line"}, "geometry": {"type": "LineString", "coordinates": [[77.620676, 12.916772], [77.623198, 12.9173772], [77.6247114, 12.9176247]]}}, {"type": "Feature", "properties": {"id": "way/1352497599", "name": "Namma Metro - Phase 2B", "line": "Namma Metro - Phase 2B", "source": "OpenStreetMap", "kind": "metro_line"}, "geometry": {"type": "LineString", "coordinates": [[77.5928938, 13.0726135], [77.5928506, 13.0733387], [77.5928341, 13.0737767], [77.5928576, 13.0754387], [77.5932156, 13.079561], [77.5934283, 13.081788], [77.5936273, 13.082716], [77.593973, 13.0837222], [77.5948723, 13.0860278], [77.5958131, 13.088125], [77.5962648, 13.089166], [77.5964808, 13.0896918], [77.5966551, 13.0902065], [77.596818, 13.0907619]]}}, {"type": "Feature", "properties": {"id": "way/1352497600", "name": "Namma Metro - Phase 2B", "line": "Namma Metro - Phase 2B", "source": "OpenStreetMap", "kind": "metro_line"}, "geometry": {"type": "LineString", "coordinates": [[77.5929277, 13.0726137], [77.5928844, 13.0733401], [77.5928714, 13.0737754], [77.5929082, 13.0754347], [77.5932662, 13.0795564], [77.5934786, 13.0817773], [77.5936762, 13.0827006], [77.5940227, 13.0837098], [77.5949243, 13.0860215], [77.5958602, 13.088107], [77.596313, 13.0891507], [77.5965291, 13.0896763], [77.5967024, 13.0901877], [77.5968609, 13.0907508]]}}, {"type": "Feature", "properties": {"id": "way/1352497601", "name": "Namma Metro - Phase 2B", "line": "Namma Metro - Phase 2B", "source": "OpenStreetMap", "kind": "metro_line"}, "geometry": {"type": "LineString", "coordinates": [[77.596818, 13.0907619], [77.5973921, 13.0933076], [77.5976971, 13.0945412], [77.5977893, 13.0948373], [77.5982187, 13.0959642], [77.5988595, 13.0975564], [77.5991256, 13.0983058], [77.5994295, 13.0993045], [77.6003241, 13.1024473], [77.600774, 13.1041551], [77.6010288, 13.1047]]}}, {"type": "Feature", "properties": {"id": "way/1352497602", "name": "Namma Metro - Phase 2B", "line": "Namma Metro - Phase 2B", "source": "OpenStreetMap", "kind": "metro_line"}, "geometry": {"type": "LineString", "coordinates": [[77.5968609, 13.0907508], [77.5974395, 13.0932993], [77.5977457, 13.0945284], [77.5978383, 13.0948243], [77.5982668, 13.0959542], [77.598905, 13.0975455], [77.59917, 13.0982951], [77.5994721, 13.0992925], [77.6003619, 13.102435], [77.6008076, 13.1041402], [77.601065, 13.1046908]]}}, {"type": "Feature", "properties": {"id": "way/1352497603", "name": "Namma Metro - Phase 2B", "line": "Namma Metro - Phase 2B", "source": "OpenStreetMap", "kind": "metro_line"}, "geometry": {"type": "LineString", "coordinates": [[77.6155271, 13.131407], [77.6172333, 13.1348962], [77.617625, 13.1358523], [77.6177537, 13.1363237], [77.6177913, 13.1366933], [77.6177859, 13.1375344], [77.6177643, 13.138126]]}}, {"type": "Feature", "properties": {"id": "way/1352497604", "name": "Namma Metro - Phase 2B", "line": "Namma Metro - Phase 2B", "source": "OpenStreetMap", "kind": "metro_line"}, "geometry": {"type": "LineString", "coordinates": [[77.6154971, 13.1314192], [77.617187, 13.1349164], [77.6175753, 13.1358649], [77.6177001, 13.1363224], [77.6177409, 13.1366992], [77.6177352, 13.137538], [77.6177136, 13.138126]]}}, {"type": "Feature", "properties": {"id": "way/1352497605", "name": "Namma Metro - Phase 2B", "line": "Namma Metro - Phase 2B", "source": "OpenStreetMap", "kind": "metro_line"}, "geometry": {"type": "LineString", "coordinates": [[77.6177643, 13.138126], [77.6176384, 13.1411625], [77.6176237, 13.14271], [77.6176545, 13.1434727], [77.6177135, 13.1442237], [77.6179898, 13.1465143], [77.618081, 13.1469936], [77.6182218, 13.1474559], [77.618423, 13.1479104], [77.618663, 13.1483532], [77.6205754, 13.1520228], [77.6212674, 13.1532843], [77.6216215, 13.1539072], [77.6220573, 13.1545184], [77.623786, 13.156967], [77.6259948, 13.1598569], [77.627067, 13.1613143], [77.6282331, 13.1627469], [77.6300941, 13.1652248], [77.6304621, 13.16592], [77.6319929, 13.1691724]]}}, {"type": "Feature", "properties": {"id": "way/1352497606", "name": "Namma Metro - Phase 2B", "line": "Namma Metro - Phase 2B", "source": "OpenStreetMap", "kind": "metro_line"}, "geometry": {"type": "LineString", "coordinates": [[77.6177136, 13.138126], [77.6175968, 13.1411716], [77.6175807, 13.1427074], [77.6176076, 13.1434727], [77.6176628, 13.1442265], [77.61794, 13.1465259], [77.6180381, 13.1470041], [77.6181816, 13.1474716], [77.6183908, 13.1479234], [77.6186166, 13.1483735], [77.6205313, 13.1520473], [77.6212366, 13.1533052], [77.6215967, 13.1539334], [77.6220171, 13.1545471], [77.6237439, 13.1569947], [77.62596, 13.159887], [77.6270328, 13.1613443], [77.6281918, 13.1627756], [77.6300525, 13.1652531], [77.6304178, 13.1659445], [77.631955, 13.1691861]]}}, {"type": "Feature", "properties": {"id": "way/1352497607", "name": "Namma Metro - Phase 2B", "line": "Namma Metro - Phase 2B", "source": "OpenStreetMap", "kind": "metro_line"}, "geometry": {"type": "LineString", "coordinates": [[77.6319929, 13.1691724], [77.633243, 13.1718614], [77.6338208, 13.173234], [77.6341313, 13.1739065], [77.6344961, 13.1745568], [77.6368531, 13.1776609]]}}, {"type": "Feature", "properties": {"id": "way/1352497608", "name": "Namma Metro - Phase 2B", "line": "Namma Metro - Phase 2B", "source": "OpenStreetMap", "kind": "metro_line"}, "geometry": {"type": "LineString", "coordinates": [[77.631955, 13.1691861], [77.6332022, 13.1718811], [77.6337786, 13.1732445], [77.6340884, 13.1739209], [77.634452, 13.1745816], [77.6368094, 13.1776863]]}}, {"type": "Feature", "properties": {"id": "way/1352497609", "name": "Namma Metro - Phase 2B", "line": "Namma Metro - Phase 2B", "source": "OpenStreetMap", "kind": "metro_line"}, "geometry": {"type": "LineString", "coordinates": [[77.6382994, 13.1796762], [77.6395687, 13.1814396], [77.642169, 13.1850892], [77.6432611, 13.1865725], [77.644026, 13.1873743], [77.6454265, 13.1892294]]}}, {"type": "Feature", "properties": {"id": "way/1352497610", "name": "Namma Metro - Phase 2B", "line": "Namma Metro - Phase 2B", "source": "OpenStreetMap", "kind": "metro_line"}, "geometry": {"type": "LineString", "coordinates": [[77.6382576, 13.1797041], [77.6395324, 13.1814647], [77.6421286, 13.1851191], [77.6439312, 13.18756], [77.6452637, 13.1893501]]}}, {"type": "Feature", "properties": {"id": "way/1352497611", "name": "Namma Metro - Phase 2B", "line": "Namma Metro - Phase 2B", "source": "OpenStreetMap", "kind": "metro_line"}, "geometry": {"type": "LineString", "coordinates": [[77.6454265, 13.1892294], [77.6458633, 13.189808], [77.6459135, 13.1898703], [77.6460681, 13.1900631], [77.6462212, 13.1902516], [77.6463278, 13.1903837], [77.6463814, 13.190439], [77.646554, 13.1906171], [77.6465968, 13.1906612], [77.6467207, 13.1907946], [77.6468439, 13.1909273], [77.6469057, 13.1909661], [77.6471143, 13.1910973], [77.6472277, 13.1911687], [77.6473185, 13.1912345], [77.6475211, 13.1913813], [77.6476651, 13.1914857], [77.6477772, 13.191567], [77.6478222, 13.191592], [77.6481621, 13.1918017]]}}, {"type": "Feature", "properties": {"id": "way/1352497612", "name": "Namma Metro - Phase 2B", "line": "Namma Metro - Phase 2B", "source": "OpenStreetMap", "kind": "metro_line"}, "geometry": {"type": "LineString", "coordinates": [[77.6452637, 13.1893501], [77.6459679, 13.190115], [77.646266, 13.1904288], [77.6465629, 13.1906917], [77.6468138, 13.1909618], [77.6472014, 13.1912056], [77.6477519, 13.1916046], [77.6481454, 13.1918441]]}}, {"type": "Feature", "properties": {"id": "way/1352497613", "name": "Namma Metro - Phase 2B", "line": "Namma Metro - Phase 2B", "source": "OpenStreetMap", "kind": "metro_line"}, "geometry": {"type": "LineString", "coordinates": [[77.6481621, 13.1918017], [77.6484087, 13.1918777], [77.6486946, 13.1919367], [77.6489308, 13.1919599], [77.6494878, 13.1920412], [77.649914, 13.1922064], [77.6509594, 13.1929251], [77.6516374, 13.1933974], [77.6520918, 13.1936917]]}}, {"type": "Feature", "properties": {"id": "way/1352497614", "name": "Namma Metro - Phase 2B", "line": "Namma Metro - Phase 2B", "source": "OpenStreetMap", "kind": "metro_line"}, "geometry": {"type": "LineString", "coordinates": [[77.6481454, 13.1918441], [77.6483993, 13.1919234], [77.6486873, 13.1919811], [77.648925, 13.1920045], [77.649481, 13.1920856], [77.6498893, 13.1922499], [77.65093, 13.1929654], [77.6516086, 13.1934381], [77.6520908, 13.1937503]]}}, {"type": "Feature", "properties": {"id": "way/1352497615", "name": "Namma Metro - Phase 2B", "line": "Namma Metro - Phase 2B", "source": "OpenStreetMap", "kind": "metro_line"}, "geometry": {"type": "LineString", "coordinates": [[77.684917, 13.1983319], [77.7086069, 13.1980955], [77.713331, 13.1980804]]}}, {"type": "Feature", "properties": {"id": "way/1352497616", "name": "Namma Metro - Phase 2B", "line": "Namma Metro - Phase 2B", "source": "OpenStreetMap", "kind": "metro_line"}, "geometry": {"type": "LineString", "coordinates": [[77.6849142, 13.1983879], [77.7086083, 13.1981288], [77.7133383, 13.1981373]]}}, {"type": "Feature", "properties": {"id": "way/1391367687", "name": "Kothanur Depot", "line": "Kothanur Depot", "source": "OpenStreetMap", "kind": "metro_line"}, "geometry": {"type": "LineString", "coordinates": [[77.5949651, 12.8761571], [77.5949662, 12.8762461], [77.5949591, 12.8763349], [77.5949438, 12.8764226], [77.5949204, 12.8765087], [77.5948891, 12.8765924], [77.5948502, 12.8766729], [77.594804, 12.8767497], [77.5947506, 12.8768224], [77.5946906, 12.8768902], [77.5946246, 12.8769523], [77.594553, 12.8770083], [77.5944765, 12.8770578], [77.5943958, 12.8771002], [77.5943114, 12.8771354], [77.5942241, 12.8771629], [77.5931673, 12.8773486], [77.5924189, 12.8774506], [77.5923597, 12.8774584], [77.5923014, 12.8774715], [77.5922446, 12.8774898], [77.5922066, 12.8775053], [77.5921697, 12.8775232], [77.5920891, 12.877568], [77.5920124, 12.8776188], [77.5919402, 12.8776754], [77.5918634, 12.8777469], [77.5917936, 12.8778249], [77.5917314, 12.8779087], [77.5916773, 12.8779977], [77.5916317, 12.8780912], [77.5915486, 12.8785069], [77.5915235, 12.878593], [77.5914908, 12.8786766], [77.5914509, 12.8787572], [77.591404, 12.8788342], [77.5913483, 12.8789097], [77.5912858, 12.8789801], [77.5912171, 12.8790447], [77.5907916, 12.8793086], [77.5907007, 12.8793408], [77.5906069, 12.8793639], [77.5905112, 12.8793778], [77.5904148, 12.8793823], [77.5903185, 12.8793774], [77.5902231, 12.8793633], [77.5901296, 12.8793399], [77.590039, 12.8793076], [77.5899521, 12.8792667], [77.5898698, 12.8792175], [77.5897183, 12.8791013]]}}, {"type": "Feature", "properties": {"id": "way/1418361938", "name": "Namma Metro - Phase 2B", "line": "Namma Metro - Phase 2B", "source": "OpenStreetMap", "kind": "metro_line"}, "geometry": {"type": "LineString", "coordinates": [[77.6803257, 13.1982267], [77.6810881, 13.1983488], [77.6813335, 13.1983866], [77.6816963, 13.1984245], [77.682106, 13.1984447], [77.6828778, 13.1984363], [77.6849142, 13.1983879]]}}, {"type": "Feature", "properties": {"id": "way/1419688668", "name": "Metro", "line": "metro", "source": "OpenStreetMap", "kind": "metro_line"}, "geometry": {"type": "LineString", "coordinates": [[77.6771848, 12.8299531], [77.6774973, 12.8295974], [77.6776168, 12.82948]]}}, {"type": "Feature", "properties": {"id": "way/1419688669", "name": "Metro", "line": "metro", "source": "OpenStreetMap", "kind": "metro_line"}, "geometry": {"type": "LineString", "coordinates": [[77.6767033, 12.8301551], [77.6769374, 12.8300354], [77.6772451, 12.8297622], [77.6774079, 12.8296137]]}}, {"type": "Feature", "properties": {"id": "way/1419688670", "name": "Metro", "line": "metro", "source": "OpenStreetMap", "kind": "metro_line"}, "geometry": {"type": "LineString", "coordinates": [[77.6766718, 12.830076], [77.6768462, 12.8299871], [77.6771814, 12.8297569], [77.6774079, 12.8296137], [77.6775174, 12.8295444], [77.6776168, 12.82948], [77.6777514, 12.8293928], [77.6779113, 12.8292839]]}}, {"type": "Feature", "properties": {"id": "way/1419688671", "name": "Metro", "line": "metro", "source": "OpenStreetMap", "kind": "metro_line"}, "geometry": {"type": "LineString", "coordinates": [[77.6766349, 12.8300113], [77.6768314, 12.8299197], [77.6771425, 12.8297184], [77.6773813, 12.8295726]]}}, {"type": "Feature", "properties": {"id": "way/1419688672", "name": "Metro", "line": "metro", "source": "OpenStreetMap", "kind": "metro_line"}, "geometry": {"type": "LineString", "coordinates": [[77.6766001, 12.8299387], [77.6769937, 12.8297569], [77.6773813, 12.8295726], [77.6776973, 12.8293763]]}}, {"type": "Feature", "properties": {"id": "way/1419688673", "name": "Metro", "line": "metro", "source": "OpenStreetMap", "kind": "metro_line"}, "geometry": {"type": "LineString", "coordinates": [[77.6765558, 12.8298321], [77.6770929, 12.8295824]]}}, {"type": "Feature", "properties": {"id": "way/1419688674", "name": "Metro", "line": "metro", "source": "OpenStreetMap", "kind": "metro_line"}, "geometry": {"type": "LineString", "coordinates": [[77.6765297, 12.8297831], [77.676879, 12.829636], [77.6770929, 12.8295824], [77.6775201, 12.8293928]]}}, {"type": "Feature", "properties": {"id": "way/1419688675", "name": "Metro", "line": "metro", "source": "OpenStreetMap", "kind": "metro_line"}, "geometry": {"type": "LineString", "coordinates": [[77.6765116, 12.8297197], [77.6769246, 12.8295556], [77.677284, 12.8294725], [77.6775201, 12.8293928], [77.6777621, 12.8292894]]}}, {"type": "Feature", "properties": {"id": "way/1419688676", "name": "Metro", "line": "metro", "source": "OpenStreetMap", "kind": "metro_line"}, "geometry": {"type": "LineString", "coordinates": [[77.67647, 12.8296504], [77.6767523, 12.8295418], [77.6770373, 12.8294745], [77.677341, 12.8293941]]}}, {"type": "Feature", "properties": {"id": "way/1419688677", "name": "Metro", "line": "metro", "source": "OpenStreetMap", "kind": "metro_line"}, "geometry": {"type": "LineString", "coordinates": [[77.6764532, 12.8296052], [77.6767188, 12.8294947], [77.6770614, 12.8294405], [77.677341, 12.8293941], [77.6774758, 12.8293496]]}}, {"type": "Feature", "properties": {"id": "way/1419688678", "name": "Metro", "line": "metro", "source": "OpenStreetMap", "kind": "metro_line"}, "geometry": {"type": "LineString", "coordinates": [[77.6807059, 12.8284042], [77.6793936, 12.8289554], [77.6791871, 12.829005], [77.6781906, 12.8291633], [77.6779113, 12.8292839], [77.6776973, 12.8293763], [77.6772277, 12.8295791], [77.6767637, 12.8298145], [77.676588, 12.829889]]}}, {"type": "Feature", "properties": {"id": "way/1419688679", "name": "Metro", "line": "metro", "source": "OpenStreetMap", "kind": "metro_line"}, "geometry": {"type": "LineString", "coordinates": [[77.6800507, 12.8286271], [77.680677, 12.828361], [77.6808001, 12.8283201]]}}, {"type": "Feature", "properties": {"id": "way/1419688680", "name": "Metro", "line": "metro", "source": "OpenStreetMap", "kind": "metro_line"}, "geometry": {"type": "LineString", "coordinates": [[77.6797484, 12.8287562], [77.6795495, 12.8287994]]}}, {"type": "Feature", "properties": {"id": "way/1419688681", "name": "Metro", "line": "metro", "source": "OpenStreetMap", "kind": "metro_line"}, "geometry": {"type": "LineString", "coordinates": [[77.6764425, 12.8295608], [77.6767389, 12.829449], [77.6770574, 12.8293986], [77.6774758, 12.8293496], [77.6777621, 12.8292894], [77.6781745, 12.8291325], [77.6786231, 12.829056], [77.6791602, 12.8289691], [77.6793876, 12.8289102], [77.6797484, 12.8287562], [77.6800507, 12.8286271], [77.6802565, 12.8284972]]}}, {"type": "Feature", "properties": {"id": "way/1419688682", "name": "Metro", "line": "metro", "source": "OpenStreetMap", "kind": "metro_line"}, "geometry": {"type": "LineString", "coordinates": [[77.6763278, 12.8293215], [77.6766135, 12.8292653], [77.6768964, 12.8292219]]}}, {"type": "Feature", "properties": {"id": "way/1419688683", "name": "Metro", "line": "metro", "source": "OpenStreetMap", "kind": "metro_line"}, "geometry": {"type": "LineString", "coordinates": [[77.676525, 12.8293476], [77.6767141, 12.8293071], [77.677052, 12.8292914], [77.6772009, 12.8292979]]}}, {"type": "Feature", "properties": {"id": "way/1419688684", "name": "Metro", "line": "metro", "source": "OpenStreetMap", "kind": "metro_line"}, "geometry": {"type": "LineString", "coordinates": [[77.6765625, 12.8294326], [77.6767905, 12.8293633], [77.6772009, 12.8292979], [77.677457, 12.829281], [77.6779237, 12.8291515]]}}, {"type": "Feature", "properties": {"id": "way/1419688685", "name": "Metro", "line": "metro", "source": "OpenStreetMap", "kind": "metro_line"}, "geometry": {"type": "LineString", "coordinates": [[77.6761575, 12.8292234], [77.6768964, 12.8292219], [77.6774745, 12.8292208], [77.6779237, 12.8291515], [77.6782858, 12.8290613]]}}, {"type": "Feature", "properties": {"id": "way/1419688686", "name": "Metro", "line": "metro", "source": "OpenStreetMap", "kind": "metro_line"}, "geometry": {"type": "LineString", "coordinates": [[77.6773444, 12.8291371], [77.6777963, 12.8291286], [77.6782858, 12.8290613], [77.6785051, 12.8290253]]}}, {"type": "Feature", "properties": {"id": "way/1419688687", "name": "Metro", "line": "metro", "source": "OpenStreetMap", "kind": "metro_line"}, "geometry": {"type": "LineString", "coordinates": [[77.6773491, 12.829094], [77.6777266, 12.8290913], [77.6779854, 12.8290632]]}}, {"type": "Feature", "properties": {"id": "way/1419688688", "name": "Metro", "line": "metro", "source": "OpenStreetMap", "kind": "metro_line"}, "geometry": {"type": "LineString", "coordinates": [[77.6773551, 12.8290626], [77.6779854, 12.8290632], [77.6783019, 12.8290312], [77.6785051, 12.8290253], [77.6787022, 12.8289887]]}}, {"type": "Feature", "properties": {"id": "way/1419688689", "name": "Metro", "line": "metro", "source": "OpenStreetMap", "kind": "metro_line"}, "geometry": {"type": "LineString", "coordinates": [[77.6773471, 12.8290116], [77.6776897, 12.8290077], [77.6779151, 12.8289774]]}}, {"type": "Feature", "properties": {"id": "way/1419688690", "name": "Metro", "line": "metro", "source": "OpenStreetMap", "kind": "metro_line"}, "geometry": {"type": "LineString", "coordinates": [[77.6773417, 12.8289861], [77.6776636, 12.8289737]]}}, {"type": "Feature", "properties": {"id": "way/1419688691", "name": "Metro", "line": "metro", "source": "OpenStreetMap", "kind": "metro_line"}, "geometry": {"type": "LineString", "coordinates": [[77.6790838, 12.8289364], [77.6789963, 12.8289482], [77.6789081, 12.8289536], [77.6788198, 12.8289528], [77.6787318, 12.8289455], [77.6786347, 12.8289301], [77.6785393, 12.828907]]}}, {"type": "Feature", "properties": {"id": "way/1419688692", "name": "Metro", "line": "metro", "source": "OpenStreetMap", "kind": "metro_line"}, "geometry": {"type": "LineString", "coordinates": [[77.6773404, 12.8289272], [77.6774349, 12.8289318], [77.6776636, 12.8289737], [77.6779151, 12.8289774], [77.678147, 12.8289808], [77.6787022, 12.8289887], [77.6790838, 12.8289364], [77.6794553, 12.8288396], [77.6795495, 12.8287994], [77.6802565, 12.8284972], [77.6807481, 12.8282872]]}}, {"type": "Feature", "properties": {"id": "way/1419688693", "name": "Metro", "line": "metro", "source": "OpenStreetMap", "kind": "metro_line"}, "geometry": {"type": "LineString", "coordinates": [[77.6773444, 12.8287474], [77.6774892, 12.8287716], [77.6777246, 12.8288442], [77.6780069, 12.828896]]}}, {"type": "Feature", "properties": {"id": "way/1419688694", "name": "Metro", "line": "metro", "source": "OpenStreetMap", "kind": "metro_line"}, "geometry": {"type": "LineString", "coordinates": [[77.6773417, 12.8287997], [77.6774597, 12.8287997], [77.6777011, 12.8288599], [77.6779292, 12.8288969]]}}, {"type": "Feature", "properties": {"id": "way/1419688695", "name": "Metro", "line": "metro", "source": "OpenStreetMap", "kind": "metro_line"}, "geometry": {"type": "LineString", "coordinates": [[77.677339, 12.8288664], [77.6774946, 12.8288651], [77.6778513, 12.8288978], [77.6779292, 12.8288969], [77.6780069, 12.828896], [77.6780753, 12.8288952]]}}, {"type": "Feature", "properties": {"id": "way/1419688697", "name": "Metro", "line": "metro", "source": "OpenStreetMap", "kind": "metro_line"}, "geometry": {"type": "LineString", "coordinates": [[77.6797651, 12.8284415], [77.6796336, 12.8284951], [77.6793577, 12.8285809]]}}, {"type": "Feature", "properties": {"id": "way/1419688698", "name": "Metro", "line": "metro", "source": "OpenStreetMap", "kind": "metro_line"}, "geometry": {"type": "LineString", "coordinates": [[77.6797396, 12.8283721], [77.6793577, 12.8285809], [77.6791656, 12.828686], [77.679069, 12.8287344]]}}, {"type": "Feature", "properties": {"id": "way/1419688699", "name": "Metro", "line": "metro", "source": "OpenStreetMap", "kind": "metro_line"}, "geometry": {"type": "LineString", "coordinates": [[77.6796632, 12.828295], [77.6792917, 12.828567]]}}, {"type": "Feature", "properties": {"id": "way/1419688700", "name": "Metro", "line": "metro", "source": "OpenStreetMap", "kind": "metro_line"}, "geometry": {"type": "LineString", "coordinates": [[77.6796283, 12.8282296], [77.6795116, 12.8283316], [77.6792917, 12.828567], [77.679069, 12.8287344], [77.6789896, 12.8287796], [77.6789067, 12.8288185], [77.6788209, 12.8288507], [77.6787288, 12.8288772], [77.6786347, 12.8288959], [77.6785393, 12.828907], [77.6780753, 12.8288952], [77.6776743, 12.8288089], [77.6773068, 12.8286533], [77.6770239, 12.8286114], [77.6758222, 12.8286088]]}}, {"type": "Feature", "properties": {"id": "way/1421372978", "name": "Yellow Line (RV Road - Bommasandra)", "line": "Yellow Line (RV Road - Bommasandra)", "source": "OpenStreetMap", "kind": "metro_line"}, "geometry": {"type": "LineString", "coordinates": [[77.688657, 12.8190878], [77.6888615, 12.8188632], [77.6891876, 12.8185037], [77.6896114, 12.8179898], [77.6901733, 12.8173005], [77.6910088, 12.8162361]]}}, {"type": "Feature", "properties": {"id": "way/1421372979", "name": "Yellow Line (RV Road - Bommasandra)", "line": "Yellow Line (RV Road - Bommasandra)", "source": "OpenStreetMap", "kind": "metro_line"}, "geometry": {"type": "LineString", "coordinates": [[77.6909813, 12.8162101], [77.6901514, 12.8172772], [77.6898181, 12.8176866], [77.6895975, 12.8179575], [77.6891516, 12.818484], [77.6879957, 12.8197552]]}}, {"type": "Feature", "properties": {"id": "way/1421372980", "name": "Yellow Line (RV Road - Bommasandra)", "line": "Yellow Line (RV Road - Bommasandra)", "source": "OpenStreetMap", "kind": "metro_line"}, "geometry": {"type": "LineString", "coordinates": [[77.5800675, 12.9271518], [77.5800855, 12.9256043], [77.5801007, 12.9243052], [77.5801029, 12.9241152], [77.5801075, 12.92374], [77.5801056, 12.9235692], [77.5801003, 12.923445], [77.5800908, 12.9232616], [77.580062, 12.9229636], [77.5800544, 12.9228497], [77.5800486, 12.9227254], [77.5800445, 12.9225972], [77.5800452, 12.9221259], [77.5800465, 12.9219877]]}}, {"type": "Feature", "properties": {"id": "way/1421372981", "name": "Yellow Line (RV Road - Bommasandra)", "line": "Yellow Line (RV Road - Bommasandra)", "source": "OpenStreetMap", "kind": "metro_line"}, "geometry": {"type": "LineString", "coordinates": [[77.5801034, 12.927149], [77.5801293, 12.9251208], [77.5801342, 12.9247417], [77.5801421, 12.9241196], [77.5801467, 12.9237452], [77.5801469, 12.9235707], [77.5801419, 12.9234442], [77.5801276, 12.9232549], [77.5801012, 12.9229548], [77.5800932, 12.922852], [77.5800881, 12.9227312], [77.5800893, 12.922608], [77.5800824, 12.922127], [77.5800946, 12.9209601]]}}, {"type": "Feature", "properties": {"id": "way/1424069414", "name": "Pink Line (Kalena Agrahara - Nagawara)", "line": "Pink Line (Kalena Agrahara - Nagawara)", "source": "OpenStreetMap", "kind": "metro_line"}, "geometry": {"type": "LineString", "coordinates": [[77.5938386, 12.8723529], [77.5941262, 12.8730002], [77.5943482, 12.8734758]]}}, {"type": "Feature", "properties": {"id": "way/1424069415", "name": "Pink Line (Kalena Agrahara - Nagawara)", "line": "Pink Line (Kalena Agrahara - Nagawara)", "source": "OpenStreetMap", "kind": "metro_line"}, "geometry": {"type": "LineString", "coordinates": [[77.5931265, 12.8702581], [77.5932659, 12.8706722]]}}, {"type": "Feature", "properties": {"id": "way/1424090268", "name": "Metro", "line": "metro", "source": "OpenStreetMap", "kind": "metro_line"}, "geometry": {"type": "LineString", "coordinates": [[77.5882871, 12.8776646], [77.5883469, 12.8777731], [77.5887434, 12.8781664], [77.5890807, 12.878493], [77.5893749, 12.8787932]]}}, {"type": "Feature", "properties": {"id": "way/1424090269", "name": "Metro", "line": "metro", "source": "OpenStreetMap", "kind": "metro_line"}, "geometry": {"type": "LineString", "coordinates": [[77.5864347, 12.8764312], [77.5866877, 12.8766689], [77.586927, 12.8768311], [77.5872643, 12.87694], [77.5876427, 12.8771318]]}}, {"type": "Feature", "properties": {"id": "way/1424090270", "name": "Metro", "line": "metro", "source": "OpenStreetMap", "kind": "metro_line"}, "geometry": {"type": "LineString", "coordinates": [[77.5877144, 12.8766073], [77.5878328, 12.8769678], [77.587994, 12.8772789], [77.5881035, 12.8774454], [77.588226, 12.8775522], [77.5883662, 12.8777392]]}}, {"type": "Feature", "properties": {"id": "way/1424090275", "name": "Metro", "line": "metro", "source": "OpenStreetMap", "kind": "metro_line"}, "geometry": {"type": "LineString", "coordinates": [[77.5867891, 12.8761146], [77.5872062, 12.8766141]]}}, {"type": "Feature", "properties": {"id": "way/1424090276", "name": "Metro", "line": "metro", "source": "OpenStreetMap", "kind": "metro_line"}, "geometry": {"type": "LineString", "coordinates": [[77.586764, 12.8761479], [77.5871302, 12.8765619]]}}, {"type": "Feature", "properties": {"id": "way/1424090277", "name": "Metro", "line": "metro", "source": "OpenStreetMap", "kind": "metro_line"}, "geometry": {"type": "LineString", "coordinates": [[77.5867276, 12.8761812], [77.5869562, 12.8764443]]}}, {"type": "Feature", "properties": {"id": "way/1424090278", "name": "Metro", "line": "metro", "source": "OpenStreetMap", "kind": "metro_line"}, "geometry": {"type": "LineString", "coordinates": [[77.586682, 12.8762034], [77.5868301, 12.876359], [77.5869562, 12.8764443], [77.5871302, 12.8765619], [77.5871652, 12.8765856], [77.5872062, 12.8766141], [77.5873315, 12.8767011]]}}, {"type": "Feature", "properties": {"id": "way/1424090279", "name": "Metro", "line": "metro", "source": "OpenStreetMap", "kind": "metro_line"}, "geometry": {"type": "LineString", "coordinates": [[77.5872654, 12.8767455], [77.5872609, 12.8767167], [77.5868119, 12.8764167], [77.5866432, 12.8762345]]}}, {"type": "Feature", "properties": {"id": "way/1424090280", "name": "Metro", "line": "metro", "source": "OpenStreetMap", "kind": "metro_line"}, "geometry": {"type": "LineString", "coordinates": [[77.5866068, 12.8762634], [77.5867663, 12.87645], [77.5869441, 12.8765678], [77.5872654, 12.8767455], [77.5873293, 12.8768055]]}}, {"type": "Feature", "properties": {"id": "way/1424090281", "name": "Metro", "line": "metro", "source": "OpenStreetMap", "kind": "metro_line"}, "geometry": {"type": "LineString", "coordinates": [[77.587359, 12.8768759], [77.5873293, 12.8768055], [77.5869304, 12.8766011], [77.5867458, 12.8764812], [77.5865749, 12.8763012]]}}, {"type": "Feature", "properties": {"id": "way/1424090282", "name": "Metro", "line": "metro", "source": "OpenStreetMap", "kind": "metro_line"}, "geometry": {"type": "LineString", "coordinates": [[77.5868279, 12.8760946], [77.5873315, 12.8767011], [77.5874432, 12.8767989]]}}, {"type": "Feature", "properties": {"id": "way/1424090283", "name": "Metro", "line": "metro", "source": "OpenStreetMap", "kind": "metro_line"}, "geometry": {"type": "LineString", "coordinates": [[77.5876073, 12.8769366], [77.5874432, 12.8767989], [77.5868552, 12.876079]]}}, {"type": "Feature", "properties": {"id": "way/1424090284", "name": "Metro", "line": "metro", "source": "OpenStreetMap", "kind": "metro_line"}, "geometry": {"type": "LineString", "coordinates": [[77.5868803, 12.8760546], [77.5876073, 12.8769366], [77.5879375, 12.8773354]]}}, {"type": "Feature", "properties": {"id": "way/1424090285", "name": "Metro", "line": "metro", "source": "OpenStreetMap", "kind": "metro_line"}, "geometry": {"type": "LineString", "coordinates": [[77.5869167, 12.8760346], [77.5874136, 12.87665]]}}, {"type": "Feature", "properties": {"id": "way/1424090286", "name": "Metro", "line": "metro", "source": "OpenStreetMap", "kind": "metro_line"}, "geometry": {"type": "LineString", "coordinates": [[77.5869395, 12.8760146], [77.5872654, 12.8764101]]}}, {"type": "Feature", "properties": {"id": "way/1424090287", "name": "Metro", "line": "metro", "source": "OpenStreetMap", "kind": "metro_line"}, "geometry": {"type": "LineString", "coordinates": [[77.5869692, 12.8759812], [77.5870854, 12.8761168], [77.5872654, 12.8764101], [77.5874136, 12.87665], [77.587629, 12.8769233]]}}, {"type": "Feature", "properties": {"id": "way/1424090288", "name": "Metro", "line": "metro", "source": "OpenStreetMap", "kind": "metro_line"}, "geometry": {"type": "LineString", "coordinates": [[77.5870036, 12.8759568], [77.5871358, 12.8761297], [77.5874854, 12.8767122]]}}, {"type": "Feature", "properties": {"id": "way/1424090289", "name": "Metro", "line": "metro", "source": "OpenStreetMap", "kind": "metro_line"}, "geometry": {"type": "LineString", "coordinates": [[77.5870432, 12.8759279], [77.5871823, 12.8761057], [77.5873167, 12.8763967], [77.5874854, 12.8767122], [77.587629, 12.8769233], [77.5879375, 12.8773354]]}}, {"type": "Feature", "properties": {"id": "way/1424090290", "name": "Metro", "line": "metro", "source": "OpenStreetMap", "kind": "metro_line"}, "geometry": {"type": "LineString", "coordinates": [[77.5865475, 12.8763312], [77.5867071, 12.8765067], [77.5868484, 12.8766067], [77.5871948, 12.87676], [77.587359, 12.8768759], [77.5876324, 12.8770688]]}}, {"type": "Feature", "properties": {"id": "way/1424090291", "name": "Metro", "line": "metro", "source": "OpenStreetMap", "kind": "metro_line"}, "geometry": {"type": "LineString", "coordinates": [[77.5865065, 12.8763601], [77.5866865, 12.8765511], [77.5868392, 12.8766511], [77.5872928, 12.8768489], [77.5876324, 12.8770688], [77.5879375, 12.8773354]]}}, {"type": "Feature", "properties": {"id": "way/1424090292", "name": "Metro", "line": "metro", "source": "OpenStreetMap", "kind": "metro_line"}, "geometry": {"type": "LineString", "coordinates": [[77.5891204, 12.8784634], [77.5884146, 12.8777848], [77.5883662, 12.8777392], [77.5882871, 12.8776646], [77.5879375, 12.8773354], [77.5876427, 12.8771318], [77.5873735, 12.8769458], [77.5868062, 12.8766819], [77.5866547, 12.8765782], [77.586471, 12.8763834]]}}, {"type": "Feature", "properties": {"id": "way/1424090293", "name": "Metro", "line": "metro", "source": "OpenStreetMap", "kind": "metro_line"}, "geometry": {"type": "LineString", "coordinates": [[77.5861036, 12.8747951], [77.5875733, 12.8764289], [77.5877144, 12.8766073], [77.5879472, 12.8769018], [77.588637, 12.8776873], [77.5888368, 12.8780707], [77.5891204, 12.8784634], [77.5894234, 12.8787934], [77.5896813, 12.8790321], [77.589712, 12.8790956]]}}, {"type": "Feature", "properties": {"id": "way/1424090294", "name": "Metro", "line": "metro", "source": "OpenStreetMap", "kind": "metro_line"}, "geometry": {"type": "LineString", "coordinates": [[77.5861327, 12.8747704], [77.5871737, 12.8759278], [77.5878247, 12.8766567], [77.5889077, 12.8778633], [77.5900584, 12.8791673]]}}, {"type": "Feature", "properties": {"id": "way/1424090295", "name": "Metro", "line": "metro", "source": "OpenStreetMap", "kind": "metro_line"}, "geometry": {"type": "LineString", "coordinates": [[77.5873167, 12.8772621], [77.5874899, 12.8773243], [77.5877754, 12.8775038]]}}, {"type": "Feature", "properties": {"id": "way/1424090296", "name": "Metro", "line": "metro", "source": "OpenStreetMap", "kind": "metro_line"}, "geometry": {"type": "LineString", "coordinates": [[77.5872916, 12.8773154], [77.5874785, 12.877371], [77.5877754, 12.8775038], [77.587866, 12.8775443]]}}, {"type": "Feature", "properties": {"id": "way/1424090297", "name": "Metro", "line": "metro", "source": "OpenStreetMap", "kind": "metro_line"}, "geometry": {"type": "LineString", "coordinates": [[77.5872894, 12.8773732], [77.5874785, 12.877431], [77.587866, 12.8775443], [77.5881372, 12.8777087], [77.5883711, 12.8778979]]}}, {"type": "Feature", "properties": {"id": "way/1424090299", "name": "Metro", "line": "metro", "source": "OpenStreetMap", "kind": "metro_line"}, "geometry": {"type": "LineString", "coordinates": [[77.5883646, 12.8779929], [77.5886019, 12.8781229]]}}, {"type": "Feature", "properties": {"id": "way/1424090300", "name": "Metro", "line": "metro", "source": "OpenStreetMap", "kind": "metro_line"}, "geometry": {"type": "LineString", "coordinates": [[77.589712, 12.8790956], [77.5895981, 12.8790451], [77.5890614, 12.8785463], [77.5886648, 12.878173], [77.5886019, 12.8781229], [77.5883776, 12.8779442]]}}, {"type": "Feature", "properties": {"id": "way/1424090301", "name": "Metro", "line": "metro", "source": "OpenStreetMap", "kind": "metro_line"}, "geometry": {"type": "LineString", "coordinates": [[77.5897183, 12.8791013], [77.589712, 12.8790956], [77.5893749, 12.8787932], [77.5888287, 12.8783032], [77.5883711, 12.8778979]]}}, {"type": "Feature", "properties": {"id": "way/1429910821", "name": "Metro", "line": "metro", "source": "OpenStreetMap", "kind": "metro_line"}, "geometry": {"type": "LineString", "coordinates": [[77.7519776, 12.987281], [77.7520803, 12.9873743], [77.752155, 12.9874585], [77.7522414, 12.9875495], [77.7523488, 12.9876382], [77.7525436, 12.9877371]]}}, {"type": "Feature", "properties": {"id": "way/1446548135", "name": "Namma Metro - Reach 3B", "line": "Namma Metro - Reach 3B", "source": "OpenStreetMap", "kind": "metro_line"}, "geometry": {"type": "LineString", "coordinates": [[77.4981179, 13.0487466], [77.4978642, 13.0488909], [77.4976585, 13.0489852], [77.496567, 13.0493899], [77.4954163, 13.049822]]}}, {"type": "Feature", "properties": {"id": "way/1453138174", "name": "Namma Metro - Phase 2B", "line": "Namma Metro - Phase 2B", "source": "OpenStreetMap", "kind": "metro_line"}, "geometry": {"type": "LineString", "coordinates": [[77.6520918, 13.1936917], [77.6531612, 13.1944448], [77.6546881, 13.1954663], [77.6559773, 13.196364], [77.6561752, 13.1964926], [77.6566365, 13.1967945], [77.6567503, 13.1968687], [77.6568654, 13.1969396], [77.6569959, 13.1970152], [77.6571293, 13.1970875], [77.6572327, 13.1971449], [77.6573367, 13.1971988], [77.6574968, 13.1972746], [77.6576615, 13.197344], [77.6578126, 13.1974114], [77.6579642, 13.1974745], [77.6581175, 13.1975335], [77.6582975, 13.1975971], [77.65848, 13.1976555], [77.6586593, 13.1977114], [77.6588397, 13.1977619], [77.6590018, 13.1978024], [77.6591651, 13.1978386], [77.6593297, 13.1978707], [77.6595384, 13.1979096], [77.6597479, 13.1979407], [77.6599201, 13.1979606], [77.6600929, 13.1979752], [77.6602668, 13.1979848], [77.6604738, 13.1979951], [77.6606805, 13.1980004], [77.6609005, 13.1980006], [77.6611212, 13.1979952], [77.6628003, 13.1979586]]}}, {"type": "Feature", "properties": {"id": "way/1453138175", "name": "Namma Metro - Phase 2B", "line": "Namma Metro - Phase 2B", "source": "OpenStreetMap", "kind": "metro_line"}, "geometry": {"type": "LineString", "coordinates": [[77.6520908, 13.1937503], [77.6531321, 13.1944853], [77.6546583, 13.1955063], [77.6559484, 13.1964046], [77.656152, 13.1965369], [77.6566082, 13.1968355], [77.6567226, 13.1969101], [77.6568389, 13.1969817], [77.6569706, 13.197058], [77.6571044, 13.1971306], [77.6572082, 13.1971882], [77.6573136, 13.1972429], [77.6574756, 13.1973195], [77.6576409, 13.1973891], [77.657792, 13.1974566], [77.6579449, 13.1975202], [77.6580995, 13.1975797], [77.6582809, 13.1976438], [77.6584643, 13.1977025], [77.6586445, 13.1977587], [77.6588264, 13.1978095], [77.6589899, 13.1978504], [77.6591544, 13.197887], [77.6593199, 13.1979192], [77.6595298, 13.1979583], [77.659741, 13.1979897], [77.6599149, 13.1980097], [77.6600893, 13.1980245], [77.6602641, 13.1980341], [77.6604718, 13.1980444], [77.6606798, 13.1980498], [77.6609011, 13.19805], [77.6611224, 13.1980446], [77.6628014, 13.198008]]}}, {"type": "Feature", "properties": {"id": "way/1455691765", "name": "Metro", "line": "metro", "source": "OpenStreetMap", "kind": "metro_line"}, "geometry": {"type": "LineString", "coordinates": [[77.5691203, 12.9759798], [77.5702937, 12.9759459]]}}, {"type": "Feature", "properties": {"id": "way/1455691766", "name": "Metro", "line": "metro", "source": "OpenStreetMap", "kind": "metro_line"}, "geometry": {"type": "LineString", "coordinates": [[77.5702937, 12.9759459], [77.5712892, 12.9757916]]}}, {"type": "Feature", "properties": {"id": "way/1458248170", "name": "Pink Line (Kalena Agrahara - Nagawara)", "line": "Pink Line (Kalena Agrahara - Nagawara)", "source": "OpenStreetMap", "kind": "metro_line"}, "geometry": {"type": "LineString", "coordinates": [[77.6021316, 12.9833063], [77.6018058, 12.9847796]]}}, {"type": "Feature", "properties": {"id": "way/1458248172", "name": "Pink Line (Kalena Agrahara - Nagawara)", "line": "Pink Line (Kalena Agrahara - Nagawara)", "source": "OpenStreetMap", "kind": "metro_line"}, "geometry": {"type": "LineString", "coordinates": [[77.5920141, 12.8666258], [77.592492, 12.8680181], [77.5928649, 12.8691237]]}}, {"type": "Feature", "properties": {"id": "way/1458248173", "name": "Pink Line (Nagawara - Kalena Agrahara)", "line": "Pink Line (Nagawara - Kalena Agrahara)", "source": "OpenStreetMap", "kind": "metro_line"}, "geometry": {"type": "LineString", "coordinates": [[77.5999819, 12.9151337], [77.5999762, 12.9167333], [77.600041, 12.918268]]}}, {"type": "Feature", "properties": {"id": "way/1458248174", "name": "Pink Line (Kalena Agrahara - Nagawara)", "line": "Pink Line (Kalena Agrahara - Nagawara)", "source": "OpenStreetMap", "kind": "metro_line"}, "geometry": {"type": "LineString", "coordinates": [[77.5999358, 12.9151341], [77.59993, 12.9167319], [77.5999951, 12.9182718]]}}, {"type": "Feature", "properties": {"id": "way/1490672036", "name": "Namma Metro - Reach 3C", "line": "Namma Metro - Reach 3C", "source": "OpenStreetMap", "kind": "metro_line"}, "geometry": {"type": "LineString", "coordinates": [[77.4713966, 13.0577388], [77.47198, 13.057629]]}}, {"type": "Feature", "properties": {"id": "way/1490672037", "name": "Namma Metro - Reach 3C", "line": "Namma Metro - Reach 3C", "source": "OpenStreetMap", "kind": "metro_line"}, "geometry": {"type": "LineString", "coordinates": [[77.4741185, 13.0571355], [77.47461, 13.0569763]]}}, {"type": "Feature", "properties": {"id": "way/1490672038", "name": "Namma Metro - Reach 3B", "line": "Namma Metro - Reach 3B", "source": "OpenStreetMap", "kind": "metro_line"}, "geometry": {"type": "LineString", "coordinates": [[77.4976585, 13.0489852], [77.4979804, 13.0488632]]}}, {"type": "Feature", "properties": {"id": "way/1490672039", "name": "Namma Metro - Reach 3B", "line": "Namma Metro - Reach 3B", "source": "OpenStreetMap", "kind": "metro_line"}, "geometry": {"type": "LineString", "coordinates": [[77.4983257, 13.0486216], [77.4986753, 13.0485371]]}}, {"type": "Feature", "properties": {"id": "way/1490672040", "name": "Namma Metro - Reach 3B", "line": "Namma Metro - Reach 3B", "source": "OpenStreetMap", "kind": "metro_line"}, "geometry": {"type": "LineString", "coordinates": [[77.4992977, 13.0482536], [77.4990607, 13.0483923]]}}, {"type": "Feature", "properties": {"id": "way/1490672041", "name": "Namma Metro - Reach 3B", "line": "Namma Metro - Reach 3B", "source": "OpenStreetMap", "kind": "metro_line"}, "geometry": {"type": "LineString", "coordinates": [[77.5028722, 13.0469353], [77.5024644, 13.0471275]]}}, {"type": "Feature", "properties": {"id": "way/1490672042", "name": "Namma Metro - Reach 3A", "line": "Namma Metro - Reach 3A", "source": "OpenStreetMap", "kind": "metro_line"}, "geometry": {"type": "LineString", "coordinates": [[77.5277779, 13.0354457], [77.5283044, 13.0352629]]}}, {"type": "Feature", "properties": {"id": "way/1490672043", "name": "Namma Metro - Reach 3A", "line": "Namma Metro - Reach 3A", "source": "OpenStreetMap", "kind": "metro_line"}, "geometry": {"type": "LineString", "coordinates": [[77.5284001, 13.0352991], [77.5277779, 13.0354457], [77.5274743, 13.0355172], [77.5273891, 13.0355531], [77.527305, 13.0355917], [77.5272099, 13.0356392], [77.5271166, 13.0356901], [77.5263725, 13.0360932]]}}, {"type": "Feature", "properties": {"id": "way/1490672044", "name": "Namma Metro - Reach 3A", "line": "Namma Metro - Reach 3A", "source": "OpenStreetMap", "kind": "metro_line"}, "geometry": {"type": "LineString", "coordinates": [[77.5484213, 13.0240342], [77.5488411, 13.0238884]]}}, {"type": "Feature", "properties": {"id": "way/1490672045", "name": "Namma Metro - Reach 3", "line": "Namma Metro - Reach 3", "source": "OpenStreetMap", "kind": "metro_line"}, "geometry": {"type": "LineString", "coordinates": [[77.5494289, 13.0017902], [77.5494525, 13.0022038]]}}, {"type": "Feature", "properties": {"id": "way/1490672046", "name": "Namma Metro - Reach 3", "line": "Namma Metro - Reach 3", "source": "OpenStreetMap", "kind": "metro_line"}, "geometry": {"type": "LineString", "coordinates": [[77.5698224, 12.9916413], [77.5701279, 12.9913584]]}}, {"type": "Feature", "properties": {"id": "way/1490672047", "name": "Namma Metro - Underground UG2", "line": "Namma Metro - Underground UG2", "source": "OpenStreetMap", "kind": "metro_line"}, "geometry": {"type": "LineString", "coordinates": [[77.5720024, 12.9872763], [77.571893, 12.9877738]]}}, {"type": "Feature", "properties": {"id": "way/1490672048", "name": "Namma Metro - Reach 2A", "line": "Namma Metro - Reach 2A", "source": "OpenStreetMap", "kind": "metro_line"}, "geometry": {"type": "LineString", "coordinates": [[77.4748905, 12.9071541], [77.4745679, 12.9071236]]}}, {"type": "Feature", "properties": {"id": "way/1490672049", "name": "Namma Metro - Reach 2A", "line": "Namma Metro - Reach 2A", "source": "OpenStreetMap", "kind": "metro_line"}, "geometry": {"type": "LineString", "coordinates": [[77.5279673, 12.9453585], [77.5282205, 12.945633]]}}, {"type": "Feature", "properties": {"id": "way/1490672050", "name": "Namma Metro - Reach 2", "line": "Namma Metro - Reach 2", "source": "OpenStreetMap", "kind": "metro_line"}, "geometry": {"type": "LineString", "coordinates": [[77.5289894, 12.9461185], [77.5287322, 12.9460129]]}}, {"type": "Feature", "properties": {"id": "way/1490672051", "name": "Namma Metro - Reach 2", "line": "Namma Metro - Reach 2", "source": "OpenStreetMap", "kind": "metro_line"}, "geometry": {"type": "LineString", "coordinates": [[77.5369304, 12.9696336], [77.536883, 12.9693528]]}}, {"type": "Feature", "properties": {"id": "way/1490672052", "name": "Namma Metro - Reach 2", "line": "Namma Metro - Reach 2", "source": "OpenStreetMap", "kind": "metro_line"}, "geometry": {"type": "LineString", "coordinates": [[77.5575517, 12.9756979], [77.5568718, 12.9756981]]}}, {"type": "Feature", "properties": {"id": "way/1490672053", "name": "Namma Metro - Reach 1A", "line": "Namma Metro - Reach 1A", "source": "OpenStreetMap", "kind": "metro_line"}, "geometry": {"type": "LineString", "coordinates": [[77.7388219, 12.9875932], [77.7392017, 12.9876362]]}}, {"type": "Feature", "properties": {"id": "way/1490672054", "name": "Namma Metro - Reach 1A", "line": "Namma Metro - Reach 1A", "source": "OpenStreetMap", "kind": "metro_line"}, "geometry": {"type": "LineString", "coordinates": [[77.7366517, 12.9876339], [77.7370019, 12.9875915]]}}, {"type": "Feature", "properties": {"id": "way/1490672055", "name": "Namma Metro - Reach 1A", "line": "Namma Metro - Reach 1A", "source": "OpenStreetMap", "kind": "metro_line"}, "geometry": {"type": "LineString", "coordinates": [[77.7002222, 12.9943092], [77.7010022, 12.9941751]]}}, {"type": "Feature", "properties": {"id": "way/1490672056", "name": "Namma Metro - Reach 1", "line": "Namma Metro - Reach 1", "source": "OpenStreetMap", "kind": "metro_line"}, "geometry": {"type": "LineString", "coordinates": [[77.6407834, 12.9800045], [77.6407097, 12.9804932]]}}, {"type": "Feature", "properties": {"id": "way/1490672057", "name": "Namma Metro - Reach 1", "line": "Namma Metro - Reach 1", "source": "OpenStreetMap", "kind": "metro_line"}, "geometry": {"type": "LineString", "coordinates": [[77.6048224, 12.9760274], [77.605299, 12.9758684]]}}, {"type": "Feature", "properties": {"id": "way/1490672058", "name": "Namma Metro - Reach 1", "line": "Namma Metro - Reach 1", "source": "OpenStreetMap", "kind": "metro_line"}, "geometry": {"type": "LineString", "coordinates": [[77.6030191, 12.9764004], [77.6034255, 12.9763519]]}}, {"type": "Feature", "properties": {"id": "way/1490675337", "name": "Yellow Line (RV Road - Bommasandra)", "line": "Yellow Line (RV Road - Bommasandra)", "source": "OpenStreetMap", "kind": "metro_line"}, "geometry": {"type": "LineString", "coordinates": [[77.6896114, 12.8179898], [77.6898181, 12.8176866]]}}, {"type": "Feature", "properties": {"id": "way/1490675338", "name": "Yellow Line (RV Road - Bommasandra)", "line": "Yellow Line (RV Road - Bommasandra)", "source": "OpenStreetMap", "kind": "metro_line"}, "geometry": {"type": "LineString", "coordinates": [[77.6851445, 12.8229141], [77.6849106, 12.8231125]]}}, {"type": "Feature", "properties": {"id": "way/1490675339", "name": "Yellow Line (RV Road - Bommasandra)", "line": "Yellow Line (RV Road - Bommasandra)", "source": "OpenStreetMap", "kind": "metro_line"}, "geometry": {"type": "LineString", "coordinates": [[77.6826964, 12.8260415], [77.6828368, 12.8257068]]}}, {"type": "Feature", "properties": {"id": "way/1490675340", "name": "Yellow Line (RV Road - Bommasandra)", "line": "Yellow Line (RV Road - Bommasandra)", "source": "OpenStreetMap", "kind": "metro_line"}, "geometry": {"type": "LineString", "coordinates": [[77.6653963, 12.8544176], [77.6650534, 12.8547847]]}}, {"type": "Feature", "properties": {"id": "way/1490675341", "name": "Yellow Line (RV Road - Bommasandra)", "line": "Yellow Line (RV Road - Bommasandra)", "source": "OpenStreetMap", "kind": "metro_line"}, "geometry": {"type": "LineString", "coordinates": [[77.6620447, 12.8584186], [77.6618458, 12.858781]]}}, {"type": "Feature", "properties": {"id": "way/1490675342", "name": "Yellow Line (RV Road - Bommasandra)", "line": "Yellow Line (RV Road - Bommasandra)", "source": "OpenStreetMap", "kind": "metro_line"}, "geometry": {"type": "LineString", "coordinates": [[77.6301981, 12.9045491], [77.630451, 12.9042313]]}}, {"type": "Feature", "properties": {"id": "way/1490675343", "name": "Yellow Line (RV Road - Bommasandra)", "line": "Yellow Line (RV Road - Bommasandra)", "source": "OpenStreetMap", "kind": "metro_line"}, "geometry": {"type": "LineString", "coordinates": [[77.6154675, 12.916339], [77.6158597, 12.9163397]]}}, {"type": "Feature", "properties": {"id": "way/1490675344", "name": "Namma Metro - Reach 4B", "line": "Namma Metro - Reach 4B", "source": "OpenStreetMap", "kind": "metro_line"}, "geometry": {"type": "LineString", "coordinates": [[77.5292129, 12.8605063], [77.5291132, 12.8602616]]}}, {"type": "Feature", "properties": {"id": "way/1490675345", "name": "Namma Metro - Reach 4", "line": "Namma Metro - Reach 4", "source": "OpenStreetMap", "kind": "metro_line"}, "geometry": {"type": "LineString", "coordinates": [[77.5684836, 12.8942948], [77.5682123, 12.8939458]]}}, {"type": "Feature", "properties": {"id": "way/1490675346", "name": "Namma Metro - Reach 4", "line": "Namma Metro - Reach 4", "source": "OpenStreetMap", "kind": "metro_line"}, "geometry": {"type": "LineString", "coordinates": [[77.5689049, 12.8947313], [77.5692191, 12.8949932]]}}, {"type": "Feature", "properties": {"id": "way/1490675347", "name": "Namma Metro - Reach 4", "line": "Namma Metro - Reach 4", "source": "OpenStreetMap", "kind": "metro_line"}, "geometry": {"type": "LineString", "coordinates": [[77.5713357, 12.8974456], [77.5715503, 12.8976341]]}}, {"type": "Feature", "properties": {"id": "way/1490675348", "name": "Namma Metro - Reach 4", "line": "Namma Metro - Reach 4", "source": "OpenStreetMap", "kind": "metro_line"}, "geometry": {"type": "LineString", "coordinates": [[77.580258, 12.9203732], [77.5802981, 12.9200726]]}}, {"type": "Feature", "properties": {"id": "way/1490675349", "name": "Namma Metro - Reach 4", "line": "Namma Metro - Reach 4", "source": "OpenStreetMap", "kind": "metro_line"}, "geometry": {"type": "LineString", "coordinates": [[77.5802113, 12.9243613], [77.5802584, 12.9240241]]}}, {"type": "Feature", "properties": {"id": "way/1490675350", "name": "Namma Metro - Reach 4", "line": "Namma Metro - Reach 4", "source": "OpenStreetMap", "kind": "metro_line"}, "geometry": {"type": "LineString", "coordinates": [[77.5736525, 12.9528067], [77.5736944, 12.9525179]]}}, {"type": "Feature", "properties": {"id": "way/1490677486", "name": "Namma Metro - Reach 2B", "line": "Namma Metro - Reach 2B", "source": "OpenStreetMap", "kind": "metro_line"}, "geometry": {"type": "LineString", "coordinates": [[77.4625151, 12.8982337], [77.4621519, 12.8979418]]}}, {"type": "Feature", "properties": {"id": "way/1490677487", "name": "Namma Metro - Reach 2B", "line": "Namma Metro - Reach 2B", "source": "OpenStreetMap", "kind": "metro_line"}, "geometry": {"type": "LineString", "coordinates": [[77.4651135, 12.899896], [77.4655545, 12.9001351]]}}, {"type": "Feature", "properties": {"id": "way/1490678882", "name": "Pink Line (Kalena Agrahara - Nagawara)", "line": "Pink Line (Kalena Agrahara - Nagawara)", "source": "OpenStreetMap", "kind": "metro_line"}, "geometry": {"type": "LineString", "coordinates": [[77.5944907, 12.8738932], [77.5946419, 12.8741746]]}}, {"type": "Feature", "properties": {"id": "way/1490678883", "name": "Pink Line (Nagawara - Kalena Agrahara)", "line": "Pink Line (Nagawara - Kalena Agrahara)", "source": "OpenStreetMap", "kind": "metro_line"}, "geometry": {"type": "LineString", "coordinates": [[77.5933908, 12.8705139], [77.5932076, 12.8701254]]}}, {"type": "Feature", "properties": {"id": "way/1490681233", "name": "Yellow Line (RV Road - Bommasandra)", "line": "Yellow Line (RV Road - Bommasandra)", "source": "OpenStreetMap", "kind": "metro_line"}, "geometry": {"type": "LineString", "coordinates": [[77.5801342, 12.9247417], [77.5801007, 12.9243052]]}}, {"type": "Feature", "properties": {"id": "way/1490681234", "name": "Yellow Line (RV Road - Bommasandra)", "line": "Yellow Line (RV Road - Bommasandra)", "source": "OpenStreetMap", "kind": "metro_line"}, "geometry": {"type": "LineString", "coordinates": [[77.5800855, 12.9256043], [77.5801293, 12.9251208]]}}, {"type": "Feature", "properties": {"id": "way/1491576189", "name": "Namma Metro - Phase 2A", "line": "Namma Metro - Phase 2A", "source": "OpenStreetMap", "kind": "metro_line"}, "geometry": {"type": "LineString", "coordinates": [[77.6658887, 12.9957556], [77.6657289, 12.9956807], [77.665565, 12.9956146], [77.6653977, 12.9955574], [77.6652273, 12.9955094], [77.6650545, 12.9954707], [77.6648837, 12.995442], [77.6647115, 12.9954224], [77.6645385, 12.9954119], [77.6643652, 12.9954106], [77.664054, 12.9954211], [77.6636463, 12.9954812], [77.6635342, 12.9954893], [77.663423, 12.995506], [77.6633135, 12.9955312], [77.6632065, 12.9955648], [77.6631188, 12.9955994], [77.6630338, 12.9956395], [77.6629516, 12.995685], [77.6628095, 12.9957661], [77.66267, 12.9958445], [77.6625715, 12.9958757], [77.6624707, 12.9958993], [77.6623683, 12.9959151], [77.662265, 12.9959229], [77.6621626, 12.9959227], [77.6620606, 12.9959148], [77.6619595, 12.9958991], [77.66186, 12.9958758], [77.660358, 12.9951336]]}}, {"type": "Feature", "properties": {"id": "way/1491576190", "name": "Namma Metro - Phase 2A", "line": "Namma Metro - Phase 2A", "source": "OpenStreetMap", "kind": "metro_line"}, "geometry": {"type": "LineString", "coordinates": [[77.6708075, 12.9973436], [77.6704793, 12.997197], [77.6701815, 12.9971721], [77.6693796, 12.9970885], [77.668361, 12.9967402], [77.6676436, 12.9964709], [77.6658762, 12.9957991], [77.6657537, 12.9957784], [77.665627, 12.9957652], [77.6654996, 12.9957601], [77.6653721, 12.995763], [77.6652452, 12.9957741], [77.6651195, 12.9957931], [77.6649954, 12.99582], [77.6648733, 12.9958547], [77.6647538, 12.995897], [77.6646374, 12.9959468], [77.6645301, 12.996001], [77.6644646, 12.9960688], [77.6644005, 12.9961457], [77.6643423, 12.9962269], [77.6642865, 12.9963185], [77.664238, 12.9964149], [77.6636223, 12.9977738], [77.6633831, 12.998473], [77.6633088, 12.9991044], [77.6632401, 13.00067]]}}, {"type": "Feature", "properties": {"id": "way/1491576191", "name": "Namma Metro - Phase 2A", "line": "Namma Metro - Phase 2A", "source": "OpenStreetMap", "kind": "metro_line"}, "geometry": {"type": "LineString", "coordinates": [[77.6708267, 12.9973028], [77.6704912, 12.9971529], [77.670186, 12.9971274], [77.6693898, 12.9970444], [77.6683769, 12.9966981], [77.6676548, 12.9964273]]}}, {"type": "Feature", "properties": {"id": "way/1491576192", "name": "Namma Metro - Phase 2A", "line": "Namma Metro - Phase 2A", "source": "OpenStreetMap", "kind": "metro_line"}, "geometry": {"type": "LineString", "coordinates": [[77.6676548, 12.9964273], [77.6658887, 12.9957556], [77.6657601, 12.9957339], [77.6656304, 12.9957204], [77.6655, 12.9957152], [77.6653695, 12.9957182], [77.6652396, 12.9957295], [77.665111, 12.9957489], [77.6649839, 12.9957765], [77.664859, 12.995812], [77.6647367, 12.9958553], [77.6646175, 12.9959063], [77.664502, 12.9959647], [77.6644299, 12.9960392], [77.6643637, 12.9961186], [77.6643035, 12.9962025], [77.664246, 12.9962972], [77.6641962, 12.9963959], [77.6635793, 12.9977575], [77.6635673, 12.9977927], [77.6633379, 12.9984632], [77.6632628, 12.9991009], [77.6631941, 13.000668]]}}, {"type": "Feature", "properties": {"id": "way/1508372375", "name": "Namma Metro - Phase 2B", "line": "Namma Metro - Phase 2B", "source": "OpenStreetMap", "kind": "metro_line"}, "geometry": {"type": "LineString", "coordinates": [[77.6010288, 13.1047], [77.6011714, 13.1050051], [77.6013934, 13.1054167], [77.6016285, 13.1058169], [77.6025889, 13.1074448], [77.6035923, 13.1090673], [77.6044097, 13.1103908], [77.6045621, 13.1106771], [77.6063354, 13.1135494], [77.6080921, 13.1164179]]}}, {"type": "Feature", "properties": {"id": "way/1508372376", "name": "Namma Metro - Phase 2B", "line": "Namma Metro - Phase 2B", "source": "OpenStreetMap", "kind": "metro_line"}, "geometry": {"type": "LineString", "coordinates": [[77.601065, 13.1046908], [77.6012045, 13.1049892], [77.6014258, 13.1053994], [77.6016605, 13.1057991], [77.6026207, 13.1074266], [77.6036239, 13.1090488], [77.6044419, 13.1103732], [77.6045948, 13.1106606], [77.6063691, 13.1135243], [77.6081176, 13.1163994]]}}, {"type": "Feature", "properties": {"id": "way/1508372377", "name": "Namma Metro - Phase 2B", "line": "Namma Metro - Phase 2B", "source": "OpenStreetMap", "kind": "metro_line"}, "geometry": {"type": "LineString", "coordinates": [[77.6080921, 13.1164179], [77.6085349, 13.1171468], [77.6089839, 13.1179484]]}}, {"type": "Feature", "properties": {"id": "way/1508372378", "name": "Namma Metro - Phase 2B", "line": "Namma Metro - Phase 2B", "source": "OpenStreetMap", "kind": "metro_line"}, "geometry": {"type": "LineString", "coordinates": [[77.6081176, 13.1163994], [77.6085703, 13.1171279], [77.6091158, 13.1178798]]}}, {"type": "Feature", "properties": {"id": "way/1508372379", "name": "Namma Metro - Phase 2B", "line": "Namma Metro - Phase 2B", "source": "OpenStreetMap", "kind": "metro_line"}, "geometry": {"type": "LineString", "coordinates": [[77.6089839, 13.1179484], [77.609432, 13.1187486], [77.6104441, 13.1207288], [77.611373, 13.1227348], [77.6142824, 13.1289204], [77.6154971, 13.1314192]]}}, {"type": "Feature", "properties": {"id": "way/1508372380", "name": "Namma Metro - Phase 2B", "line": "Namma Metro - Phase 2B", "source": "OpenStreetMap", "kind": "metro_line"}, "geometry": {"type": "LineString", "coordinates": [[77.6091158, 13.1178798], [77.6094632, 13.1184535], [77.6103683, 13.1201927], [77.6105882, 13.1207869], [77.6107614, 13.1213119], [77.6114097, 13.1227163], [77.6143227, 13.1289034], [77.6155271, 13.131407]]}}, {"type": "Feature", "properties": {"id": "way/1508372403", "name": "Namma Metro - Phase 2B", "line": "Namma Metro - Phase 2B", "source": "OpenStreetMap", "kind": "metro_line"}, "geometry": {"type": "LineString", "coordinates": [[77.6375913, 13.1787119], [77.6382994, 13.1796762]]}}, {"type": "Feature", "properties": {"id": "way/1508372404", "name": "Namma Metro - Phase 2B", "line": "Namma Metro - Phase 2B", "source": "OpenStreetMap", "kind": "metro_line"}, "geometry": {"type": "LineString", "coordinates": [[77.6375499, 13.1787404], [77.6382576, 13.1797041]]}}, {"type": "Feature", "properties": {"id": "way/1508372405", "name": "Namma Metro - Phase 2B", "line": "Namma Metro - Phase 2B", "source": "OpenStreetMap", "kind": "metro_line"}, "geometry": {"type": "LineString", "coordinates": [[77.6368094, 13.1776863], [77.6375499, 13.1787404]]}}, {"type": "Feature", "properties": {"id": "way/1508372406", "name": "Namma Metro - Phase 2B", "line": "Namma Metro - Phase 2B", "source": "OpenStreetMap", "kind": "metro_line"}, "geometry": {"type": "LineString", "coordinates": [[77.6368531, 13.1776609], [77.6375913, 13.1787119]]}}, {"type": "Feature", "properties": {"id": "way/1508372407", "name": "Namma Metro - Phase 2B", "line": "Namma Metro - Phase 2B", "source": "OpenStreetMap", "kind": "metro_line"}, "geometry": {"type": "LineString", "coordinates": [[77.6628014, 13.198008], [77.6650525, 13.1979477], [77.6663768, 13.1979375], [77.6665111, 13.197941], [77.666645, 13.1979505], [77.6667638, 13.1979641], [77.6668819, 13.1979824], [77.6669991, 13.1980054], [77.6677689, 13.1982012], [77.6678741, 13.1982258], [77.6679808, 13.198243], [77.6681012, 13.1982534], [77.6796886, 13.1981388], [77.6803257, 13.1982267]]}}, {"type": "Feature", "properties": {"id": "way/1509722639", "name": "Pink Line (Nagawara - Kalena Agrahara)", "line": "Pink Line (Nagawara - Kalena Agrahara)", "source": "OpenStreetMap", "kind": "metro_line"}, "geometry": {"type": "LineString", "coordinates": [[77.6010213, 12.9335506], [77.6013359, 12.9349645], [77.6014857, 12.93621], [77.6015515, 12.9368206], [77.6018216, 12.9378761], [77.6019822, 12.9386902], [77.6022433, 12.9400132], [77.6023494, 12.9405441], [77.6026058, 12.9420697], [77.6026417, 12.9423929], [77.6027086, 12.9428442], [77.6027447, 12.9433856], [77.6027186, 12.9438149], [77.6026466, 12.9443222], [77.6025705, 12.9448066], [77.6025378, 12.9450153], [77.6025304, 12.9451618], [77.6025288, 12.9453127], [77.6023852, 12.9470413], [77.6023824, 12.9474571], [77.6024891, 12.9478931], [77.6027139, 12.9485591], [77.6032035, 12.9498388], [77.6035758, 12.9509649], [77.6039268, 12.951519], [77.6042657, 12.9521099], [77.6047422, 12.9527501], [77.6053482, 12.9535236], [77.6054889, 12.9537121], [77.605566, 12.9539264], [77.6056186, 12.9542733], [77.6057161, 12.9551079], [77.6060894, 12.9570267]]}}, {"type": "Feature", "properties": {"id": "way/1509722640", "name": "Pink Line (Kalena Agrahara - Nagawara)", "line": "Pink Line (Kalena Agrahara - Nagawara)", "source": "OpenStreetMap", "kind": "metro_line"}, "geometry": {"type": "LineString", "coordinates": [[77.6009739, 12.9335685], [77.6012863, 12.9349697], [77.6014343, 12.9362193], [77.6015005, 12.9368317], [77.6016078, 12.9372509], [77.6016277, 12.9373207], [77.6017706, 12.9378871], [77.602192, 12.9400229], [77.602298, 12.940553], [77.602554, 12.9420766], [77.6025899, 12.9423993], [77.6026566, 12.9428495], [77.6026924, 12.9433857], [77.6026666, 12.9438099], [77.6025949, 12.9443149], [77.6025189, 12.9447989], [77.6024858, 12.9450102], [77.6024782, 12.9451603], [77.6024766, 12.9453104], [77.602333, 12.9470391], [77.6023301, 12.9474629], [77.6024388, 12.947907], [77.6026647, 12.9485762], [77.603154, 12.949855], [77.603528, 12.9509864], [77.6036572, 12.9511939], [77.6038818, 12.9515448], [77.6042216, 12.9521374], [77.6047003, 12.9527805], [77.6053063, 12.953554], [77.6054421, 12.953736], [77.6055151, 12.9539387], [77.6055668, 12.9542799], [77.6056643, 12.9551145], [77.6060377, 12.9570339]]}}, {"type": "Feature", "properties": {"id": "way/1513970759", "name": "Namma Metro - Phase 2B", "line": "Namma Metro - Phase 2B", "source": "OpenStreetMap", "kind": "metro_line"}, "geometry": {"type": "LineString", "coordinates": [[77.5933502, 13.0665352], [77.5932786, 13.0674922], [77.5929277, 13.0726137]]}}, {"type": "Feature", "properties": {"id": "way/1513970760", "name": "Namma Metro - Phase 2B", "line": "Namma Metro - Phase 2B", "source": "OpenStreetMap", "kind": "metro_line"}, "geometry": {"type": "LineString", "coordinates": [[77.5933195, 13.0665338], [77.5928938, 13.0726135]]}}, {"type": "Feature", "properties": {"id": "way/1513970761", "name": "Namma Metro - Phase 2B", "line": "Namma Metro - Phase 2B", "source": "OpenStreetMap", "kind": "metro_line"}, "geometry": {"type": "LineString", "coordinates": [[77.593538, 13.0621833], [77.5933991, 13.0658813], [77.5933502, 13.0665352]]}}, {"type": "Feature", "properties": {"id": "way/1513970762", "name": "Namma Metro - Phase 2B", "line": "Namma Metro - Phase 2B", "source": "OpenStreetMap", "kind": "metro_line"}, "geometry": {"type": "LineString", "coordinates": [[77.5935043, 13.0621821], [77.5933653, 13.0658795], [77.5933195, 13.0665338]]}}, {"type": "Feature", "properties": {"id": "way/1531451456", "name": "Pink Line (Kalena Agrahara - Nagawara)", "line": "Pink Line (Kalena Agrahara - Nagawara)", "source": "OpenStreetMap", "kind": "metro_line"}, "geometry": {"type": "LineString", "coordinates": [[77.5999951, 12.9182718], [77.600015, 12.918751], [77.6001249, 12.9207457], [77.6001765, 12.921485]]}}, {"type": "Feature", "properties": {"id": "way/1531451457", "name": "Pink Line (Nagawara - Kalena Agrahara)", "line": "Pink Line (Nagawara - Kalena Agrahara)", "source": "OpenStreetMap", "kind": "metro_line"}, "geometry": {"type": "LineString", "coordinates": [[77.600041, 12.918268], [77.600061, 12.9187487], [77.6001709, 12.9207433], [77.6002226, 12.9214843]]}}, {"type": "Feature", "properties": {"id": "way/1531451458", "name": "Pink Line (Kalena Agrahara - Nagawara)", "line": "Pink Line (Kalena Agrahara - Nagawara)", "source": "OpenStreetMap", "kind": "metro_line"}, "geometry": {"type": "LineString", "coordinates": [[77.5999223, 12.914108], [77.5999358, 12.9151341]]}}, {"type": "Feature", "properties": {"id": "way/1531451459", "name": "Pink Line (Nagawara - Kalena Agrahara)", "line": "Pink Line (Nagawara - Kalena Agrahara)", "source": "OpenStreetMap", "kind": "metro_line"}, "geometry": {"type": "LineString", "coordinates": [[77.5999684, 12.9141119], [77.5999819, 12.9151337]]}}, {"type": "Feature", "properties": {"id": "way/1531451462", "name": "Pink Line (Nagawara - Kalena Agrahara)", "line": "Pink Line (Nagawara - Kalena Agrahara)", "source": "OpenStreetMap", "kind": "metro_line"}, "geometry": {"type": "LineString", "coordinates": [[77.6004495, 12.9267615], [77.6005107, 12.9269949]]}}, {"type": "Feature", "properties": {"id": "way/1531451463", "name": "Pink Line (Nagawara - Kalena Agrahara)", "line": "Pink Line (Nagawara - Kalena Agrahara)", "source": "OpenStreetMap", "kind": "metro_line"}, "geometry": {"type": "LineString", "coordinates": [[77.6002226, 12.9214843], [77.6002635, 12.922491], [77.6003265, 12.9237533], [77.6004445, 12.9258068], [77.6005107, 12.9269949], [77.6005399, 12.9277247], [77.6005251, 12.9282441], [77.6005438, 12.9290889], [77.6006242, 12.9308028], [77.600659, 12.9312987], [77.6007395, 12.9322557], [77.6007989, 12.9325794]]}}, {"type": "Feature", "properties": {"id": "way/1531451466", "name": "Pink Line (Kalena Agrahara - Nagawara)", "line": "Pink Line (Kalena Agrahara - Nagawara)", "source": "OpenStreetMap", "kind": "metro_line"}, "geometry": {"type": "LineString", "coordinates": [[77.5928649, 12.8691237], [77.5932076, 12.8701254], [77.593923, 12.872217], [77.5943482, 12.8734758], [77.594436, 12.8737356], [77.5944907, 12.8738932], [77.5947525, 12.8746469], [77.5948799, 12.8750404], [77.5949416, 12.8753542], [77.5950341, 12.8759909], [77.5951226, 12.8766799], [77.595242, 12.8774094], [77.5953613, 12.8780042], [77.5954686, 12.8785612], [77.595592, 12.8792724], [77.5956926, 12.8798921], [77.5957433, 12.8802357], [77.5959872, 12.8817371], [77.5968909, 12.8871799], [77.596956, 12.8874842], [77.5969853, 12.8876173], [77.5970608, 12.8879013], [77.5976979, 12.8896381], [77.5981675, 12.8907509], [77.5983052, 12.8911199], [77.598374, 12.8913069], [77.5984467, 12.8914938], [77.5986778, 12.8921235], [77.5988157, 12.8924443], [77.5988806, 12.8926771], [77.5989335, 12.8928786], [77.5990208, 12.8932814], [77.5990814, 12.8936187], [77.5991875, 12.8943428], [77.5998916, 12.8969248], [77.6001354, 12.8977547], [77.600709, 12.8993956], [77.6008237, 12.8997948], [77.6008831, 12.9000732]]}}, {"type": "Feature", "properties": {"id": "way/1531451467", "name": "Pink Line (Nagawara - Kalena Agrahara)", "line": "Pink Line (Nagawara - Kalena Agrahara)", "source": "OpenStreetMap", "kind": "metro_line"}, "geometry": {"type": "LineString", "coordinates": [[77.6001765, 12.921485], [77.6002175, 12.9224934], [77.6002805, 12.9237561], [77.6003985, 12.9258096], [77.6004495, 12.9267615], [77.6004937, 12.9277245], [77.600479, 12.9282434], [77.6004978, 12.9290904], [77.6005782, 12.9308053], [77.6006131, 12.931302], [77.6006936, 12.9322588], [77.6007471, 12.9325863]]}}, {"type": "Feature", "properties": {"id": "way/1531451472", "name": "Pink Line (Kalena Agrahara - Nagawara)", "line": "Pink Line (Kalena Agrahara - Nagawara)", "source": "OpenStreetMap", "kind": "metro_line"}, "geometry": {"type": "LineString", "coordinates": [[77.6007471, 12.9325863], [77.6008693, 12.9331398], [77.6009739, 12.9335685]]}}, {"type": "Feature", "properties": {"id": "way/1531451473", "name": "Pink Line (Nagawara - Kalena Agrahara)", "line": "Pink Line (Nagawara - Kalena Agrahara)", "source": "OpenStreetMap", "kind": "metro_line"}, "geometry": {"type": "LineString", "coordinates": [[77.6007989, 12.9325794], [77.6009228, 12.9331264], [77.6010213, 12.9335506]]}}, {"type": "Feature", "properties": {"id": "relation/1798771", "name": "Purple Line (Whitefield (Kadugodi) \u2192 Challaghatta)", "line": "Purple Line (Whitefield (Kadugodi) \u2192 Challaghatta)", "colour": "#e542de", "source": "OpenStreetMap", "kind": "metro_line"}, "geometry": {"type": "MultiLineString", "coordinates": [[[77.7538642, 12.9872074], [77.7541783, 12.987924], [77.754268, 12.9881407], [77.7547782, 12.9893615], [77.7548917, 12.9896483], [77.7550219, 12.9898961], [77.7551473, 12.9901079], [77.7552675, 12.9902928], [77.7553975, 12.9904727], [77.7564014, 12.9917949], [77.7567758, 12.9922837], [77.7568644, 12.9924126], [77.7569353, 12.9925285], [77.7569867, 12.9926106], [77.7570506, 12.9927415], [77.7570973, 12.9928452], [77.7571491, 12.9929885], [77.7574622, 12.9939881], [77.7575148, 12.9941581], [77.7578215, 12.99519], [77.7580968, 12.9962173]], [[77.7529214, 12.9850355], [77.7530953, 12.9853592], [77.753314, 12.9858857], [77.7536657, 12.986735], [77.7538642, 12.9872074]], [[77.7509219, 12.9842344], [77.7510922, 12.984197], [77.7512613, 12.9841756], [77.7514017, 12.9841669], [77.7515485, 12.9841747], [77.751711, 12.9842038], [77.7518697, 12.9842473], [77.7520432, 12.9843111], [77.7521693, 12.9843658], [77.7523407, 12.9844606], [77.7524924, 12.9845633], [77.7526407, 12.9846943], [77.7527826, 12.984846], [77.7529214, 12.9850355]], [[77.7470097, 12.9856238], [77.7481414, 12.9852024], [77.7489784, 12.984907], [77.7498704, 12.9846042], [77.7509219, 12.9842344]], [[77.7399579, 12.9875824], [77.7400572, 12.9875744], [77.7401435, 12.9875654], [77.7403078, 12.9875335], [77.7439291, 12.9866079], [77.7452784, 12.9862578], [77.7455102, 12.9861916], [77.7458334, 12.9860795], [77.7465715, 12.9857936], [77.7470097, 12.9856238]], [[77.7352886, 12.987641], [77.7355424, 12.9876152], [77.7358363, 12.9875913], [77.7366575, 12.9875886], [77.7370019, 12.9875915], [77.7372451, 12.9875935], [77.7380977, 12.9875875], [77.7388219, 12.9875932], [77.7392131, 12.9875963], [77.7399579, 12.9875824]], [[77.7273582, 12.9780451], [77.7273692, 12.9783549], [77.7273782, 12.978592], [77.7273684, 12.978808], [77.7273378, 12.9793403], [77.7273309, 12.9795468], [77.7273354, 12.9796888], [77.727359, 12.9799936], [77.7273877, 12.9801595], [77.7274295, 12.9803512], [77.7274963, 12.9807354], [77.7275514, 12.9810198], [77.7276813, 12.9815671], [77.727777, 12.9819994], [77.7278298, 12.9822191], [77.7278902, 12.9824329], [77.7280957, 12.9829329], [77.7282764, 12.983274], [77.7284809, 12.9835682], [77.7287039, 12.9838597], [77.7290455, 12.9842791], [77.7295243, 12.9848511], [77.7297323, 12.9850841], [77.7299941, 12.9853615], [77.7302323, 12.9855751], [77.7304264, 12.985721], [77.7306081, 12.9858402], [77.7314935, 12.9863465], [77.7317138, 12.98648], [77.7318687, 12.986603], [77.731955, 12.9866817], [77.7320834, 12.9868116], [77.7321671, 12.9869178], [77.732512, 12.9874124], [77.7327049, 12.9876042], [77.7328002, 12.9876726], [77.7328857, 12.987724], [77.7329743, 12.9877694], [77.7331483, 12.9878407], [77.7333139, 12.9878802], [77.7334369, 12.9878925], [77.7335902, 12.9878866], [77.7339609, 12.9878427], [77.7349683, 12.9876844], [77.7352886, 12.987641]], [[77.7255885, 12.9765149], [77.7261093, 12.9764606], [77.7262479, 12.9764607], [77.7263672, 12.9764711], [77.7264837, 12.9764929], [77.7265932, 12.9765259], [77.7267153, 12.9765765], [77.7267928, 12.9766158], [77.7268573, 12.9766569], [77.7269227, 12.9767058], [77.726986, 12.9767665], [77.7270693, 12.9768498], [77.7271321, 12.9769283], [77.7271929, 12.9770224], [77.7272568, 12.9771445], [77.7272893, 12.9772253], [77.7273208, 12.9773463], [77.7273398, 12.9774713], [77.7273582, 12.9780451]], [[77.7120314, 12.9780405], [77.7123254, 12.9780033], [77.7131725, 12.9778967], [77.7145125, 12.9777202], [77.7149061, 12.977661], [77.715061, 12.9776292], [77.7158014, 12.9775263], [77.7163397, 12.9774383], [77.716667, 12.9774048], [77.7175168, 12.977325], [77.7185912, 12.9772614], [77.7198403, 12.9771469], [77.721651, 12.9769499], [77.7226598, 12.9768472], [77.7228115, 12.9768276], [77.7229506, 12.9767991], [77.7230798, 12.9767743], [77.7231681, 12.9767585], [77.7232637, 12.9767414], [77.7235906, 12.9766976], [77.7243495, 12.9766126], [77.7255885, 12.9765149]], [[77.7086129, 12.9813697], [77.7088149, 12.9806449], [77.7089169, 12.980285], [77.708992, 12.9800198], [77.7092334, 12.9791939], [77.7093413, 12.9789214], [77.7094418, 12.9787361], [77.7094817, 12.9786833], [77.7096132, 12.9785288], [77.709764, 12.9784331], [77.7099149, 12.978352], [77.7100378, 12.9783069], [77.7102015, 12.9782504], [77.710287, 12.9782281], [77.7104473, 12.9782074], [77.710742, 12.9782041], [77.7111972, 12.9781466], [77.7120314, 12.9780405]], [[77.7083024, 12.9826328], [77.7084234, 12.9820637], [77.7086129, 12.9813697]], [[77.7082196, 12.9841232], [77.7082356, 12.9836319], [77.7082622, 12.9830457], [77.7082728, 12.9829257], [77.7082862, 12.9827976], [77.7083024, 12.9826328]], [[77.7113181, 12.9888208], [77.7104193, 12.9883115], [77.7099132, 12.9880405], [77.7096804, 12.9878986], [77.7094985, 12.9877548], [77.7092611, 12.9875285], [77.709128, 12.9873311], [77.709003, 12.9871169], [77.708657, 12.9865126], [77.7085306, 12.9861865], [77.7083993, 12.9858203], [77.7083398, 12.9855473], [77.7082865, 12.985235], [77.7082684, 12.9849389], [77.7082503, 12.9846851], [77.7082151, 12.9843032], [77.7082196, 12.9841232]], [[77.7015918, 12.9939889], [77.7021063, 12.993826], [77.7026603, 12.9936762], [77.702999, 12.9935869], [77.7032966, 12.9935165], [77.703632, 12.9934317], [77.7037157, 12.9934103], [77.7042378, 12.993256], [77.7044713, 12.9931926], [77.7047836, 12.9931124], [77.7052202, 12.9930178], [77.7056082, 12.9929816], [77.7060558, 12.9929704], [77.7068911, 12.9929255], [77.7075238, 12.9928995], [77.7085889, 12.9928606], [77.7094205, 12.9928222], [77.7100348, 12.9928145], [77.7103669, 12.9928119], [77.7105796, 12.9928092], [77.710798, 12.99279], [77.7112384, 12.992683], [77.7115914, 12.992607], [77.7121025, 12.9924501], [77.7127915, 12.9922343], [77.7133551, 12.9919834], [77.7135442, 12.9918709], [77.7136617, 12.9917563], [77.713819, 12.9914749], [77.7138888, 12.9913501], [77.7139002, 12.9911631], [77.7139108, 12.9909934], [77.7139123, 12.9908379], [77.7139043, 12.9907235], [77.7138915, 12.9906047], [77.7138331, 12.9904612], [77.7137176, 12.990294], [77.7135586, 12.9901617], [77.7132745, 12.9899771], [77.7128079, 12.9896897], [77.712253, 12.9893718], [77.7118453, 12.9891327], [77.7113181, 12.9888208]], [[77.6768299, 12.9998537], [77.6773791, 12.9998651], [77.6778421, 12.9998836], [77.6782501, 12.9998924], [77.6791508, 12.9999283], [77.6799069, 12.9999771], [77.6803133, 13.0000252], [77.6806338, 13.0000722], [77.6808602, 13.0001129], [77.6811676, 13.0001916], [77.6813792, 13.0002565], [77.6816144, 13.0003469], [77.6817815, 13.0003809], [77.6818737, 13.0003866], [77.6819646, 13.000386], [77.6824202, 13.0003647], [77.682599, 13.000359], [77.6829502, 13.0003544], [77.6838214, 13.0003582], [77.6845514, 13.0003346], [77.6854795, 13.0002719], [77.6862037, 13.0002144], [77.6863601, 13.0001853], [77.6865577, 13.000136], [77.6867224, 13.0000773], [77.6868208, 13.0000229], [77.687, 12.9999136], [77.6872444, 12.9997544], [77.6876574, 12.999446], [77.6878861, 12.9992379], [77.6881617, 12.9989338], [77.6886254, 12.9984448], [77.6888698, 12.9982177], [77.6894921, 12.9978988], [77.6903796, 12.9974569], [77.6907431, 12.9972816], [77.6914823, 12.9969528], [77.6921457, 12.9966967], [77.6937139, 12.9961687], [77.6945185, 12.9958237], [77.6947063, 12.9957349], [77.695232, 12.9954997], [77.6955535, 12.99541], [77.6958757, 12.9953638], [77.6969915, 12.9952278], [77.6979196, 12.9950815], [77.6980781, 12.9950378], [77.6982007, 12.994987], [77.6988493, 12.9947486], [77.6991698, 12.9946268], [77.7000108, 12.9943583], [77.7002222, 12.9943092], [77.7006596, 12.9942076], [77.7013469, 12.9940503], [77.7015918, 12.9939889]], [[77.6684788, 12.996496], [77.6686459, 12.9965736], [77.6688175, 12.9966494], [77.668943, 12.9967094], [77.6690977, 12.9967564], [77.6693234, 12.9968243], [77.6694928, 12.9968729], [77.6696163, 12.9968978], [77.6697376, 12.9969215], [77.6698791, 12.9969274], [77.6699698, 12.9969228], [77.6700655, 12.9969262], [77.6701625, 12.9969267], [77.670269, 12.9969393], [77.6704098, 12.996982], [77.670889, 12.9972048], [77.6713393, 12.9974231], [77.671807, 12.9976526], [77.6720651, 12.9977741], [77.6722184, 12.9978515], [77.6725529, 12.9980144], [77.6727326, 12.9981007], [77.6732405, 12.9983497], [77.673625, 12.9985414], [77.6739379, 12.9986939], [77.6743078, 12.9988744], [77.6745484, 12.9989813], [77.6749532, 12.9991862], [77.6752501, 12.9993221], [77.6754647, 12.9994295], [77.6760165, 12.9996776], [77.6762081, 12.9997609], [77.6763723, 12.9998046], [77.6765217, 12.9998284], [77.6766417, 12.9998419], [77.6768299, 12.9998537]], [[77.664851, 12.9952827], [77.6650278, 12.9953008], [77.6651895, 12.9953282], [77.6653486, 12.9953574], [77.6654861, 12.9953881], [77.6658958, 12.9955049], [77.6662499, 12.9956073], [77.6666321, 12.9957325], [77.6674281, 12.9960274], [77.6679336, 12.9962416], [77.6681911, 12.9963566], [77.6684788, 12.996496]], [[77.6639571, 12.9952986], [77.6640402, 12.9952845], [77.6642351, 12.995272], [77.66444, 12.9952675], [77.6646389, 12.995273], [77.664851, 12.9952827]], [[77.6614195, 12.9954531], [77.6615806, 12.995495], [77.6617584, 12.9955362], [77.6618749, 12.9955597], [77.6619956, 12.9955698], [77.6621445, 12.9955802], [77.6623239, 12.9955872], [77.6625089, 12.9955826], [77.6626262, 12.9955725], [77.6627361, 12.9955593], [77.6628594, 12.9955363], [77.6630589, 12.9954928], [77.6633536, 12.9954111], [77.6633788, 12.9954064], [77.6634597, 12.9953915], [77.6639571, 12.9952986]], [[77.6563674, 12.9927537], [77.656603, 12.9929013], [77.6569151, 12.9930836], [77.6571496, 12.9932143], [77.6580135, 12.9936992], [77.6590839, 12.9943055], [77.6597545, 12.9946521], [77.6603537, 12.9949586], [77.660941, 12.9952562], [77.6611438, 12.9953501], [77.6613231, 12.9954238], [77.6614195, 12.9954531]], [[77.652392, 12.9906745], [77.6530525, 12.990854], [77.6531588, 12.9908839], [77.6536176, 12.9910128], [77.6537983, 12.9910636], [77.6541185, 12.991153], [77.65431, 12.9912094], [77.6544559, 12.9912621], [77.6545903, 12.9913217], [77.6546919, 12.9913775], [77.6547893, 12.9914404], [77.6548821, 12.9915174], [77.6551351, 12.991748], [77.6553877, 12.9919939], [77.6555428, 12.9921447], [77.6557319, 12.9923046], [77.655866, 12.9924154], [77.6560012, 12.9925169], [77.6561167, 12.9925892], [77.6563674, 12.9927537]], [[77.652392, 12.9906745], [77.651179, 12.9903448]], [[77.651179, 12.9903448], [77.6506271, 12.9901858], [77.650399, 12.9901211], [77.6499792, 12.9900105], [77.6497371, 12.9899426], [77.6495952, 12.9899017], [77.6494829, 12.9898627], [77.6493669, 12.9898126], [77.6492708, 12.9897611], [77.6491794, 12.9896991], [77.649107, 12.9896466], [77.6490383, 12.9895861], [77.6489727, 12.9895235], [77.6488982, 12.9894379], [77.6488414, 12.989358], [77.6487923, 12.9892812], [77.6487499, 12.9892025], [77.6487117, 12.9891275], [77.6486728, 12.989039], [77.6486432, 12.9889625], [77.6486167, 12.9888934], [77.6483727, 12.9880503], [77.6483341, 12.9879367], [77.6482996, 12.9878535], [77.6482633, 12.9877736], [77.648224, 12.9876996], [77.648176, 12.9876159], [77.6481296, 12.9875455], [77.6480803, 12.9874735], [77.6480295, 12.9874063], [77.6478547, 12.9871768], [77.6476006, 12.987009], [77.6473381, 12.9868684], [77.6462539, 12.9864565], [77.6455186, 12.9861495]], [[77.6455186, 12.9861495], [77.6449072, 12.9859128]], [[77.6449072, 12.9859128], [77.6433944, 12.9853151], [77.6426566, 12.9850191], [77.6412897, 12.9844707], [77.6410628, 12.9843491], [77.6409056, 12.9841889], [77.6407672, 12.9840551], [77.6406736, 12.9838442], [77.6406296, 12.983678], [77.6406041, 12.9834974], [77.6406176, 12.9829264], [77.6407834, 12.9800045], [77.6408122, 12.9794969], [77.6408039, 12.9792985], [77.6407645, 12.9790996], [77.640639, 12.9788307], [77.6405051, 12.9786697], [77.6403775, 12.9785573], [77.6401849, 12.9784331], [77.6399797, 12.9783623], [77.6396955, 12.9783297], [77.6386592, 12.9783079]], [[77.6386592, 12.9783079], [77.6377533, 12.9782793], [77.63294, 12.9781272], [77.6326489, 12.9781337], [77.629437, 12.9784287], [77.6291733, 12.978454], [77.6289832, 12.9784271], [77.6288118, 12.9783641], [77.6286152, 12.9782476], [77.6283756, 12.9781203], [77.6280838, 12.9779386], [77.627759, 12.9777517], [77.6274857, 12.9775419], [77.6272588, 12.977322], [77.626705, 12.9764915]], [[77.626705, 12.9764915], [77.6264096, 12.9760818], [77.6262116, 12.9758296], [77.6260529, 12.9756054], [77.6258797, 12.9754185], [77.6252884, 12.9750071], [77.6249491, 12.9747815], [77.6225043, 12.9733037], [77.6220537, 12.9730936], [77.6217152, 12.9729616], [77.6213265, 12.9728353], [77.6208499, 12.9727195], [77.6205889, 12.9726882], [77.620255, 12.9726626], [77.6199919, 12.9726435], [77.6195914, 12.9726226], [77.6191252, 12.9725959], [77.618827, 12.972616], [77.6186065, 12.9726416], [77.6184067, 12.9726754], [77.617013, 12.9729953]], [[77.617013, 12.9729953], [77.6127428, 12.9739738], [77.6123712, 12.9740763], [77.6119082, 12.9742013], [77.6115725, 12.9742823], [77.6112904, 12.9743468], [77.6092507, 12.9748314], [77.6088569, 12.9749315], [77.6084978, 12.9750458], [77.6082395, 12.9751438], [77.6079815, 12.975212], [77.6062979, 12.9756285]], [[77.6062979, 12.9756285], [77.6056543, 12.9757829], [77.605299, 12.9758684], [77.6050209, 12.9759353], [77.6030191, 12.9764004], [77.6026037, 12.9764969], [77.6023598, 12.976562], [77.6021549, 12.9766516], [77.6019036, 12.9767963], [77.6017306, 12.976942], [77.6015458, 12.9772188]], [[77.6015458, 12.9772188], [77.6013929, 12.9775725], [77.6009417, 12.9788195]], [[77.6009417, 12.9788195], [77.6007978, 12.9790971], [77.600684, 12.9792724], [77.6005564, 12.9794355], [77.6004282, 12.9796079], [77.6003258, 12.9797387], [77.6002246, 12.979846], [77.600073, 12.9799772], [77.5999234, 12.9800694], [77.599748, 12.9801376], [77.5986276, 12.980572], [77.5984083, 12.980656], [77.597562, 12.9808954]], [[77.597562, 12.9808954], [77.5966655, 12.9812185], [77.5963182, 12.9813464], [77.5959769, 12.9814444], [77.5957078, 12.9815113], [77.5955274, 12.9815424], [77.5954462, 12.9815552], [77.5951726, 12.9815871], [77.5948692, 12.9815792], [77.5947035, 12.9815352], [77.5945549, 12.9814841], [77.594111, 12.9812295], [77.5937604, 12.9809826], [77.5932441, 12.9805777], [77.5919999, 12.9789626], [77.5911088, 12.9779727]], [[77.5911088, 12.9779727], [77.590833, 12.9777625], [77.5906246, 12.9776261], [77.5903103, 12.9774668], [77.5878889, 12.9761897], [77.5872296, 12.9759106], [77.5865498, 12.9756398], [77.586462, 12.9756035], [77.5851813, 12.9750422], [77.5849855, 12.9749481], [77.5842326, 12.9745014]], [[77.5842326, 12.9745014], [77.5828866, 12.9737301], [77.5823634, 12.9734266], [77.5819804, 12.9732091], [77.5817526, 12.9731112], [77.5815531, 12.9730134], [77.5813667, 12.9729783], [77.5811489, 12.9729807], [77.5808769, 12.9730628], [77.5803872, 12.9733066], [77.5781058, 12.9743183], [77.5761213, 12.9751329], [77.5757114, 12.9752435], [77.5746028, 12.9754592], [77.5741231, 12.9755728], [77.5728057, 12.9756704]], [[77.5728057, 12.9756704], [77.5712892, 12.9757916], [77.5702903, 12.9759013], [77.5691203, 12.9759798], [77.5669073, 12.9759774], [77.5667188, 12.975968], [77.5659372, 12.975905], [77.5653792, 12.9758581]], [[77.5653792, 12.9758581], [77.5651602, 12.9758317], [77.5634133, 12.9756402]], [[77.5553564, 12.975608], [77.5556391, 12.9756176], [77.5559117, 12.9756205], [77.5562067, 12.9756257], [77.5564974, 12.9756385], [77.5568745, 12.9756535], [77.5572138, 12.9756783], [77.5575517, 12.9756979], [77.5577569, 12.9757071], [77.558182, 12.9757384], [77.5585374, 12.9757606], [77.558929, 12.9757802], [77.5591932, 12.9757776], [77.559672, 12.9757685], [77.5600596, 12.9757646], [77.5603759, 12.9757464], [77.5606269, 12.9757201], [77.5611258, 12.9756992], [77.5617293, 12.9756678], [77.5623185, 12.9756026], [77.5626742, 12.9755937], [77.562966, 12.9756099], [77.5634133, 12.9756402]], [[77.5456189, 12.9741737], [77.5466357, 12.9741725], [77.5468189, 12.9741756], [77.5471055, 12.9742069], [77.5473599, 12.9742658], [77.5475645, 12.9743179], [77.5477387, 12.9743694], [77.5478798, 12.9744092], [77.5480832, 12.9744634], [77.5482622, 12.9744942], [77.5483811, 12.9745003], [77.54854, 12.9744884], [77.5487278, 12.9744489], [77.5488918, 12.9744183], [77.5490457, 12.9743346], [77.5492779, 12.9742069], [77.5495751, 12.9740195], [77.5497685, 12.973891], [77.5498946, 12.9738326], [77.5500453, 12.9737908], [77.5502114, 12.973756], [77.5503893, 12.9737538], [77.5505523, 12.9737735], [77.5507393, 12.9738229], [77.5509456, 12.9739394], [77.5514175, 12.9743037], [77.5522132, 12.9749216], [77.5524125, 12.9750661], [77.5525761, 12.9751733], [77.5527639, 12.9752935], [77.5529758, 12.9753929], [77.5531555, 12.9754608], [77.5533754, 12.9755052], [77.5535363, 12.9755288], [77.5538177, 12.9755571], [77.5542442, 12.9755689], [77.5546484, 12.9755787], [77.5549444, 12.9755941], [77.5553564, 12.975608]], [[77.5374285, 12.9709391], [77.5377307, 12.9717735], [77.5378241, 12.972], [77.5379138, 12.9721832], [77.5380255, 12.9723654], [77.5382076, 12.9725915], [77.5383747, 12.9727569], [77.5385995, 12.972932], [77.5389007, 12.9730979], [77.5394049, 12.9732386], [77.5418227, 12.973744], [77.5433912, 12.9740582], [77.5440739, 12.9741358], [77.5445572, 12.9741757], [77.5456189, 12.9741737]], [[77.5335932, 12.9618581], [77.5353741, 12.965844], [77.5359522, 12.9670023], [77.5362194, 12.9675838], [77.5364583, 12.9681721], [77.5367153, 12.9688614], [77.536883, 12.9693528], [77.5369872, 12.9696583], [77.5374285, 12.9709391]], [[77.5335932, 12.9618581], [77.5333598, 12.9612203], [77.5331932, 12.9608092], [77.5331364, 12.9605831], [77.5330947, 12.96036], [77.5330913, 12.960157], [77.5331278, 12.9599497], [77.5332286, 12.9596465], [77.5334011, 12.9592056], [77.5337686, 12.9583367], [77.5339086, 12.958056], [77.534128, 12.9575852], [77.5343458, 12.9570156], [77.534422, 12.9567218], [77.5345338, 12.9562288], [77.5346636, 12.9557194], [77.5347535, 12.9554062], [77.5348492, 12.9551974], [77.5349689, 12.955013], [77.5364109, 12.9535492], [77.5365873, 12.9533407], [77.5366429, 12.9532588], [77.536701, 12.9531515], [77.5370399, 12.9520466]], [[77.5370399, 12.9520466], [77.5372034, 12.951556], [77.5373429, 12.9511939], [77.5373698, 12.9510652], [77.5373746, 12.9510423], [77.537387, 12.9508561], [77.5373769, 12.9506392], [77.5373384, 12.9504502], [77.5372921, 12.9502855], [77.5371611, 12.9500166], [77.5369484, 12.9497616], [77.536344, 12.9491907], [77.5360304, 12.948934], [77.5349885, 12.9482851], [77.5347744, 12.948174], [77.5344399, 12.9480489], [77.5341284, 12.9479608], [77.5326658, 12.9475653], [77.5309019, 12.9470179], [77.5300896, 12.9466619]], [[77.5300896, 12.9466619], [77.529269, 12.9462909], [77.5289894, 12.9461185], [77.5287581, 12.945976]], [[77.5287581, 12.945976], [77.5283438, 12.9456786], [77.5279673, 12.9453585], [77.5277588, 12.9451812], [77.5275383, 12.9449727], [77.527324, 12.9447781], [77.5270012, 12.9444027], [77.52669, 12.9440211], [77.5263536, 12.9434117]], [[77.5263536, 12.9434117], [77.5257428, 12.9425861], [77.525377, 12.9420299], [77.525127, 12.9416608]], [[77.525127, 12.9416608], [77.5248621, 12.9411822], [77.5247066, 12.9409313], [77.5240969, 12.9400848], [77.5234942, 12.9394256], [77.5229778, 12.9389489], [77.5228544, 12.9388705], [77.5221858, 12.9384214], [77.5217637, 12.938153], [77.5214636, 12.9378843], [77.5211697, 12.9375428], [77.5209059, 12.9372049], [77.5205792, 12.9369532], [77.5196666, 12.9366362]], [[77.5196666, 12.9366362], [77.5190245, 12.9363917], [77.5188419, 12.9363423], [77.5186947, 12.9363064], [77.5185293, 12.9362847], [77.5183635, 12.9362743], [77.5180816, 12.9362903], [77.5178878, 12.9362903], [77.5176606, 12.9362884], [77.5174542, 12.9362928], [77.5172477, 12.9362907], [77.5172131, 12.9362892], [77.5170146, 12.9362804], [77.5167819, 12.9362619], [77.5165502, 12.9362351], [77.5155147, 12.9360899], [77.515099, 12.9360598], [77.5142394, 12.9360102], [77.5138383, 12.9359304], [77.5135063, 12.9358029], [77.512825, 12.9355454]], [[77.512825, 12.9355454], [77.5124194, 12.935405], [77.5115524, 12.9351281], [77.5110468, 12.934922], [77.5107598, 12.9346992], [77.5105363, 12.9344608], [77.5087501, 12.9328269], [77.5085803, 12.9326653], [77.5084517, 12.9325419], [77.5068417, 12.9314486], [77.5065682, 12.9312394], [77.5064287, 12.9310983], [77.50618, 12.9306292], [77.5060051, 12.9302992], [77.5057921, 12.9299725], [77.5055432, 12.9297291], [77.5052986, 12.9295768], [77.505068, 12.9294623], [77.5042975, 12.9292088], [77.5040245, 12.929119], [77.5039146, 12.9290597], [77.5034353, 12.9286462], [77.5030169, 12.9281756], [77.5025341, 12.9277312], [77.5009374, 12.9265292], [77.5002864, 12.9260424], [77.4992082, 12.9250594]], [[77.4992082, 12.9250594], [77.4983713, 12.9242399], [77.4980924, 12.9239667], [77.4975874, 12.92346], [77.4972909, 12.9232522], [77.496839, 12.9230443], [77.4960835, 12.9227353], [77.4944424, 12.9218914], [77.4939167, 12.9215568], [77.4936949, 12.9213628], [77.4935286, 12.9211223], [77.4934017, 12.9209189], [77.4928438, 12.9202183], [77.4925756, 12.9199621], [77.4920534, 12.9195589], [77.4915169, 12.9189942], [77.4912563, 12.918592], [77.490686, 12.9174184], [77.4904548, 12.9169158], [77.4901348, 12.9165478], [77.489703, 12.9162052], [77.489274, 12.9158176], [77.4890965, 12.91565], [77.488822, 12.915393], [77.4883209, 12.9150235], [77.4878613, 12.9146648], [77.487301, 12.9142275], [77.4863108, 12.913508], [77.485942, 12.9132335], [77.4855423, 12.9129277], [77.4853752, 12.9127687], [77.4852492, 12.9125922], [77.4850722, 12.9122301], [77.4849447, 12.9117663], [77.4847791, 12.9112209], [77.4847578, 12.9111538], [77.4847203, 12.911055], [77.4846743, 12.9109596], [77.4846201, 12.9108685], [77.484558, 12.9107822], [77.4844887, 12.9107014], [77.4844125, 12.9106266], [77.48433, 12.9105585], [77.4842419, 12.9104975], [77.4841514, 12.9104454], [77.4840568, 12.9104009], [77.4839587, 12.9103642], [77.4838578, 12.9103355], [77.4837549, 12.9103151], [77.4836505, 12.9103032], [77.4835455, 12.9102997], [77.4834406, 12.9103047], [77.4833364, 12.9103182]], [[77.4833364, 12.9103182], [77.4826619, 12.9103397], [77.4825087, 12.9103333], [77.4824726, 12.9103301], [77.4823561, 12.9103196], [77.4822043, 12.9102985], [77.4820538, 12.9102701], [77.4819048, 12.9102345], [77.4817579, 12.9101918], [77.4816133, 12.9101421], [77.4814644, 12.9100825], [77.4813188, 12.9100155], [77.4811769, 12.9099411], [77.4810392, 12.9098598], [77.480906, 12.9097715], [77.4807777, 12.9096767], [77.4806546, 12.9095755], [77.480538, 12.9094887], [77.4804171, 12.9094134], [77.4802192, 12.9092929], [77.480085, 12.9092287], [77.4799941, 12.9091915], [77.4789912, 12.9088108], [77.4788066, 12.9087528], [77.4786989, 12.9087271], [77.4782172, 12.9086465], [77.4780529, 12.9086177], [77.4778906, 12.9085796], [77.4777308, 12.9085324], [77.4775925, 12.9084834], [77.4774569, 12.9084276], [77.4773244, 12.908365], [77.4765871, 12.9078971], [77.4759815, 12.9075723], [77.4758223, 12.9074713], [77.4757168, 12.9074198], [77.4756449, 12.9073791], [77.475485, 12.9073125], [77.47535, 12.9072512], [77.4748905, 12.9071541], [77.4739485, 12.906955], [77.473819, 12.9069053], [77.4736922, 12.9068495], [77.4735684, 12.9067876], [77.4734576, 12.9067256], [77.4733498, 12.9066587], [77.4732453, 12.9065872]], [[77.4732453, 12.9065872], [77.4719986, 12.9055984], [77.4712438, 12.9050568], [77.4709934, 12.904846], [77.4708057, 12.9046297], [77.4706463, 12.9043691], [77.4699844, 12.9032765], [77.4695975, 12.9026627], [77.4691442, 12.9021746], [77.4688749, 12.9019787], [77.4663316, 12.9006051], [77.4655545, 12.9001351], [77.4647337, 12.8995756], [77.4630087, 12.8984882], [77.4621519, 12.8979418], [77.4617361, 12.8976766], [77.4612476, 12.897289], [77.4610021, 12.8970943], [77.4606635, 12.8967793]]]}}, {"type": "Feature", "properties": {"id": "relation/1798772", "name": "Green Line (Silk Institute -> Madavara)", "line": "Green Line (Silk Institute -> Madavara)", "colour": "#009933", "source": "OpenStreetMap", "kind": "metro_line"}, "geometry": {"type": "MultiLineString", "coordinates": [[[77.5349726, 12.8670801], [77.5342028, 12.8660725], [77.5329858, 12.86452], [77.5328249, 12.8643442], [77.5324592, 12.8639986], [77.5320502, 12.8636562], [77.5314042, 12.8632224], [77.530782, 12.8628075], [77.5304644, 12.8625697], [77.5302337, 12.8622294], [77.5299083, 12.8616919], [77.5297796, 12.8614541], [77.529439, 12.8608811], [77.5292783, 12.8606096], [77.5292129, 12.8605063], [77.5291687, 12.8604364], [77.5290782, 12.8602847], [77.5279612, 12.8584399], [77.5276455, 12.8580226]], [[77.5455484, 12.8794332], [77.544745, 12.8775389], [77.5443724, 12.8766467], [77.5441355, 12.8761796], [77.5438829, 12.8758573], [77.5436239, 12.8755869], [77.5433762, 12.8753726], [77.5428899, 12.87509], [77.5423292, 12.8748596], [77.5412452, 12.8743595], [77.5409512, 12.8741849], [77.5406556, 12.8739925], [77.5403027, 12.8737045], [77.5400375, 12.8734447], [77.5397813, 12.8731745], [77.5388458, 12.8720205], [77.5383625, 12.8714243], [77.5378154, 12.8707415], [77.5366932, 12.8693333], [77.5365505, 12.8691536], [77.5349726, 12.8670801]], [[77.5568522, 12.8859513], [77.55622, 12.8857738], [77.5559741, 12.8857011], [77.5549066, 12.8853251], [77.5540649, 12.8850632], [77.5528945, 12.8847268], [77.552751, 12.8846862], [77.5511008, 12.8841925], [77.5503421, 12.8839638], [77.5495864, 12.8837618], [77.5480706, 12.8833904], [77.5477258, 12.8832908], [77.5474312, 12.8831497], [77.5471932, 12.8830179], [77.5470635, 12.8829135], [77.5469621, 12.8827822], [77.5467672, 12.8824172], [77.546472, 12.8817117], [77.5455484, 12.8794332]], [[77.5635756, 12.8897696], [77.563453, 12.88968], [77.5626569, 12.8889872], [77.5617694, 12.8882147], [77.5614885, 12.8879918], [77.5611925, 12.8877897], [77.5603788, 12.88719], [77.5599148, 12.8869721], [77.5592685, 12.8867306], [77.5590458, 12.886653], [77.5579607, 12.8863237], [77.5577176, 12.8862546], [77.5568522, 12.8859513]], [[77.5661016, 12.8920248], [77.5655425, 12.8915315], [77.5644985, 12.8906079], [77.5644175, 12.8905334], [77.56399, 12.8901336], [77.5635756, 12.8897696]], [[77.5700982, 12.8960662], [77.5695014, 12.8953963], [77.5691826, 12.8950328], [77.5689049, 12.8947313], [77.568739, 12.8945512], [77.5684836, 12.8942948], [77.5681834, 12.8939934], [77.5674511, 12.8932593], [77.5666881, 12.8925495], [77.5661016, 12.8920248]], [[77.5731076, 12.907476], [77.5731942, 12.9066391], [77.5732567, 12.9062153], [77.5732777, 12.9059583], [77.5733039, 12.9057687], [77.573324, 12.905547], [77.5733281, 12.9053065], [77.5733013, 12.9049074], [77.5732431, 12.9043354], [77.5732129, 12.9040672], [77.5731913, 12.9038476], [77.5731964, 12.9036239], [77.5732242, 12.9034761], [77.5733968, 12.9023713], [77.5734285, 12.9020662], [77.5734206, 12.901783], [77.5733877, 12.9015041], [77.5733132, 12.9011852], [77.5730606, 12.900289], [77.5730001, 12.9000953], [77.5728764, 12.8996998], [77.5728266, 12.8996243], [77.5727109, 12.8993729], [77.5725098, 12.8990196], [77.5716123, 12.8977831], [77.5713357, 12.8974456], [77.5712031, 12.8972838], [77.5707838, 12.8968182], [77.5700982, 12.8960662]], [[77.5735786, 12.9152242], [77.5734907, 12.9147163], [77.573425, 12.9143028], [77.573355, 12.9139574], [77.5731529, 12.913153], [77.5730017, 12.9126873], [77.5729497, 12.9124092], [77.5728905, 12.9120289], [77.5728481, 12.9116775], [77.572843, 12.9114356], [77.572861, 12.911005], [77.572921, 12.9089528], [77.5729608, 12.9084528], [77.5730009, 12.9081508], [77.5731076, 12.907476]], [[77.580239, 12.9219936], [77.5802534, 12.9208536], [77.580258, 12.9203732], [77.5802622, 12.9199257], [77.5802809, 12.918443], [77.5802768, 12.9183085], [77.5802655, 12.9181716], [77.5802471, 12.9180814], [77.5802211, 12.9179771], [77.5801789, 12.9178535], [77.580145, 12.9177842], [77.5800991, 12.9177049], [77.5800359, 12.9176132], [77.5799706, 12.9175415], [77.5798978, 12.9174707], [77.5798167, 12.9174029], [77.579714, 12.9173397], [77.579619, 12.9172933], [77.5795407, 12.9172595], [77.5794152, 12.917224], [77.5792865, 12.9172025], [77.5791361, 12.9171844], [77.5790067, 12.9171768], [77.5788562, 12.917173], [77.5786797, 12.9171791], [77.5785092, 12.9172002], [77.5783468, 12.9172317], [77.5781816, 12.9172743], [77.5780315, 12.9173179], [77.5778226, 12.9174023], [77.5776465, 12.9174738], [77.5774406, 12.9175473], [77.5772682, 12.9175981], [77.5770881, 12.9176285], [77.5768953, 12.9176335], [77.57545, 12.9176614], [77.5750984, 12.917667], [77.5749239, 12.9176675], [77.5747769, 12.9176469], [77.5746072, 12.9176025], [77.5744747, 12.9175564], [77.5742407, 12.9174208], [77.5740862, 12.9172966], [77.5739348, 12.9171061], [77.5738422, 12.9169112], [77.5737887, 12.916734], [77.5735786, 12.9152242]], [[77.580123, 12.9295065], [77.5801845, 12.9271516], [77.5801911, 12.9263728], [77.5802034, 12.924913], [77.5802113, 12.9243613], [77.5802245, 12.9234454], [77.5802388, 12.9221295], [77.580239, 12.9219936]], [[77.5800349, 12.9382617], [77.5800519, 12.9359693], [77.5800679, 12.9331216], [77.5801145, 12.9303034], [77.580123, 12.9295065]], [[77.5799954, 12.9465339], [77.5800029, 12.9436046], [77.5800146, 12.9424055], [77.5800124, 12.9401622], [77.5800249, 12.9396162], [77.5800349, 12.9382617]], [[77.5736697, 12.9505263], [77.573682, 12.9494784], [77.5737034, 12.9493497], [77.5737394, 12.9491926], [77.5738056, 12.9490352], [77.5739095, 12.9488596], [77.5739893, 12.9487534], [77.5741048, 12.9486504], [77.5742193, 12.9485691], [77.5743433, 12.9485063], [77.5745464, 12.9484359], [77.5748232, 12.9483849], [77.5751762, 12.948341], [77.5754527, 12.9483139], [77.5757248, 12.9482868], [77.5760156, 12.9482635], [77.5763642, 12.9482449], [77.5789727, 12.9482654], [77.5791613, 12.948229], [77.5793679, 12.9481519], [77.5795852, 12.9480153], [77.5797395, 12.9478707], [77.5798441, 12.9477061], [77.5799135, 12.9475749], [77.5799445, 12.947461], [77.5799729, 12.9473129], [77.5799811, 12.9470624], [77.5799954, 12.9465339]], [[77.5736269, 12.9559424], [77.5736533, 12.9535219], [77.5736525, 12.9528067], [77.5736516, 12.9520728], [77.5736697, 12.9505263]], [[77.5746404, 12.960896], [77.5744411, 12.9596791], [77.5741875, 12.9589753], [77.5740919, 12.9586479], [77.5736915, 12.9575528], [77.5736458, 12.9574278], [77.5735929, 12.9572075], [77.5735716, 12.9569798], [77.5735755, 12.956753], [77.5736269, 12.9559424]], [[77.5745314, 12.9669249], [77.5744965, 12.9656803], [77.5745637, 12.965027], [77.5746969, 12.9645179], [77.5748073, 12.9641222], [77.5748479, 12.9638914], [77.5748758, 12.9636285], [77.5748889, 12.9633717], [77.574848, 12.9623062], [77.5746404, 12.960896]], [[77.5728675, 12.9759557], [77.5728362, 12.9739887], [77.572863, 12.973619], [77.572966, 12.9733038], [77.574565, 12.9696892], [77.5746584, 12.9692943], [77.5746522, 12.9690112], [77.5745467, 12.9674726], [77.5745314, 12.9669249]], [[77.5719286, 12.9870435], [77.5719804, 12.985722], [77.5719198, 12.9835008], [77.5718723, 12.9817925], [77.5718808, 12.9814936], [77.5719113, 12.9804185], [77.5719366, 12.9803127], [77.5719987, 12.9801257], [77.5720722, 12.9800028], [77.5722095, 12.979757], [77.5726049, 12.9789913], [77.5726933, 12.9788053], [77.5727682, 12.9784921], [77.5727665, 12.9779567], [77.5728693, 12.9768266], [77.5728675, 12.9759557]], [[77.5718612, 12.988324], [77.571893, 12.9877738], [77.571907, 12.987532], [77.5719286, 12.9870435]], [[77.5706929, 12.9904282], [77.5710307, 12.9899678], [77.5713265, 12.9895809], [77.5715698, 12.9892051], [77.5717311, 12.9888445], [77.571799, 12.9886144], [77.5718612, 12.988324]], [[77.5706929, 12.9904282], [77.5698224, 12.9916413], [77.5695702, 12.9919928], [77.569016, 12.9927535], [77.5684697, 12.9936033], [77.5677037, 12.9946858], [77.5668326, 12.9959165], [77.5666128, 12.9961518], [77.5664602, 12.9962488], [77.5662729, 12.9963312], [77.5661165, 12.9963717], [77.565958, 12.9963972], [77.5658378, 12.9963943], [77.565721, 12.9963842], [77.5656097, 12.9963696], [77.5654983, 12.9963501], [77.564924, 12.9962436], [77.5648653, 12.9962338], [77.5648039, 12.996229], [77.5647401, 12.9962295], [77.5646787, 12.9962355], [77.5645564, 12.9962489], [77.5644341, 12.9962655], [77.5643161, 12.9962847], [77.5641984, 12.9963069], [77.5639029, 12.996372], [77.5632993, 12.9964948]], [[77.5568746, 12.9984697], [77.5573949, 12.9983631], [77.5578664, 12.9982312], [77.5580134, 12.9981787], [77.5582913, 12.9980827], [77.5586179, 12.9979829], [77.5588265, 12.9979053], [77.5597716, 12.9975536], [77.5600538, 12.9974486], [77.5601011, 12.997431], [77.5603557, 12.9973061], [77.560491, 12.9972417], [77.5605338, 12.9972213], [77.5605839, 12.9971974], [77.5608255, 12.9970825], [77.5612529, 12.9968791], [77.5613793, 12.9968257], [77.5615079, 12.9967713], [77.5615853, 12.9967427], [77.5617957, 12.9966846], [77.561949, 12.9966597], [77.5622695, 12.9966216], [77.5632993, 12.9964948]], [[77.5496166, 13.0005232], [77.5499063, 12.998868], [77.5499885, 12.9985131], [77.5501042, 12.9982713], [77.550291, 12.9980759], [77.5504835, 12.9979306], [77.550724, 12.9978291], [77.5509707, 12.9977641], [77.551219, 12.9977618], [77.551525, 12.9978128], [77.5521786, 12.9979765], [77.5530735, 12.9982149], [77.5554252, 12.9986586], [77.5558951, 12.9986475], [77.5562821, 12.9985959], [77.5568746, 12.9984697]], [[77.5487834, 13.0080774], [77.5487742, 13.008017], [77.5487458, 13.0078314], [77.5486772, 13.0073828], [77.5486356, 13.007029], [77.5486354, 13.0066782], [77.5486726, 13.0061888], [77.548786, 13.0056562], [77.5488855, 13.0050354], [77.549318, 13.0025387], [77.5494289, 13.0017902], [77.5496166, 13.0005232]], [[77.5539915, 13.0147178], [77.5540473, 13.01386], [77.5540452, 13.0137652], [77.5540379, 13.0136706], [77.5540249, 13.0135744], [77.5540064, 13.0134791], [77.553974, 13.0133898], [77.5538951, 13.0132485], [77.5537332, 13.0130746], [77.5535729, 13.0128999], [77.5534018, 13.0127758], [77.5531108, 13.0126195], [77.5523559, 13.012208], [77.5505966, 13.0112384], [77.550424, 13.01114], [77.5503229, 13.0110845], [77.5501246, 13.0109595], [77.5500206, 13.0108812], [77.5499341, 13.0108102], [77.5498385, 13.0107285], [77.5497379, 13.0106221], [77.5496361, 13.0105148], [77.5495449, 13.0104075], [77.5494364, 13.010262], [77.5493548, 13.0101362], [77.5492727, 13.010009], [77.5491877, 13.0098431], [77.549106, 13.0096621], [77.5490567, 13.0095354], [77.548977, 13.0092803], [77.5489144, 13.0089404], [77.5487834, 13.0080774]], [[77.5538212, 13.0164221], [77.5538646, 13.016001], [77.5539359, 13.0155717], [77.5539915, 13.0147178]], [[77.5538212, 13.0164221], [77.5537946, 13.016635], [77.5537593, 13.0168162], [77.5536515, 13.0172278], [77.5533602, 13.0182884], [77.5531584, 13.0191069], [77.5530947, 13.0193244], [77.5530333, 13.0194632], [77.5526834, 13.020135], [77.5522394, 13.0209847], [77.5519638, 13.0214864], [77.5517426, 13.0218423], [77.5516508, 13.0219851], [77.5515537, 13.0220931], [77.5514347, 13.0222195], [77.5512561, 13.0223689], [77.5511295, 13.0224627], [77.5509692, 13.0225645], [77.5497052, 13.0232981]], [[77.5497052, 13.0232981], [77.5484213, 13.0240342], [77.5480444, 13.0242502], [77.5472973, 13.0246844], [77.5464536, 13.0251476], [77.5438186, 13.0266707], [77.5436384, 13.0267681], [77.5435285, 13.0268336], [77.5433472, 13.0269586], [77.5431767, 13.0270655], [77.5424486, 13.0274783], [77.5416236, 13.027948], [77.5404372, 13.028613]], [[77.5404372, 13.028613], [77.5401865, 13.0287531], [77.5387127, 13.0295646], [77.5378173, 13.030084], [77.5365756, 13.0308784], [77.5354031, 13.0316757], [77.5331801, 13.0329814]], [[77.5331801, 13.0329814], [77.5309624, 13.0342751], [77.5305909, 13.0344526], [77.5300641, 13.0346863], [77.5297884, 13.0347828], [77.5283536, 13.0351655], [77.5272283, 13.0354574], [77.5269572, 13.035543], [77.5265808, 13.0356901], [77.5262264, 13.0358697], [77.5254867, 13.0362716]], [[77.5254867, 13.0362716], [77.5249635, 13.0365953], [77.5245629, 13.0368135], [77.5232156, 13.0375474]], [[77.5232156, 13.0375474], [77.5206012, 13.0389638], [77.5197223, 13.0393735]], [[77.5197223, 13.0393735], [77.5184913, 13.0400359], [77.5183668, 13.0401276], [77.5164823, 13.0418398], [77.5161933, 13.0419772], [77.5125345, 13.0432196]], [[77.5125345, 13.0432196], [77.5113446, 13.0436394], [77.5109106, 13.0438356], [77.5088219, 13.0449141], [77.5082155, 13.0452307], [77.5051339, 13.0461228], [77.5028722, 13.0469353], [77.5017632, 13.0473337], [77.5012499, 13.0475284], [77.5001342, 13.0479383]], [[77.5001342, 13.0479383], [77.4995448, 13.0481601], [77.4992977, 13.0482536], [77.4983257, 13.0486216], [77.4979193, 13.0487754], [77.4954053, 13.0497029]], [[77.4954053, 13.0497029], [77.4944407, 13.0500685], [77.4941333, 13.050185], [77.4932451, 13.0504879], [77.4923976, 13.0507092], [77.4914983, 13.0510274], [77.4897513, 13.0516589], [77.4891773, 13.0518845], [77.4879101, 13.0523412], [77.4849319, 13.0534146], [77.4837157, 13.0538599], [77.4821314, 13.0544297], [77.4812655, 13.0547459], [77.4792951, 13.055537], [77.4774152, 13.0563084], [77.4754639, 13.0567696], [77.47461, 13.0569763], [77.4739686, 13.0571315], [77.4728018, 13.0574004], [77.4721715, 13.0575456], [77.4713966, 13.0577388], [77.4707097, 13.0579101], [77.4695571, 13.0582256]]]}}, {"type": "Feature", "properties": {"id": "relation/7841331", "name": "Purple Line (Challaghatta \u2192 Whitefield (Kadugodi))", "line": "Purple Line (Challaghatta \u2192 Whitefield (Kadugodi))", "colour": "#e542de", "source": "OpenStreetMap", "kind": "metro_line"}, "geometry": {"type": "MultiLineString", "coordinates": [[[77.460634, 12.896812], [77.4609694, 12.8971334], [77.4612175, 12.8973303], [77.4617055, 12.8977174], [77.4625151, 12.8982337], [77.4629805, 12.8985305], [77.4647048, 12.8996174], [77.4651135, 12.899896], [77.465526, 12.9001772], [77.4663054, 12.9006486], [77.4688468, 12.9020211], [77.4691092, 12.9022121], [77.4695559, 12.9026931], [77.4699401, 12.9033025], [77.4706018, 12.9043948], [77.4707634, 12.9046591], [77.4709565, 12.9048816], [77.4712115, 12.9050962], [77.471968, 12.9056391], [77.4732291, 12.9066194]], [[77.4833399, 12.9103595], [77.4826631, 12.9103805], [77.482506, 12.9103723], [77.4823496, 12.9103566], [77.4821941, 12.9103335], [77.48204, 12.9103029], [77.4818876, 12.9102651], [77.4817373, 12.91022], [77.4817052, 12.9102087], [77.4815894, 12.9101677], [77.4814423, 12.9101076], [77.4812983, 12.9100403], [77.481158, 12.9099662], [77.4810217, 12.9098854], [77.4808896, 12.9097981], [77.4807622, 12.9097044], [77.4806397, 12.9096047], [77.4805216, 12.9095268], [77.4803977, 12.9094478], [77.4802061, 12.909323], [77.4800841, 12.9092721], [77.4799834, 12.9092283], [77.4789825, 12.9088506], [77.4787942, 12.9087884], [77.4786915, 12.9087634], [77.4781997, 12.9086779], [77.4780406, 12.9086483], [77.4778832, 12.908611], [77.4777278, 12.9085661], [77.4775895, 12.9085191], [77.4774535, 12.9084662], [77.4773201, 12.9084073], [77.4765748, 12.9079284], [77.4759587, 12.9076016], [77.4758044, 12.9075015], [77.4757056, 12.9074541], [77.4756258, 12.9074144], [77.4754764, 12.9073515], [77.4753426, 12.9072907], [77.4745679, 12.9071236], [77.4739408, 12.9069884], [77.4738078, 12.9069348], [77.4736772, 12.9068758], [77.4735492, 12.9068115], [77.4734401, 12.9067513], [77.4733334, 12.9066872], [77.4732291, 12.9066194]], [[77.4991763, 12.9250915], [77.4987488, 12.9246692], [77.4983378, 12.9242632], [77.4980608, 12.9239991], [77.4975582, 12.9234946], [77.4972671, 12.9232907], [77.496819, 12.9230846], [77.4960621, 12.9227749], [77.4944187, 12.9219297], [77.4938887, 12.9215924], [77.49366, 12.9213924], [77.49349, 12.9211464], [77.4933639, 12.9209443], [77.4928095, 12.9202481], [77.4925452, 12.9199957], [77.4920221, 12.9195918], [77.4914787, 12.9190198], [77.491216, 12.9186134], [77.4907425, 12.9176773], [77.4906483, 12.9174441], [77.4904207, 12.9169458], [77.4901057, 12.9165826], [77.4896789, 12.9162433], [77.4892497, 12.9158556], [77.4890707, 12.915687], [77.4887888, 12.9154251], [77.488285, 12.9150516], [77.4878484, 12.914711], [77.4872675, 12.914258], [77.486277, 12.9135383], [77.4859107, 12.9132664], [77.485513, 12.9129621], [77.4853395, 12.9127978], [77.4852081, 12.9126123], [77.4850288, 12.9122448], [77.4847137, 12.9111663], [77.4846791, 12.9110745], [77.4846368, 12.9109858], [77.4845872, 12.9109007], [77.4845306, 12.91082], [77.4844674, 12.910744], [77.484398, 12.9106733], [77.4843228, 12.9106085], [77.4842425, 12.9105499], [77.4841575, 12.9104979], [77.4840683, 12.9104529], [77.4839699, 12.9104132], [77.4838682, 12.9103819], [77.4837642, 12.9103594], [77.4836585, 12.9103459], [77.4835521, 12.9103413], [77.4834456, 12.9103459], [77.4833399, 12.9103595]], [[77.5110398, 12.9349649], [77.5107382, 12.9347392], [77.5105056, 12.9344992], [77.5087123, 12.932872], [77.5085497, 12.9327169], [77.5084247, 12.9326062], [77.5068146, 12.9314847], [77.5065374, 12.9312727], [77.506391, 12.9311246], [77.5059653, 12.9303215], [77.5057561, 12.9300006], [77.5055143, 12.9297641], [77.5052758, 12.9296157], [77.5050502, 12.9295036], [77.5042828, 12.9292512], [77.5040059, 12.9291601], [77.503888, 12.9290964], [77.5034026, 12.9286777], [77.5029837, 12.9282066], [77.5025043, 12.9277652], [77.5009094, 12.9265646], [77.5002567, 12.9260766], [77.4991763, 12.9250915]], [[77.5128163, 12.9355937], [77.5124016, 12.9354476], [77.5122188, 12.9353832], [77.511542, 12.9351752], [77.5110398, 12.9349649]], [[77.5196587, 12.9366736], [77.5190171, 12.9364241], [77.5188813, 12.936385], [77.5186927, 12.936339], [77.5185418, 12.9363216], [77.5183616, 12.9363131], [77.5181158, 12.9363322], [77.5178513, 12.9363346], [77.5176577, 12.9363331], [77.5174511, 12.9363374], [77.5172445, 12.9363353], [77.5170103, 12.936325], [77.5167767, 12.9363063], [77.516544, 12.9362794], [77.515516, 12.9361369], [77.5150993, 12.9361009], [77.5142366, 12.9360585], [77.5138289, 12.9359827], [77.5134497, 12.9358418], [77.5130308, 12.9356769], [77.5128163, 12.9355937]], [[77.5251045, 12.9416831], [77.524823, 12.9412056], [77.5246681, 12.9409557], [77.5240609, 12.9401126], [77.5234598, 12.9394552], [77.5229474, 12.938983], [77.5228288, 12.9389076], [77.5221588, 12.9384576], [77.5217343, 12.9381874], [77.5214322, 12.9379169], [77.5211405, 12.9375775], [77.5208804, 12.9372421], [77.5205595, 12.936994], [77.5196587, 12.9366736]], [[77.5263166, 12.9434382], [77.5257048, 12.9426113], [77.5253385, 12.9420543], [77.5251045, 12.9416831]], [[77.5287322, 12.9460129], [77.5283151, 12.9457135], [77.5282205, 12.945633], [77.5277277, 12.9452141], [77.5275067, 12.9450051], [77.5272906, 12.9448089], [77.5269656, 12.944431], [77.5266537, 12.9440484], [77.5263166, 12.9434382]], [[77.5300705, 12.9467026], [77.529247, 12.9463302], [77.5287322, 12.9460129]], [[77.5369961, 12.9520333], [77.5371591, 12.9515443], [77.5373042, 12.9511751], [77.5373358, 12.9510371], [77.5373464, 12.9508572], [77.5373392, 12.950638], [77.5372982, 12.9504646], [77.5372563, 12.9503065], [77.5371011, 12.9500204], [77.536924, 12.9498022], [77.5363293, 12.9492213], [77.5360126, 12.9489701], [77.5349587, 12.9483217], [77.5348031, 12.9482374], [77.5346123, 12.9481547], [77.5342717, 12.9480453], [77.5326522, 12.947608], [77.5308855, 12.9470597], [77.5300705, 12.9467026]], [[77.5335505, 12.9618745], [77.5333168, 12.961236], [77.5331494, 12.9608228], [77.5330915, 12.9605924], [77.5330489, 12.9603644], [77.5330454, 12.9601536], [77.5330831, 12.959939], [77.5331853, 12.9596316], [77.5333584, 12.9591891], [77.5337267, 12.9583184], [77.5338671, 12.958037], [77.5340856, 12.9575681], [77.5343019, 12.9570023], [77.5343773, 12.9567115], [77.5344891, 12.9562186], [77.5346192, 12.955708], [77.5347102, 12.955391], [77.5348087, 12.9551762], [77.5349326, 12.9549853], [77.5363766, 12.9535194], [77.5365504, 12.9533141], [77.5366034, 12.953236], [77.5366583, 12.9531345], [77.5369961, 12.9520333]], [[77.5335505, 12.9618745], [77.535332, 12.9658618], [77.53591, 12.9670198], [77.5361759, 12.9675982], [77.5364162, 12.9681899], [77.5366724, 12.9688774], [77.5369304, 12.9696336], [77.5369437, 12.9696725], [77.5373851, 12.9709537]], [[77.5373851, 12.9709537], [77.5376455, 12.9716495], [77.5376878, 12.9717893], [77.5377821, 12.972018], [77.5378733, 12.9722043], [77.5379876, 12.9723908], [77.5381731, 12.9726211], [77.5383439, 12.9727902], [77.5385737, 12.9729692], [77.5388828, 12.9731394], [77.5393938, 12.973282], [77.5418133, 12.9737878], [77.5433831, 12.9741022], [77.5440685, 12.9741802], [77.544553, 12.9742202], [77.5456182, 12.9742184]], [[77.5456182, 12.9742184], [77.5466353, 12.9742172], [77.5468158, 12.9742202], [77.5470987, 12.9742512], [77.5473489, 12.9743092], [77.5475525, 12.9743611], [77.5477263, 12.9744125], [77.5478674, 12.9744523], [77.5480739, 12.9745072], [77.54826, 12.9745391], [77.548387, 12.9745447], [77.5485498, 12.9745321], [77.5487414, 12.9744917], [77.5489113, 12.9744589], [77.5490682, 12.9743736], [77.5493017, 12.9742452], [77.5496005, 12.9740567], [77.5497914, 12.9739299], [77.5499108, 12.9738746], [77.5500564, 12.9738342], [77.5502166, 12.9738007], [77.5503868, 12.9737985], [77.5505434, 12.9738175], [77.5507215, 12.9738645], [77.5509197, 12.9739765], [77.551389, 12.9743387], [77.5521852, 12.974957], [77.552386, 12.9751026], [77.5525507, 12.9752105], [77.5527413, 12.9753325], [77.5529575, 12.975434], [77.5531425, 12.9755038], [77.5533673, 12.9755492], [77.5535305, 12.9755732], [77.5538147, 12.9756017], [77.554243, 12.9756136], [77.5546466, 12.9756234], [77.5549424, 12.9756388], [77.5553548, 12.9756527]], [[77.5553548, 12.9756527], [77.5556381, 12.9756623], [77.555911, 12.9756652], [77.5562052, 12.9756704], [77.5564954, 12.9756832], [77.5568718, 12.9756981], [77.5572107, 12.9757229], [77.5575493, 12.9757426], [77.5577541, 12.9757517], [77.5581788, 12.975783], [77.5585348, 12.9758052], [77.5589281, 12.9758249], [77.5591939, 12.9758223], [77.5596727, 12.9758132], [77.5600612, 12.9758093], [77.5603797, 12.975791], [77.5606303, 12.9757647], [77.561128, 12.9757439], [77.5617331, 12.9757124], [77.5623217, 12.9756472], [77.5626735, 12.9756384], [77.5629631, 12.9756545], [77.5634091, 12.9756847]], [[77.5653744, 12.9759026], [77.5651548, 12.9758761], [77.5634091, 12.9756847]], [[77.5730887, 12.9757512], [77.5712858, 12.9758915], [77.5702937, 12.9759459], [77.5691219, 12.9760245], [77.5669061, 12.9760221], [77.5667157, 12.9760126], [77.5659333, 12.9759496], [77.5653744, 12.9759026]], [[77.584209, 12.9745398], [77.5828632, 12.9737686], [77.5823401, 12.9734651], [77.5819595, 12.973249], [77.581733, 12.9731517], [77.5815382, 12.9730561], [77.5813626, 12.9730231], [77.5811561, 12.9730253], [77.5808943, 12.9731044], [77.5804072, 12.9733469], [77.5781242, 12.9743593], [77.5761364, 12.9751752], [77.5757227, 12.9752869], [77.5752676, 12.9753889], [77.574621, 12.9755395], [77.5741251, 12.9756654], [77.5730887, 12.9757512]], [[77.591831, 12.978996], [77.5909988, 12.9780828], [77.5906011, 12.9776646], [77.5902888, 12.9775063], [77.5878688, 12.9762299], [77.5872113, 12.9759516], [77.585162, 12.9750828], [77.5849634, 12.9749873], [77.584209, 12.9745398]], [[77.5975758, 12.9809794], [77.596332, 12.981389], [77.5959891, 12.9814875], [77.5957175, 12.981555], [77.5955351, 12.9815865], [77.5954526, 12.9815995], [77.5951747, 12.9816319], [77.5948625, 12.9816238], [77.5946898, 12.9815779], [77.5945354, 12.9815248], [77.5940859, 12.981267], [77.5937326, 12.9810182], [77.5932144, 12.9806118], [77.591831, 12.978996]], [[77.600984, 12.9788371], [77.6008378, 12.9791192], [77.6007217, 12.979298], [77.6005932, 12.9794622], [77.600465, 12.9796346], [77.600361, 12.9797674], [77.6002568, 12.9798779], [77.6001007, 12.980013], [77.5999443, 12.9801094], [77.599765, 12.9801791], [77.5986437, 12.9806139], [77.5984238, 12.9806892], [77.5975758, 12.9809794]], [[77.6015865, 12.9772398], [77.6014357, 12.9775886], [77.600984, 12.9788371]], [[77.6072648, 12.9754288], [77.6056655, 12.9758263], [77.6050317, 12.9759788], [77.6048224, 12.9760274], [77.6034255, 12.9763519], [77.6026151, 12.9765402], [77.6023753, 12.9766042], [77.602176, 12.9766914], [77.6019305, 12.9768328], [77.6017655, 12.9769717], [77.6015865, 12.9772398]], [[77.6170235, 12.9730388], [77.6127543, 12.9740171], [77.6123836, 12.9741194], [77.6119198, 12.9742446], [77.6115833, 12.9743258], [77.6113011, 12.9743903], [77.6092619, 12.9748748], [77.6088698, 12.9749744], [77.6085133, 12.9750879], [77.6082539, 12.9751863], [77.6079936, 12.9752551], [77.6072648, 12.9754288]], [[77.626667, 12.9765165], [77.6263726, 12.9761082], [77.6261745, 12.9758559], [77.6260168, 12.9756332], [77.625849, 12.9754521], [77.6252621, 12.9750438], [77.6249241, 12.974819], [77.6224822, 12.973343], [77.6220353, 12.9731346], [77.6216994, 12.9730036], [77.6213137, 12.9728783], [77.6208415, 12.9727635], [77.6205843, 12.9727327], [77.6202515, 12.9727072], [77.619989, 12.9726881], [77.6195888, 12.9726672], [77.6191254, 12.9726407], [77.6188313, 12.9726605], [77.618685, 12.9726712], [77.6186106, 12.9726821], [77.6184159, 12.9727192], [77.6170235, 12.9730388]], [[77.638658, 12.9783526], [77.6377518, 12.978324], [77.6329398, 12.9781719], [77.6326516, 12.9781784], [77.6294414, 12.9784732], [77.6291722, 12.978499], [77.6289717, 12.9784707], [77.6287916, 12.9784045], [77.6285923, 12.9782864], [77.6283522, 12.9781588], [77.6280598, 12.9779767], [77.627733, 12.9777887], [77.6274552, 12.9775754], [77.627223, 12.9773503], [77.626667, 12.9765165]], [[77.6448902, 12.9859543], [77.643377, 12.9853565], [77.6426391, 12.9850604], [77.6412698, 12.9845111], [77.6410345, 12.984385], [77.6408729, 12.9842202], [77.6407286, 12.9840808], [77.6406301, 12.9838587], [77.6405845, 12.9836867], [77.6405581, 12.9834999], [77.6405717, 12.9829247], [77.6407097, 12.9804932], [77.6407663, 12.9794966], [77.6407582, 12.9793037], [77.6407205, 12.9791133], [77.6405997, 12.9788544], [77.6404717, 12.9787005], [77.6403493, 12.9785927], [77.6401643, 12.9784734], [77.6399692, 12.9784061], [77.6396923, 12.9783744], [77.638658, 12.9783526]], [[77.6455011, 12.9861908], [77.6448902, 12.9859543]], [[77.6511678, 12.9903844], [77.6499573, 12.9900415], [77.6496623, 12.9899627], [77.6495509, 12.989928], [77.6494595, 12.9898962], [77.6493752, 12.9898628], [77.6492924, 12.9898206], [77.6492052, 12.9897668], [77.649134, 12.9897151], [77.649068, 12.989661], [77.6489959, 12.9895984], [77.6489357, 12.9895337], [77.6488777, 12.9894669], [77.6488323, 12.9894038], [77.6487879, 12.9893389], [77.648751, 12.9892809], [77.6487082, 12.9892044], [77.6486653, 12.9891106], [77.6486197, 12.9889987], [77.6485762, 12.9888741], [77.6484881, 12.9885788], [77.6483646, 12.9881495], [77.6483194, 12.9880122], [77.6482841, 12.9879134], [77.6482495, 12.9878265], [77.6482138, 12.9877534], [77.648178, 12.9876919], [77.6481465, 12.9876396], [77.6481047, 12.9875709], [77.6480577, 12.9874987], [77.6480088, 12.9874432], [77.6478251, 12.9872112], [77.6475766, 12.9870472], [77.6473186, 12.986909], [77.6462365, 12.9864979], [77.6455011, 12.9861908]], [[77.6523733, 12.9907136], [77.6511678, 12.9903844]], [[77.6523733, 12.9907136], [77.6530453, 12.9908972], [77.6531458, 12.9909244], [77.653601, 12.9910478], [77.6541107, 12.9911905], [77.6542893, 12.9912474], [77.6544586, 12.9913043], [77.6545659, 12.9913523], [77.6546579, 12.9914014], [77.6547638, 12.9914664], [77.6548546, 12.9915376], [77.6551027, 12.9917685], [77.6553536, 12.9920143], [77.6555124, 12.992163], [77.6557084, 12.9923347], [77.6558344, 12.9924388], [77.6559783, 12.9925398], [77.6560908, 12.992616], [77.6563531, 12.9927871]], [[77.6563531, 12.9927871], [77.6565876, 12.9929327], [77.6568285, 12.9930733], [77.6571272, 12.993241], [77.6580015, 12.9937326], [77.6590867, 12.9943442], [77.6597384, 12.9946868], [77.660333, 12.9949897], [77.6609071, 12.9952786], [77.6611274, 12.9953827], [77.6613161, 12.9954598], [77.6614091, 12.9954875]], [[77.6614091, 12.9954875], [77.6616447, 12.9955508], [77.6617803, 12.9955771], [77.6618958, 12.9955949], [77.6620545, 12.9956106], [77.6622463, 12.9956211], [77.6623762, 12.9956227], [77.6625102, 12.9956184], [77.6626172, 12.9956084], [77.6627417, 12.9955914], [77.6629058, 12.9955583], [77.6633673, 12.9954441], [77.663385, 12.9954405], [77.6634411, 12.9954291], [77.663964, 12.9953364]], [[77.663964, 12.9953364], [77.6640495, 12.9953241], [77.6642375, 12.99531], [77.6644399, 12.9953064], [77.6646347, 12.9953103], [77.6648523, 12.9953216]], [[77.6648523, 12.9953216], [77.6650184, 12.9953362], [77.6651806, 12.9953631], [77.6653465, 12.9953921], [77.665474, 12.9954189], [77.6658784, 12.9955318], [77.6660401, 12.9955805], [77.6663443, 12.9956718], [77.6666214, 12.9957688], [77.6674105, 12.9960687], [77.6679149, 12.9962824], [77.6681713, 12.9963969], [77.6684581, 12.9965359]], [[77.6684581, 12.9965359], [77.6686266, 12.9966141], [77.6687979, 12.9966898], [77.668926, 12.9967511], [77.6690841, 12.9967991], [77.6693102, 12.9968671], [77.6694817, 12.9969163], [77.6696071, 12.9969416], [77.6697321, 12.996966], [77.6698793, 12.9969722], [77.6699702, 12.9969676], [77.6700645, 12.9969709], [77.6701596, 12.9969714], [77.6702593, 12.9969832], [77.670393, 12.9970237], [77.6708689, 12.997245], [77.6713188, 12.9974631], [77.6717867, 12.9976927], [77.6720455, 12.9978145], [77.6722096, 12.9978973], [77.6725314, 12.9980604], [77.6727138, 12.9981415], [77.6732204, 12.9983899], [77.6736042, 12.9985813], [77.6739174, 12.9987339], [77.6742881, 12.9989148], [77.6745284, 12.9990216], [77.6749326, 12.9992261], [77.6752298, 12.9993622], [77.6754455, 12.9994701], [77.6759989, 12.999718], [77.6762005, 12.9998001], [77.6763453, 12.9998382], [77.6765138, 12.9998665], [77.6766441, 12.9998841], [77.6768274, 12.9999015]], [[77.6768274, 12.9999015], [77.6773791, 12.9999223], [77.6779104, 12.9999402], [77.6780719, 12.9999455], [77.6784549, 12.9999486], [77.6793546, 12.9999891], [77.6798924, 13.0000192], [77.6803153, 13.0000667], [77.6806405, 13.0001126], [77.6808512, 13.0001568], [77.6811549, 13.0002346], [77.6813639, 13.0002987], [77.6816012, 13.0003899], [77.6817753, 13.0004253], [77.6818724, 13.0004313], [77.6819659, 13.0004307], [77.682422, 13.0004094], [77.6826001, 13.0004037], [77.6829504, 13.0003991], [77.6838221, 13.0004029], [77.6845537, 13.0003793], [77.685483, 13.0003165], [77.6862099, 13.0002588], [77.6863701, 13.000229], [77.6865713, 13.0001788], [77.6867417, 13.000118], [77.686777, 13.0000985], [77.6868443, 13.0000613], [77.6870249, 12.9999511], [77.6872711, 12.9997908], [77.6876871, 12.9994802], [77.687919, 12.9992691], [77.6881958, 12.9989638], [77.6886581, 12.9984762], [77.6888968, 12.9982544], [77.6895132, 12.9979385], [77.6904002, 12.9974968], [77.6907628, 12.997322], [77.6914996, 12.9969943], [77.6930464, 12.9964536], [77.693731, 12.9962102], [77.6945378, 12.9958643], [77.6947259, 12.9957753], [77.6947518, 12.995761], [77.695248, 12.9955417], [77.6955629, 12.9954552], [77.6958819, 12.9954081], [77.696998, 12.9952721], [77.6979295, 12.9951252], [77.6980934, 12.9950801], [77.6982178, 12.9950285], [77.6988657, 12.9947903], [77.6991853, 12.9946689], [77.7000233, 12.9944014], [77.7006702, 12.9942511], [77.7010022, 12.9941751], [77.7013579, 12.9940937], [77.7016046, 12.9940319]], [[77.7016046, 12.9940319], [77.7021195, 12.9938688], [77.7026724, 12.9937193], [77.7030106, 12.9936302], [77.7036431, 12.9934751], [77.7037284, 12.9934533], [77.7041125, 12.9933397], [77.7042506, 12.9932989], [77.7044853, 12.9932352], [77.7047997, 12.9931466], [77.7052259, 12.9930622], [77.705611, 12.9930263], [77.7060577, 12.9930151], [77.7068933, 12.9929702], [77.7075256, 12.9929442], [77.7085908, 12.9929053], [77.7094219, 12.9928669], [77.7100353, 12.9928592], [77.7103674, 12.9928566], [77.710582, 12.9928539], [77.7108057, 12.9928342], [77.7112489, 12.9927265], [77.7116033, 12.9926502], [77.7121164, 12.9924927], [77.7128063, 12.9922766], [77.7134058, 12.9920085], [77.7135924, 12.9918905], [77.7137121, 12.9917753], [77.7138691, 12.9915007], [77.7139348, 12.9913849], [77.7139658, 12.9910695], [77.7139717, 12.9908394], [77.7139679, 12.9907085], [77.7139522, 12.9905843], [77.713885, 12.9904475], [77.7137685, 12.9902858], [77.7136405, 12.9901754], [77.7133807, 12.9900017], [77.7130648, 12.9898069], [77.7126773, 12.9895784], [77.7124184, 12.9894302], [77.7121665, 12.9892801], [77.7119645, 12.9891538], [77.7117506, 12.9890219], [77.7113424, 12.988786]], [[77.7113424, 12.988786], [77.7109265, 12.9885448], [77.7108162, 12.9884809], [77.7104446, 12.9882592], [77.7100897, 12.988072], [77.7098911, 12.9879673], [77.7097276, 12.9878705], [77.709569, 12.9877467], [77.7092982, 12.9874783], [77.7091943, 12.9873391], [77.7090889, 12.9871941], [77.7090254, 12.9870963], [77.7087066, 12.9865123], [77.7085753, 12.98617], [77.7084391, 12.9858086], [77.7083745, 12.985536], [77.7083086, 12.9852203], [77.7082929, 12.9849377], [77.7082878, 12.9846952], [77.708261, 12.9843051], [77.7082655, 12.9841245]], [[77.7082655, 12.9841245], [77.7082815, 12.9836336], [77.708308, 12.9830486], [77.7083185, 12.9829299], [77.7083319, 12.982802], [77.7083478, 12.9826395]], [[77.7083478, 12.9826395], [77.7084681, 12.982074], [77.7086554, 12.981378]], [[77.7086554, 12.981378], [77.7088592, 12.9806564], [77.7088952, 12.980531], [77.7090362, 12.9800319], [77.709277, 12.9792081], [77.7093831, 12.97894], [77.7094808, 12.9787599], [77.7095179, 12.9787109], [77.7096441, 12.9785626], [77.7097876, 12.9784715], [77.7099342, 12.9783927], [77.7100535, 12.9783489], [77.7102151, 12.9782931], [77.710296, 12.978272], [77.7104506, 12.9782521], [77.7107452, 12.9782488], [77.7111988, 12.9781701], [77.7120394, 12.9780578]], [[77.7120394, 12.9780578], [77.7123292, 12.9780258], [77.7131762, 12.9779198], [77.7145191, 12.9777645], [77.714913, 12.9777052], [77.7158088, 12.9775704], [77.7160828, 12.9775256], [77.7163459, 12.9774826], [77.7166716, 12.9774493], [77.7175204, 12.9773696], [77.7182437, 12.9773121], [77.7185947, 12.9772907], [77.719845, 12.9771914], [77.7216556, 12.9769944], [77.7226763, 12.9768883], [77.7228125, 12.9768671], [77.722946, 12.9768427], [77.7230849, 12.9768165], [77.7231766, 12.9767984], [77.7232719, 12.9767826], [77.7235936, 12.9767378], [77.7243773, 12.9766628], [77.7253457, 12.9765754], [77.7256115, 12.9765504]], [[77.7256115, 12.9765504], [77.7261095, 12.9765045], [77.7262489, 12.9765073], [77.7263478, 12.9765153], [77.7264656, 12.9765378], [77.7265518, 12.976567], [77.7266957, 12.9766198], [77.7267716, 12.976659], [77.7268277, 12.9766985], [77.726878, 12.97674], [77.7269501, 12.9768024], [77.7270187, 12.9768696], [77.7270924, 12.9769531], [77.7271494, 12.9770428], [77.7272024, 12.9771382], [77.7272434, 12.9772332], [77.7272747, 12.9773535], [77.7272962, 12.9774861], [77.7273114, 12.9780455]], [[77.7273114, 12.9780455], [77.7273175, 12.9783598], [77.7273221, 12.9785878], [77.7273128, 12.9788052], [77.7272861, 12.9793425], [77.7272849, 12.9795613], [77.7272905, 12.9796921], [77.7273158, 12.9800306], [77.7273392, 12.9801649], [77.7273765, 12.9803557], [77.7274254, 12.9806324], [77.7274981, 12.9810226], [77.7276214, 12.9815427], [77.7276627, 12.9817149], [77.7277262, 12.9820198], [77.7277803, 12.9822129], [77.7278496, 12.9824537], [77.7280578, 12.9829475], [77.7282693, 12.9833414], [77.7284459, 12.9835931], [77.7286687, 12.9838892], [77.729011, 12.9843087], [77.7294868, 12.9848739], [77.7297026, 12.9851173], [77.7299584, 12.9853916], [77.7302058, 12.9856112], [77.7304072, 12.9857583], [77.7305934, 12.9858759], [77.7314705, 12.9863852], [77.7316855, 12.9865155], [77.7317619, 12.98657], [77.7318453, 12.9866437], [77.7319289, 12.9867218], [77.7320424, 12.9868378], [77.7322034, 12.9870507], [77.7323527, 12.9872631], [77.7324732, 12.9874361], [77.7325532, 12.9875213], [77.7326804, 12.9876344], [77.7327684, 12.9876992], [77.7328527, 12.9877562], [77.7329621, 12.9878162], [77.7330671, 12.9878575], [77.7332213, 12.987909], [77.7333737, 12.9879307], [77.7334589, 12.9879363], [77.7336375, 12.9879267], [77.7339588, 12.9878873], [77.7350801, 12.9877178], [77.7352949, 12.9876843]], [[77.7352949, 12.9876843], [77.7355565, 12.9876569], [77.7358537, 12.9876355], [77.7366517, 12.9876339], [77.7372334, 12.9876376], [77.7380841, 12.987637], [77.7383542, 12.987637], [77.7392017, 12.9876362], [77.7399572, 12.987627]], [[77.7399572, 12.987627], [77.7400542, 12.9876195], [77.7401543, 12.9876076], [77.7403085, 12.987577], [77.7439323, 12.9866544], [77.7452867, 12.9863001], [77.7455189, 12.9862327], [77.7458499, 12.9861211], [77.7470234, 12.9856714]], [[77.7470234, 12.9856714], [77.747537, 12.9854806], [77.7481544, 12.9852481], [77.749025, 12.9849401], [77.7498792, 12.9846397], [77.7509833, 12.9842658]], [[77.7509833, 12.9842658], [77.7512565, 12.9842219], [77.7513975, 12.9842147], [77.7515475, 12.9842246], [77.7516872, 12.9842466], [77.7518553, 12.9842926], [77.7520262, 12.9843526], [77.7521491, 12.9844032], [77.752319, 12.984504], [77.7524643, 12.9846016], [77.7526086, 12.9847206], [77.7527493, 12.9848717], [77.752885, 12.985059]], [[77.752885, 12.985059], [77.7530829, 12.9853867], [77.7532814, 12.9858967], [77.7536268, 12.9867454], [77.7539652, 12.9875337], [77.7541399, 12.9879405], [77.7544744, 12.9887263], [77.7545497, 12.988907]], [[77.7545497, 12.988907], [77.7546833, 12.9892199], [77.7548116, 12.9895258], [77.7549064, 12.9897394], [77.7549894, 12.9899003], [77.7550724, 12.9900506], [77.7551409, 12.9901614], [77.7552257, 12.9902879], [77.7553629, 12.9904734], [77.7563761, 12.9918121]], [[77.7563761, 12.9918121], [77.7567494, 12.9922974], [77.7568236, 12.9924064], [77.7568807, 12.9924958], [77.7569572, 12.9926213], [77.7570144, 12.9927407], [77.7570874, 12.9929106], [77.7571208, 12.9930065], [77.7572437, 12.9934041], [77.7576555, 12.9947495], [77.7577806, 12.9951972], [77.7579756, 12.9959639], [77.7580484, 12.9962321]]]}}, {"type": "Feature", "properties": {"id": "relation/7842287", "name": "Green Line (Madavara -> Silk Institute)", "line": "Green Line (Madavara -> Silk Institute)", "colour": "#009933", "source": "OpenStreetMap", "kind": "metro_line"}, "geometry": {"type": "MultiLineString", "coordinates": [[[77.495422, 13.0497448], [77.4944527, 13.0501121], [77.4941493, 13.0502271], [77.4932587, 13.0505308], [77.4924114, 13.0507521], [77.4915142, 13.0510696], [77.489768, 13.0517007], [77.4891939, 13.0519264], [77.4887633, 13.0520816], [77.4879224, 13.0523847], [77.4873606, 13.0525871], [77.484948, 13.0534566], [77.4837318, 13.053902], [77.482148, 13.0544716], [77.4812736, 13.0547904], [77.47931, 13.0555796], [77.4774259, 13.0563529], [77.4754666, 13.056814], [77.4741185, 13.0571355], [77.473982, 13.0571681], [77.4728077, 13.0574359], [77.4721836, 13.0575783], [77.47198, 13.057629], [77.4707137, 13.0579441], [77.4695696, 13.0582688]], [[77.5001473, 13.0479782], [77.4995608, 13.0482044], [77.4990607, 13.0483923], [77.4986753, 13.0485371], [77.4981179, 13.0487466], [77.497939, 13.0488138], [77.495422, 13.0497448]], [[77.5125628, 13.0432956], [77.5113763, 13.0437142], [77.5109475, 13.043908], [77.5088582, 13.0449868], [77.5082271, 13.0452648], [77.505146, 13.0461609], [77.5024644, 13.0471275], [77.5017778, 13.047375], [77.5012661, 13.0475734], [77.5001473, 13.0479782]], [[77.5197626, 13.0394442], [77.5185366, 13.0401039], [77.5184203, 13.0401896], [77.5175499, 13.0409796], [77.5165298, 13.0419072], [77.5162253, 13.042052], [77.5125628, 13.0432956]], [[77.5239477, 13.0371976], [77.5208388, 13.0388829], [77.5197626, 13.0394442]], [[77.525528, 13.0363428], [77.5249884, 13.0366351], [77.5241459, 13.0370904], [77.5239477, 13.0371976]], [[77.5332233, 13.0330515], [77.5310025, 13.034347], [77.5306268, 13.0345266], [77.5300958, 13.0347621], [77.5298137, 13.0348609], [77.5283755, 13.0352445], [77.5283044, 13.0352629], [77.5272521, 13.0355359], [77.5269858, 13.03562], [77.5266159, 13.0357645], [77.5262662, 13.0359417], [77.525528, 13.0363428]], [[77.5411923, 13.0282471], [77.5402105, 13.0287877], [77.5387549, 13.0296353], [77.5378618, 13.0301534], [77.537655, 13.0302857], [77.5366227, 13.0309461], [77.5354489, 13.0317443], [77.5332233, 13.0330515]], [[77.549748, 13.0233685], [77.5488411, 13.0238884], [77.5480872, 13.0243206], [77.5473394, 13.0247552], [77.5464956, 13.0252184], [77.5438604, 13.0267417], [77.5436807, 13.0268388], [77.5435747, 13.026902], [77.5433942, 13.0270264], [77.5432206, 13.0271353], [77.5424909, 13.0275489], [77.5416444, 13.0279867], [77.5411923, 13.0282471]], [[77.5539047, 13.0164311], [77.5538776, 13.0166476], [77.5538413, 13.016834], [77.5537327, 13.0172485], [77.5534416, 13.0183085], [77.5532396, 13.0191277], [77.553174, 13.0193519], [77.5531094, 13.0194979], [77.5527583, 13.0201721], [77.5523138, 13.0210226], [77.5520368, 13.0215269], [77.5518141, 13.0218852], [77.5517185, 13.0220339], [77.5516058, 13.0221605], [77.551493, 13.0222786], [77.5513089, 13.0224326], [77.5511779, 13.0225296], [77.5510136, 13.0226339], [77.549748, 13.0233685]], [[77.5539047, 13.0164311], [77.5539484, 13.0160068], [77.5539727, 13.015574], [77.5540284, 13.0147177]], [[77.5540284, 13.0147177], [77.5540842, 13.0138608], [77.5540821, 13.0137634], [77.5540746, 13.0136669], [77.5540613, 13.0135687], [77.5540426, 13.0134725], [77.5540112, 13.0133768], [77.5539291, 13.0132221], [77.5538004, 13.013025], [77.5536298, 13.0128392], [77.5534474, 13.0127068], [77.5531494, 13.0125468], [77.5524062, 13.0121947], [77.5506818, 13.0112354], [77.5503277, 13.011041], [77.5501412, 13.0109189], [77.5500259, 13.010833], [77.5499186, 13.0107414], [77.5498074, 13.0106436], [77.5497093, 13.0105427], [77.5496103, 13.0104271], [77.5495183, 13.0103123], [77.5494275, 13.0101843], [77.5493456, 13.0100554], [77.549262, 13.0099113], [77.5491914, 13.0097639], [77.5491209, 13.0096041], [77.5490565, 13.0094195], [77.5490168, 13.0092702], [77.5489458, 13.0088654], [77.5488245, 13.0080714]], [[77.5488245, 13.0080714], [77.5488152, 13.008011], [77.5487869, 13.0078254], [77.5487659, 13.0076885], [77.5487184, 13.0073775], [77.5486771, 13.0070267], [77.5486769, 13.0066782]], [[77.5486769, 13.0066782], [77.5487552, 13.0062036], [77.5488686, 13.0056708], [77.5489684, 13.0050485], [77.549401, 13.0025514], [77.5494525, 13.0022038], [77.5496996, 13.0005359]], [[77.5496996, 13.0005359], [77.5499887, 12.9988839], [77.5500684, 12.9985397], [77.5501747, 12.9983176], [77.5503478, 12.9981365], [77.5505266, 12.9980016], [77.5507518, 12.9979065], [77.5509822, 12.9978458], [77.5512123, 12.9978437], [77.5515074, 12.9978929], [77.5521594, 12.9980562], [77.5530665, 12.9982502], [77.5554221, 12.9986946], [77.5558972, 12.9986834], [77.5562874, 12.9986349], [77.5568794, 12.9985238]], [[77.5568794, 12.9985238], [77.5573961, 12.998412], [77.5578831, 12.9982731], [77.558029, 12.9982209], [77.5583059, 12.9981253], [77.558633, 12.9980253], [77.5588429, 12.9979472], [77.559788, 12.9975955], [77.5600702, 12.9974905], [77.5601197, 12.9974721], [77.5603762, 12.9973464], [77.5605112, 12.9972821], [77.5605541, 12.9972617], [77.5606042, 12.9972378], [77.5608458, 12.9971229], [77.5612722, 12.9969199], [77.5613977, 12.9968669], [77.5615253, 12.9968129], [77.5615998, 12.9967854], [77.5618058, 12.9967285], [77.5619555, 12.9967041], [77.5622743, 12.9966663], [77.5633115, 12.9965408]], [[77.5633115, 12.9965408], [77.5639131, 12.9964251], [77.5642098, 12.9963597], [77.5643259, 12.9963378], [77.5644425, 12.9963188], [77.5645633, 12.9963024], [77.5646846, 12.9962891], [77.5647431, 12.9962834], [77.5648019, 12.9962829], [77.5648584, 12.9962873], [77.5649142, 12.9962966], [77.5654882, 12.9964031], [77.5656012, 12.9964228], [77.5657149, 12.9964377], [77.5658341, 12.9964481], [77.5659537, 12.9964533], [77.5661185, 12.9964387], [77.5662974, 12.9964102], [77.5665007, 12.9963208], [77.5666677, 12.9962146], [77.5668985, 12.9959675], [77.5677728, 12.9947322], [77.5685399, 12.9936483], [77.5690859, 12.9927989], [77.5696388, 12.9920399], [77.5701279, 12.9913584], [77.5707615, 12.9904754]], [[77.5707615, 12.9904754], [77.5710985, 12.990016], [77.5713958, 12.9896272], [77.5716442, 12.9892435], [77.5718103, 12.9888723], [77.5718806, 12.9886341], [77.5719447, 12.9883347]], [[77.5719447, 12.9883347], [77.5719909, 12.9875361], [77.5720024, 12.9872763], [77.5720125, 12.9870468]], [[77.5720125, 12.9870468], [77.5720446, 12.9862279]], [[77.5720446, 12.9862279], [77.5720644, 12.9857225], [77.5720037, 12.9834986], [77.5719563, 12.9817925], [77.571995, 12.980429], [77.5720176, 12.9803346], [77.5720758, 12.9801593], [77.5721454, 12.980043], [77.5722839, 12.979795], [77.5726805, 12.9790269], [77.5727731, 12.9788321], [77.5728522, 12.9785014], [77.5728505, 12.9779602], [77.5729514, 12.9774512], [77.5730713, 12.9768229], [77.5730388, 12.9750646]], [[77.5730388, 12.9750646], [77.5730207, 12.9739729], [77.5730094, 12.973602], [77.5730056, 12.9733182], [77.5746053, 12.9697021], [77.5747008, 12.9692985], [77.5746944, 12.9690094], [77.574589, 12.967471], [77.5745737, 12.966924], [77.5745388, 12.9656816], [77.5746054, 12.9650342], [77.5747378, 12.9645284], [77.5748486, 12.9641311], [77.5748898, 12.963897], [77.574918, 12.9636316], [77.5749312, 12.963372], [77.5748902, 12.9623025], [77.5746822, 12.9608898]], [[77.5746822, 12.9608898], [77.5745083, 12.9598165], [77.5744982, 12.9597541], [77.5744822, 12.9596689], [77.5742278, 12.9589628], [77.5741322, 12.9586353], [77.5736864, 12.9574162], [77.5736347, 12.9572009], [77.5736139, 12.9569783], [77.5736287, 12.9567015], [77.5736692, 12.9559439]], [[77.5736692, 12.9559439], [77.5736956, 12.9535221], [77.5736944, 12.9525179], [77.5736939, 12.9520729], [77.573712, 12.9505258]], [[77.573712, 12.9505258], [77.5737242, 12.9494821], [77.5737449, 12.9493575], [77.5737799, 12.949205], [77.5738436, 12.9490534], [77.573945, 12.9488821], [77.5740209, 12.948781], [77.5741316, 12.9486823], [77.5742416, 12.9486042], [77.5743602, 12.9485442], [77.5745575, 12.9484758], [77.5748298, 12.9484256], [77.575181, 12.9483819], [77.575457, 12.9483549], [77.5757287, 12.9483278], [77.5760185, 12.9483046], [77.5763652, 12.9482861], [77.5789767, 12.9483066], [77.579173, 12.9482687], [77.5793871, 12.9481888], [77.5796115, 12.9480478], [77.5797726, 12.9478968], [77.5798809, 12.9477264], [77.5799532, 12.9475898], [77.5799858, 12.9474701], [77.580015, 12.9473174], [77.5800233, 12.9470636], [77.5800377, 12.9465345]], [[77.5800377, 12.9465345], [77.5800452, 12.9436048], [77.5800569, 12.9424057], [77.5800547, 12.9401626], [77.5800672, 12.9396168], [77.5800772, 12.938262]], [[77.5800772, 12.938262], [77.5800942, 12.9359696], [77.5801102, 12.933122], [77.5801568, 12.9303039], [77.5801653, 12.9295069]], [[77.5801653, 12.9295069], [77.580222, 12.9271453], [77.580234, 12.9263713], [77.5802467, 12.9249156], [77.5802584, 12.9240241], [77.580266, 12.9234476], [77.5802816, 12.922131], [77.5802928, 12.9209581]], [[77.5802928, 12.9209581], [77.5802938, 12.9208529], [77.5802981, 12.9200726], [77.5802989, 12.9199257], [77.5803148, 12.9184579], [77.5803118, 12.9182905], [77.5803018, 12.9181857], [77.5802809, 12.9180802], [77.5802551, 12.9179686], [77.5802171, 12.9178572], [77.5801678, 12.917764], [77.580118, 12.9176861], [77.5800528, 12.9175914], [77.5799862, 12.9175159], [77.5799101, 12.9174423], [77.579833, 12.917381], [77.579732, 12.9173135], [77.579653, 12.917275], [77.5795342, 12.9172296], [77.5794194, 12.9171955], [77.5792943, 12.9171737], [77.5791414, 12.9171582], [77.5790061, 12.9171494], [77.5788522, 12.917148], [77.5786886, 12.9171503], [77.578504, 12.9171592], [77.5783373, 12.9171915], [77.5781702, 12.9172346], [77.5780173, 12.917279], [77.5778064, 12.9173643], [77.5776311, 12.9174354], [77.5774272, 12.9175082], [77.5772584, 12.9175579], [77.5770839, 12.9175874], [77.5768943, 12.9175923], [77.5754492, 12.9176202], [77.575098, 12.9176258], [77.5749269, 12.9176263], [77.5747854, 12.9176065], [77.5746198, 12.9175631], [77.5744928, 12.9175189], [77.5742651, 12.917387], [77.5741167, 12.9172677], [77.5739711, 12.9170846], [77.5738819, 12.9168967], [77.5738299, 12.9167244], [77.5736205, 12.9152186]], [[77.5736205, 12.9152186], [77.5735324, 12.9147097], [77.5734666, 12.9142957], [77.5733963, 12.9139485], [77.5731936, 12.9131419], [77.5730428, 12.9126774], [77.5729914, 12.9124024], [77.5729324, 12.9120234], [77.5728903, 12.9116747], [77.5728853, 12.911436], [77.5729032, 12.9110064], [77.5729632, 12.908955], [77.5730029, 12.908457], [77.5730428, 12.9081566], [77.5731495, 12.9074812]], [[77.5731495, 12.9074812], [77.5732362, 12.9066441], [77.5732987, 12.9062199], [77.5733197, 12.9059627], [77.5733459, 12.9057733], [77.5733662, 12.9055492], [77.5733704, 12.9053055], [77.5733434, 12.904904], [77.5732851, 12.9043311], [77.5732549, 12.904063], [77.5732336, 12.9038461], [77.5732386, 12.9036281], [77.5732659, 12.9034829], [77.5734387, 12.9023765], [77.5734708, 12.9020677], [77.5734785, 12.9019195], [77.5734628, 12.9017801], [77.5734294, 12.9014972], [77.5733542, 12.9011752], [77.5731012, 12.9002775], [77.5730137, 12.9000062], [77.5729151, 12.8996823], [77.5728639, 12.8996046], [77.5727487, 12.8993544], [77.5725456, 12.8989976], [77.5716465, 12.8977588], [77.5715503, 12.8976341], [77.5712553, 12.8972517], [77.5708245, 12.8967948], [77.57014, 12.8960361]], [[77.57014, 12.8960361], [77.5695482, 12.8953693], [77.5692191, 12.8949932], [77.5687719, 12.8945321], [77.5682123, 12.8939458], [77.5674777, 12.8932211], [77.566717, 12.8925194], [77.5661453, 12.8919891]], [[77.5661453, 12.8919891], [77.5653166, 12.8912755], [77.5644343, 12.8904835], [77.5639984, 12.8900878], [77.563618, 12.8897372]], [[77.563618, 12.8897372], [77.5634887, 12.8896241], [77.5627011, 12.8889432], [77.5618091, 12.8881719], [77.561521, 12.8879304], [77.5612116, 12.8877215], [77.5604136, 12.8871348], [77.5599738, 12.8869171], [77.5592789, 12.8866668], [77.5590708, 12.8866017], [77.5579868, 12.8862606], [77.5577428, 12.8861991], [77.5568757, 12.8858898]], [[77.5568757, 12.8858898], [77.5562482, 12.8857094], [77.5559889, 12.8856367], [77.5549214, 12.8852865], [77.552925, 12.8846652], [77.5527796, 12.8846245], [77.5511006, 12.8841215], [77.5503576, 12.8839021], [77.5495993, 12.8837093], [77.548092, 12.8833326], [77.5477886, 12.8832503], [77.5475216, 12.8831324], [77.5473191, 12.8830216], [77.5471404, 12.8828975], [77.5470185, 12.8827483], [77.5468242, 12.8823955], [77.5465144, 12.8816785], [77.5455999, 12.8794146]], [[77.5455999, 12.8794146], [77.5448072, 12.8775221], [77.5444246, 12.8766284], [77.5441844, 12.8761403], [77.5439311, 12.8758213], [77.543658, 12.8755361], [77.5433884, 12.8753154], [77.5429577, 12.8750538], [77.5423538, 12.8747967], [77.5412876, 12.8743119], [77.541002, 12.8741433], [77.5407012, 12.8739539], [77.5403602, 12.8736735], [77.540106, 12.8734354], [77.539826, 12.8731484], [77.538419, 12.8713916], [77.5378837, 12.8707251], [77.5367491, 12.8693086], [77.5365886, 12.8691171], [77.5350065, 12.8670555]], [[77.5350065, 12.8670555], [77.5342366, 12.866038], [77.5330171, 12.8644921], [77.5328619, 12.8643238], [77.5324861, 12.8639691], [77.532077, 12.8636242], [77.5314277, 12.8631881], [77.530806, 12.8627735], [77.5304964, 12.8625424], [77.5302856, 12.862197], [77.5299532, 12.8616662], [77.5298172, 12.861435], [77.5294788, 12.860867], [77.5293188, 12.8605979], [77.5292106, 12.8604109], [77.5291132, 12.8602616], [77.527996, 12.8584166], [77.5276932, 12.8579955]]]}}, {"type": "Feature", "properties": {"id": "relation/16176489", "name": "Green Line (Silk Institute -> Peenya Industry)", "line": "Green Line (Silk Institute -> Peenya Industry)", "colour": "#009933", "source": "OpenStreetMap", "kind": "metro_line"}, "geometry": {"type": "MultiLineString", "coordinates": [[[77.5349726, 12.8670801], [77.5342028, 12.8660725], [77.5329858, 12.86452], [77.5328249, 12.8643442], [77.5324592, 12.8639986], [77.5320502, 12.8636562], [77.5314042, 12.8632224], [77.530782, 12.8628075], [77.5304644, 12.8625697], [77.5302337, 12.8622294], [77.5299083, 12.8616919], [77.5297796, 12.8614541], [77.529439, 12.8608811], [77.5292783, 12.8606096], [77.5292129, 12.8605063], [77.5291687, 12.8604364], [77.5290782, 12.8602847], [77.5279612, 12.8584399], [77.5276455, 12.8580226]], [[77.5455484, 12.8794332], [77.544745, 12.8775389], [77.5443724, 12.8766467], [77.5441355, 12.8761796], [77.5438829, 12.8758573], [77.5436239, 12.8755869], [77.5433762, 12.8753726], [77.5428899, 12.87509], [77.5423292, 12.8748596], [77.5412452, 12.8743595], [77.5409512, 12.8741849], [77.5406556, 12.8739925], [77.5403027, 12.8737045], [77.5400375, 12.8734447], [77.5397813, 12.8731745], [77.5388458, 12.8720205], [77.5383625, 12.8714243], [77.5378154, 12.8707415], [77.5366932, 12.8693333], [77.5365505, 12.8691536], [77.5349726, 12.8670801]], [[77.5568522, 12.8859513], [77.55622, 12.8857738], [77.5559741, 12.8857011], [77.5549066, 12.8853251], [77.5540649, 12.8850632], [77.5528945, 12.8847268], [77.552751, 12.8846862], [77.5511008, 12.8841925], [77.5503421, 12.8839638], [77.5495864, 12.8837618], [77.5480706, 12.8833904], [77.5477258, 12.8832908], [77.5474312, 12.8831497], [77.5471932, 12.8830179], [77.5470635, 12.8829135], [77.5469621, 12.8827822], [77.5467672, 12.8824172], [77.546472, 12.8817117], [77.5455484, 12.8794332]], [[77.5635756, 12.8897696], [77.563453, 12.88968], [77.5626569, 12.8889872], [77.5617694, 12.8882147], [77.5614885, 12.8879918], [77.5611925, 12.8877897], [77.5603788, 12.88719], [77.5599148, 12.8869721], [77.5592685, 12.8867306], [77.5590458, 12.886653], [77.5579607, 12.8863237], [77.5577176, 12.8862546], [77.5568522, 12.8859513]], [[77.5661016, 12.8920248], [77.5655425, 12.8915315], [77.5644985, 12.8906079], [77.5644175, 12.8905334], [77.56399, 12.8901336], [77.5635756, 12.8897696]], [[77.5700982, 12.8960662], [77.5695014, 12.8953963], [77.5691826, 12.8950328], [77.5689049, 12.8947313], [77.568739, 12.8945512], [77.5684836, 12.8942948], [77.5681834, 12.8939934], [77.5674511, 12.8932593], [77.5666881, 12.8925495], [77.5661016, 12.8920248]], [[77.5731076, 12.907476], [77.5731942, 12.9066391], [77.5732567, 12.9062153], [77.5732777, 12.9059583], [77.5733039, 12.9057687], [77.573324, 12.905547], [77.5733281, 12.9053065], [77.5733013, 12.9049074], [77.5732431, 12.9043354], [77.5732129, 12.9040672], [77.5731913, 12.9038476], [77.5731964, 12.9036239], [77.5732242, 12.9034761], [77.5733968, 12.9023713], [77.5734285, 12.9020662], [77.5734206, 12.901783], [77.5733877, 12.9015041], [77.5733132, 12.9011852], [77.5730606, 12.900289], [77.5730001, 12.9000953], [77.5728764, 12.8996998], [77.5728266, 12.8996243], [77.5727109, 12.8993729], [77.5725098, 12.8990196], [77.5716123, 12.8977831], [77.5713357, 12.8974456], [77.5712031, 12.8972838], [77.5707838, 12.8968182], [77.5700982, 12.8960662]], [[77.5735786, 12.9152242], [77.5734907, 12.9147163], [77.573425, 12.9143028], [77.573355, 12.9139574], [77.5731529, 12.913153], [77.5730017, 12.9126873], [77.5729497, 12.9124092], [77.5728905, 12.9120289], [77.5728481, 12.9116775], [77.572843, 12.9114356], [77.572861, 12.911005], [77.572921, 12.9089528], [77.5729608, 12.9084528], [77.5730009, 12.9081508], [77.5731076, 12.907476]], [[77.580239, 12.9219936], [77.5802534, 12.9208536], [77.580258, 12.9203732], [77.5802622, 12.9199257], [77.5802809, 12.918443], [77.5802768, 12.9183085], [77.5802655, 12.9181716], [77.5802471, 12.9180814], [77.5802211, 12.9179771], [77.5801789, 12.9178535], [77.580145, 12.9177842], [77.5800991, 12.9177049], [77.5800359, 12.9176132], [77.5799706, 12.9175415], [77.5798978, 12.9174707], [77.5798167, 12.9174029], [77.579714, 12.9173397], [77.579619, 12.9172933], [77.5795407, 12.9172595], [77.5794152, 12.917224], [77.5792865, 12.9172025], [77.5791361, 12.9171844], [77.5790067, 12.9171768], [77.5788562, 12.917173], [77.5786797, 12.9171791], [77.5785092, 12.9172002], [77.5783468, 12.9172317], [77.5781816, 12.9172743], [77.5780315, 12.9173179], [77.5778226, 12.9174023], [77.5776465, 12.9174738], [77.5774406, 12.9175473], [77.5772682, 12.9175981], [77.5770881, 12.9176285], [77.5768953, 12.9176335], [77.57545, 12.9176614], [77.5750984, 12.917667], [77.5749239, 12.9176675], [77.5747769, 12.9176469], [77.5746072, 12.9176025], [77.5744747, 12.9175564], [77.5742407, 12.9174208], [77.5740862, 12.9172966], [77.5739348, 12.9171061], [77.5738422, 12.9169112], [77.5737887, 12.916734], [77.5735786, 12.9152242]], [[77.580123, 12.9295065], [77.5801845, 12.9271516], [77.5801911, 12.9263728], [77.5802034, 12.924913], [77.5802113, 12.9243613], [77.5802245, 12.9234454], [77.5802388, 12.9221295], [77.580239, 12.9219936]], [[77.5800349, 12.9382617], [77.5800519, 12.9359693], [77.5800679, 12.9331216], [77.5801145, 12.9303034], [77.580123, 12.9295065]], [[77.5799954, 12.9465339], [77.5800029, 12.9436046], [77.5800146, 12.9424055], [77.5800124, 12.9401622], [77.5800249, 12.9396162], [77.5800349, 12.9382617]], [[77.5736697, 12.9505263], [77.573682, 12.9494784], [77.5737034, 12.9493497], [77.5737394, 12.9491926], [77.5738056, 12.9490352], [77.5739095, 12.9488596], [77.5739893, 12.9487534], [77.5741048, 12.9486504], [77.5742193, 12.9485691], [77.5743433, 12.9485063], [77.5745464, 12.9484359], [77.5748232, 12.9483849], [77.5751762, 12.948341], [77.5754527, 12.9483139], [77.5757248, 12.9482868], [77.5760156, 12.9482635], [77.5763642, 12.9482449], [77.5789727, 12.9482654], [77.5791613, 12.948229], [77.5793679, 12.9481519], [77.5795852, 12.9480153], [77.5797395, 12.9478707], [77.5798441, 12.9477061], [77.5799135, 12.9475749], [77.5799445, 12.947461], [77.5799729, 12.9473129], [77.5799811, 12.9470624], [77.5799954, 12.9465339]], [[77.5736269, 12.9559424], [77.5736533, 12.9535219], [77.5736525, 12.9528067], [77.5736516, 12.9520728], [77.5736697, 12.9505263]], [[77.5746404, 12.960896], [77.5744411, 12.9596791], [77.5741875, 12.9589753], [77.5740919, 12.9586479], [77.5736915, 12.9575528], [77.5736458, 12.9574278], [77.5735929, 12.9572075], [77.5735716, 12.9569798], [77.5735755, 12.956753], [77.5736269, 12.9559424]], [[77.5745314, 12.9669249], [77.5744965, 12.9656803], [77.5745637, 12.965027], [77.5746969, 12.9645179], [77.5748073, 12.9641222], [77.5748479, 12.9638914], [77.5748758, 12.9636285], [77.5748889, 12.9633717], [77.574848, 12.9623062], [77.5746404, 12.960896]], [[77.5728675, 12.9759557], [77.5728362, 12.9739887], [77.572863, 12.973619], [77.572966, 12.9733038], [77.574565, 12.9696892], [77.5746584, 12.9692943], [77.5746522, 12.9690112], [77.5745467, 12.9674726], [77.5745314, 12.9669249]], [[77.5719286, 12.9870435], [77.5719804, 12.985722], [77.5719198, 12.9835008], [77.5718723, 12.9817925], [77.5718808, 12.9814936], [77.5719113, 12.9804185], [77.5719366, 12.9803127], [77.5719987, 12.9801257], [77.5720722, 12.9800028], [77.5722095, 12.979757], [77.5726049, 12.9789913], [77.5726933, 12.9788053], [77.5727682, 12.9784921], [77.5727665, 12.9779567], [77.5728693, 12.9768266], [77.5728675, 12.9759557]], [[77.5718612, 12.988324], [77.571893, 12.9877738], [77.571907, 12.987532], [77.5719286, 12.9870435]], [[77.5706929, 12.9904282], [77.5710307, 12.9899678], [77.5713265, 12.9895809], [77.5715698, 12.9892051], [77.5717311, 12.9888445], [77.571799, 12.9886144], [77.5718612, 12.988324]], [[77.5706929, 12.9904282], [77.5698224, 12.9916413], [77.5695702, 12.9919928], [77.569016, 12.9927535], [77.5684697, 12.9936033], [77.5677037, 12.9946858], [77.5668326, 12.9959165], [77.5666128, 12.9961518], [77.5664602, 12.9962488], [77.5662729, 12.9963312], [77.5661165, 12.9963717], [77.565958, 12.9963972], [77.5658378, 12.9963943], [77.565721, 12.9963842], [77.5656097, 12.9963696], [77.5654983, 12.9963501], [77.564924, 12.9962436], [77.5648653, 12.9962338], [77.5648039, 12.996229], [77.5647401, 12.9962295], [77.5646787, 12.9962355], [77.5645564, 12.9962489], [77.5644341, 12.9962655], [77.5643161, 12.9962847], [77.5641984, 12.9963069], [77.5639029, 12.996372], [77.5632993, 12.9964948]], [[77.5568746, 12.9984697], [77.5573949, 12.9983631], [77.5578664, 12.9982312], [77.5580134, 12.9981787], [77.5582913, 12.9980827], [77.5586179, 12.9979829], [77.5588265, 12.9979053], [77.5597716, 12.9975536], [77.5600538, 12.9974486], [77.5601011, 12.997431], [77.5603557, 12.9973061], [77.560491, 12.9972417], [77.5605338, 12.9972213], [77.5605839, 12.9971974], [77.5608255, 12.9970825], [77.5612529, 12.9968791], [77.5613793, 12.9968257], [77.5615079, 12.9967713], [77.5615853, 12.9967427], [77.5617957, 12.9966846], [77.561949, 12.9966597], [77.5622695, 12.9966216], [77.5632993, 12.9964948]], [[77.5496166, 13.0005232], [77.5499063, 12.998868], [77.5499885, 12.9985131], [77.5501042, 12.9982713], [77.550291, 12.9980759], [77.5504835, 12.9979306], [77.550724, 12.9978291], [77.5509707, 12.9977641], [77.551219, 12.9977618], [77.551525, 12.9978128], [77.5521786, 12.9979765], [77.5530735, 12.9982149], [77.5554252, 12.9986586], [77.5558951, 12.9986475], [77.5562821, 12.9985959], [77.5568746, 12.9984697]], [[77.5487834, 13.0080774], [77.5487742, 13.008017], [77.5487458, 13.0078314], [77.5486772, 13.0073828], [77.5486356, 13.007029], [77.5486354, 13.0066782], [77.5486726, 13.0061888], [77.548786, 13.0056562], [77.5488855, 13.0050354], [77.549318, 13.0025387], [77.5494289, 13.0017902], [77.5496166, 13.0005232]], [[77.5539915, 13.0147178], [77.5540473, 13.01386], [77.5540452, 13.0137652], [77.5540379, 13.0136706], [77.5540249, 13.0135744], [77.5540064, 13.0134791], [77.553974, 13.0133898], [77.5538951, 13.0132485], [77.5537332, 13.0130746], [77.5535729, 13.0128999], [77.5534018, 13.0127758], [77.5531108, 13.0126195], [77.5523559, 13.012208], [77.5505966, 13.0112384], [77.550424, 13.01114], [77.5503229, 13.0110845], [77.5501246, 13.0109595], [77.5500206, 13.0108812], [77.5499341, 13.0108102], [77.5498385, 13.0107285], [77.5497379, 13.0106221], [77.5496361, 13.0105148], [77.5495449, 13.0104075], [77.5494364, 13.010262], [77.5493548, 13.0101362], [77.5492727, 13.010009], [77.5491877, 13.0098431], [77.549106, 13.0096621], [77.5490567, 13.0095354], [77.548977, 13.0092803], [77.5489144, 13.0089404], [77.5487834, 13.0080774]], [[77.5538212, 13.0164221], [77.5538646, 13.016001], [77.5539359, 13.0155717], [77.5539915, 13.0147178]], [[77.5538212, 13.0164221], [77.5537946, 13.016635], [77.5537593, 13.0168162], [77.5536515, 13.0172278], [77.5533602, 13.0182884], [77.5531584, 13.0191069], [77.5530947, 13.0193244], [77.5530333, 13.0194632], [77.5526834, 13.020135], [77.5522394, 13.0209847], [77.5519638, 13.0214864], [77.5517426, 13.0218423], [77.5516508, 13.0219851], [77.5515537, 13.0220931], [77.5514347, 13.0222195], [77.5512561, 13.0223689], [77.5511295, 13.0224627], [77.5509692, 13.0225645], [77.5497052, 13.0232981]], [[77.5497052, 13.0232981], [77.5484213, 13.0240342], [77.5480444, 13.0242502], [77.5472973, 13.0246844], [77.5464536, 13.0251476], [77.5438186, 13.0266707], [77.5436384, 13.0267681], [77.5435285, 13.0268336], [77.5433472, 13.0269586], [77.5431767, 13.0270655], [77.5424486, 13.0274783], [77.5416236, 13.027948], [77.5404372, 13.028613]], [[77.5404372, 13.028613], [77.5401865, 13.0287531], [77.5387127, 13.0295646], [77.5378173, 13.030084], [77.5365756, 13.0308784], [77.5354031, 13.0316757], [77.5331801, 13.0329814]], [[77.5331801, 13.0329814], [77.5309624, 13.0342751], [77.5305909, 13.0344526], [77.5300641, 13.0346863], [77.5297884, 13.0347828], [77.5283536, 13.0351655], [77.5272283, 13.0354574], [77.5269572, 13.035543], [77.5265808, 13.0356901], [77.5262264, 13.0358697], [77.5254867, 13.0362716]], [[77.5254867, 13.0362716], [77.5249635, 13.0365953], [77.5245629, 13.0368135], [77.5232156, 13.0375474]]]}}, {"type": "Feature", "properties": {"id": "relation/16176490", "name": "Green Line (Peenya Industry -> Silk Institute)", "line": "Green Line (Peenya Industry -> Silk Institute)", "colour": "#009933", "source": "OpenStreetMap", "kind": "metro_line"}, "geometry": {"type": "MultiLineString", "coordinates": [[[77.525528, 13.0363428], [77.5249884, 13.0366351], [77.5241459, 13.0370904], [77.5239477, 13.0371976]], [[77.5332233, 13.0330515], [77.5310025, 13.034347], [77.5306268, 13.0345266], [77.5300958, 13.0347621], [77.5298137, 13.0348609], [77.5283755, 13.0352445], [77.5283044, 13.0352629], [77.5272521, 13.0355359], [77.5269858, 13.03562], [77.5266159, 13.0357645], [77.5262662, 13.0359417], [77.525528, 13.0363428]], [[77.5411923, 13.0282471], [77.5402105, 13.0287877], [77.5387549, 13.0296353], [77.5378618, 13.0301534], [77.537655, 13.0302857], [77.5366227, 13.0309461], [77.5354489, 13.0317443], [77.5332233, 13.0330515]], [[77.549748, 13.0233685], [77.5488411, 13.0238884], [77.5480872, 13.0243206], [77.5473394, 13.0247552], [77.5464956, 13.0252184], [77.5438604, 13.0267417], [77.5436807, 13.0268388], [77.5435747, 13.026902], [77.5433942, 13.0270264], [77.5432206, 13.0271353], [77.5424909, 13.0275489], [77.5416444, 13.0279867], [77.5411923, 13.0282471]], [[77.5539047, 13.0164311], [77.5538776, 13.0166476], [77.5538413, 13.016834], [77.5537327, 13.0172485], [77.5534416, 13.0183085], [77.5532396, 13.0191277], [77.553174, 13.0193519], [77.5531094, 13.0194979], [77.5527583, 13.0201721], [77.5523138, 13.0210226], [77.5520368, 13.0215269], [77.5518141, 13.0218852], [77.5517185, 13.0220339], [77.5516058, 13.0221605], [77.551493, 13.0222786], [77.5513089, 13.0224326], [77.5511779, 13.0225296], [77.5510136, 13.0226339], [77.549748, 13.0233685]], [[77.5539047, 13.0164311], [77.5539484, 13.0160068], [77.5539727, 13.015574], [77.5540284, 13.0147177]], [[77.5540284, 13.0147177], [77.5540842, 13.0138608], [77.5540821, 13.0137634], [77.5540746, 13.0136669], [77.5540613, 13.0135687], [77.5540426, 13.0134725], [77.5540112, 13.0133768], [77.5539291, 13.0132221], [77.5538004, 13.013025], [77.5536298, 13.0128392], [77.5534474, 13.0127068], [77.5531494, 13.0125468], [77.5524062, 13.0121947], [77.5506818, 13.0112354], [77.5503277, 13.011041], [77.5501412, 13.0109189], [77.5500259, 13.010833], [77.5499186, 13.0107414], [77.5498074, 13.0106436], [77.5497093, 13.0105427], [77.5496103, 13.0104271], [77.5495183, 13.0103123], [77.5494275, 13.0101843], [77.5493456, 13.0100554], [77.549262, 13.0099113], [77.5491914, 13.0097639], [77.5491209, 13.0096041], [77.5490565, 13.0094195], [77.5490168, 13.0092702], [77.5489458, 13.0088654], [77.5488245, 13.0080714]], [[77.5488245, 13.0080714], [77.5488152, 13.008011], [77.5487869, 13.0078254], [77.5487659, 13.0076885], [77.5487184, 13.0073775], [77.5486771, 13.0070267], [77.5486769, 13.0066782]], [[77.5486769, 13.0066782], [77.5487552, 13.0062036], [77.5488686, 13.0056708], [77.5489684, 13.0050485], [77.549401, 13.0025514], [77.5494525, 13.0022038], [77.5496996, 13.0005359]], [[77.5496996, 13.0005359], [77.5499887, 12.9988839], [77.5500684, 12.9985397], [77.5501747, 12.9983176], [77.5503478, 12.9981365], [77.5505266, 12.9980016], [77.5507518, 12.9979065], [77.5509822, 12.9978458], [77.5512123, 12.9978437], [77.5515074, 12.9978929], [77.5521594, 12.9980562], [77.5530665, 12.9982502], [77.5554221, 12.9986946], [77.5558972, 12.9986834], [77.5562874, 12.9986349], [77.5568794, 12.9985238]], [[77.5568794, 12.9985238], [77.5573961, 12.998412], [77.5578831, 12.9982731], [77.558029, 12.9982209], [77.5583059, 12.9981253], [77.558633, 12.9980253], [77.5588429, 12.9979472], [77.559788, 12.9975955], [77.5600702, 12.9974905], [77.5601197, 12.9974721], [77.5603762, 12.9973464], [77.5605112, 12.9972821], [77.5605541, 12.9972617], [77.5606042, 12.9972378], [77.5608458, 12.9971229], [77.5612722, 12.9969199], [77.5613977, 12.9968669], [77.5615253, 12.9968129], [77.5615998, 12.9967854], [77.5618058, 12.9967285], [77.5619555, 12.9967041], [77.5622743, 12.9966663], [77.5633115, 12.9965408]], [[77.5633115, 12.9965408], [77.5639131, 12.9964251], [77.5642098, 12.9963597], [77.5643259, 12.9963378], [77.5644425, 12.9963188], [77.5645633, 12.9963024], [77.5646846, 12.9962891], [77.5647431, 12.9962834], [77.5648019, 12.9962829], [77.5648584, 12.9962873], [77.5649142, 12.9962966], [77.5654882, 12.9964031], [77.5656012, 12.9964228], [77.5657149, 12.9964377], [77.5658341, 12.9964481], [77.5659537, 12.9964533], [77.5661185, 12.9964387], [77.5662974, 12.9964102], [77.5665007, 12.9963208], [77.5666677, 12.9962146], [77.5668985, 12.9959675], [77.5677728, 12.9947322], [77.5685399, 12.9936483], [77.5690859, 12.9927989], [77.5696388, 12.9920399], [77.5701279, 12.9913584], [77.5707615, 12.9904754]], [[77.5707615, 12.9904754], [77.5710985, 12.990016], [77.5713958, 12.9896272], [77.5716442, 12.9892435], [77.5718103, 12.9888723], [77.5718806, 12.9886341], [77.5719447, 12.9883347]], [[77.5719447, 12.9883347], [77.5719909, 12.9875361], [77.5720024, 12.9872763], [77.5720125, 12.9870468]], [[77.5720125, 12.9870468], [77.5720446, 12.9862279]], [[77.5720446, 12.9862279], [77.5720644, 12.9857225], [77.5720037, 12.9834986], [77.5719563, 12.9817925], [77.571995, 12.980429], [77.5720176, 12.9803346], [77.5720758, 12.9801593], [77.5721454, 12.980043], [77.5722839, 12.979795], [77.5726805, 12.9790269], [77.5727731, 12.9788321], [77.5728522, 12.9785014], [77.5728505, 12.9779602], [77.5729514, 12.9774512], [77.5730713, 12.9768229], [77.5730388, 12.9750646]], [[77.5730388, 12.9750646], [77.5730207, 12.9739729], [77.5730094, 12.973602], [77.5730056, 12.9733182], [77.5746053, 12.9697021], [77.5747008, 12.9692985], [77.5746944, 12.9690094], [77.574589, 12.967471], [77.5745737, 12.966924], [77.5745388, 12.9656816], [77.5746054, 12.9650342], [77.5747378, 12.9645284], [77.5748486, 12.9641311], [77.5748898, 12.963897], [77.574918, 12.9636316], [77.5749312, 12.963372], [77.5748902, 12.9623025], [77.5746822, 12.9608898]], [[77.5746822, 12.9608898], [77.5745083, 12.9598165], [77.5744982, 12.9597541], [77.5744822, 12.9596689], [77.5742278, 12.9589628], [77.5741322, 12.9586353], [77.5736864, 12.9574162], [77.5736347, 12.9572009], [77.5736139, 12.9569783], [77.5736287, 12.9567015], [77.5736692, 12.9559439]], [[77.5736692, 12.9559439], [77.5736956, 12.9535221], [77.5736944, 12.9525179], [77.5736939, 12.9520729], [77.573712, 12.9505258]], [[77.573712, 12.9505258], [77.5737242, 12.9494821], [77.5737449, 12.9493575], [77.5737799, 12.949205], [77.5738436, 12.9490534], [77.573945, 12.9488821], [77.5740209, 12.948781], [77.5741316, 12.9486823], [77.5742416, 12.9486042], [77.5743602, 12.9485442], [77.5745575, 12.9484758], [77.5748298, 12.9484256], [77.575181, 12.9483819], [77.575457, 12.9483549], [77.5757287, 12.9483278], [77.5760185, 12.9483046], [77.5763652, 12.9482861], [77.5789767, 12.9483066], [77.579173, 12.9482687], [77.5793871, 12.9481888], [77.5796115, 12.9480478], [77.5797726, 12.9478968], [77.5798809, 12.9477264], [77.5799532, 12.9475898], [77.5799858, 12.9474701], [77.580015, 12.9473174], [77.5800233, 12.9470636], [77.5800377, 12.9465345]], [[77.5800377, 12.9465345], [77.5800452, 12.9436048], [77.5800569, 12.9424057], [77.5800547, 12.9401626], [77.5800672, 12.9396168], [77.5800772, 12.938262]], [[77.5800772, 12.938262], [77.5800942, 12.9359696], [77.5801102, 12.933122], [77.5801568, 12.9303039], [77.5801653, 12.9295069]], [[77.5801653, 12.9295069], [77.580222, 12.9271453], [77.580234, 12.9263713], [77.5802467, 12.9249156], [77.5802584, 12.9240241], [77.580266, 12.9234476], [77.5802816, 12.922131], [77.5802928, 12.9209581]], [[77.5802928, 12.9209581], [77.5802938, 12.9208529], [77.5802981, 12.9200726], [77.5802989, 12.9199257], [77.5803148, 12.9184579], [77.5803118, 12.9182905], [77.5803018, 12.9181857], [77.5802809, 12.9180802], [77.5802551, 12.9179686], [77.5802171, 12.9178572], [77.5801678, 12.917764], [77.580118, 12.9176861], [77.5800528, 12.9175914], [77.5799862, 12.9175159], [77.5799101, 12.9174423], [77.579833, 12.917381], [77.579732, 12.9173135], [77.579653, 12.917275], [77.5795342, 12.9172296], [77.5794194, 12.9171955], [77.5792943, 12.9171737], [77.5791414, 12.9171582], [77.5790061, 12.9171494], [77.5788522, 12.917148], [77.5786886, 12.9171503], [77.578504, 12.9171592], [77.5783373, 12.9171915], [77.5781702, 12.9172346], [77.5780173, 12.917279], [77.5778064, 12.9173643], [77.5776311, 12.9174354], [77.5774272, 12.9175082], [77.5772584, 12.9175579], [77.5770839, 12.9175874], [77.5768943, 12.9175923], [77.5754492, 12.9176202], [77.575098, 12.9176258], [77.5749269, 12.9176263], [77.5747854, 12.9176065], [77.5746198, 12.9175631], [77.5744928, 12.9175189], [77.5742651, 12.917387], [77.5741167, 12.9172677], [77.5739711, 12.9170846], [77.5738819, 12.9168967], [77.5738299, 12.9167244], [77.5736205, 12.9152186]], [[77.5736205, 12.9152186], [77.5735324, 12.9147097], [77.5734666, 12.9142957], [77.5733963, 12.9139485], [77.5731936, 12.9131419], [77.5730428, 12.9126774], [77.5729914, 12.9124024], [77.5729324, 12.9120234], [77.5728903, 12.9116747], [77.5728853, 12.911436], [77.5729032, 12.9110064], [77.5729632, 12.908955], [77.5730029, 12.908457], [77.5730428, 12.9081566], [77.5731495, 12.9074812]], [[77.5731495, 12.9074812], [77.5732362, 12.9066441], [77.5732987, 12.9062199], [77.5733197, 12.9059627], [77.5733459, 12.9057733], [77.5733662, 12.9055492], [77.5733704, 12.9053055], [77.5733434, 12.904904], [77.5732851, 12.9043311], [77.5732549, 12.904063], [77.5732336, 12.9038461], [77.5732386, 12.9036281], [77.5732659, 12.9034829], [77.5734387, 12.9023765], [77.5734708, 12.9020677], [77.5734785, 12.9019195], [77.5734628, 12.9017801], [77.5734294, 12.9014972], [77.5733542, 12.9011752], [77.5731012, 12.9002775], [77.5730137, 12.9000062], [77.5729151, 12.8996823], [77.5728639, 12.8996046], [77.5727487, 12.8993544], [77.5725456, 12.8989976], [77.5716465, 12.8977588], [77.5715503, 12.8976341], [77.5712553, 12.8972517], [77.5708245, 12.8967948], [77.57014, 12.8960361]], [[77.57014, 12.8960361], [77.5695482, 12.8953693], [77.5692191, 12.8949932], [77.5687719, 12.8945321], [77.5682123, 12.8939458], [77.5674777, 12.8932211], [77.566717, 12.8925194], [77.5661453, 12.8919891]], [[77.5661453, 12.8919891], [77.5653166, 12.8912755], [77.5644343, 12.8904835], [77.5639984, 12.8900878], [77.563618, 12.8897372]], [[77.563618, 12.8897372], [77.5634887, 12.8896241], [77.5627011, 12.8889432], [77.5618091, 12.8881719], [77.561521, 12.8879304], [77.5612116, 12.8877215], [77.5604136, 12.8871348], [77.5599738, 12.8869171], [77.5592789, 12.8866668], [77.5590708, 12.8866017], [77.5579868, 12.8862606], [77.5577428, 12.8861991], [77.5568757, 12.8858898]], [[77.5568757, 12.8858898], [77.5562482, 12.8857094], [77.5559889, 12.8856367], [77.5549214, 12.8852865], [77.552925, 12.8846652], [77.5527796, 12.8846245], [77.5511006, 12.8841215], [77.5503576, 12.8839021], [77.5495993, 12.8837093], [77.548092, 12.8833326], [77.5477886, 12.8832503], [77.5475216, 12.8831324], [77.5473191, 12.8830216], [77.5471404, 12.8828975], [77.5470185, 12.8827483], [77.5468242, 12.8823955], [77.5465144, 12.8816785], [77.5455999, 12.8794146]], [[77.5455999, 12.8794146], [77.5448072, 12.8775221], [77.5444246, 12.8766284], [77.5441844, 12.8761403], [77.5439311, 12.8758213], [77.543658, 12.8755361], [77.5433884, 12.8753154], [77.5429577, 12.8750538], [77.5423538, 12.8747967], [77.5412876, 12.8743119], [77.541002, 12.8741433], [77.5407012, 12.8739539], [77.5403602, 12.8736735], [77.540106, 12.8734354], [77.539826, 12.8731484], [77.538419, 12.8713916], [77.5378837, 12.8707251], [77.5367491, 12.8693086], [77.5365886, 12.8691171], [77.5350065, 12.8670555]], [[77.5350065, 12.8670555], [77.5342366, 12.866038], [77.5330171, 12.8644921], [77.5328619, 12.8643238], [77.5324861, 12.8639691], [77.532077, 12.8636242], [77.5314277, 12.8631881], [77.530806, 12.8627735], [77.5304964, 12.8625424], [77.5302856, 12.862197], [77.5299532, 12.8616662], [77.5298172, 12.861435], [77.5294788, 12.860867], [77.5293188, 12.8605979], [77.5292106, 12.8604109], [77.5291132, 12.8602616], [77.527996, 12.8584166], [77.5276932, 12.8579955]]]}}, {"type": "Feature", "properties": {"id": "relation/17038841", "name": "Purple Line (Mysuru Road \u2192 Pattandur Agrahara)", "line": "Purple Line (Mysuru Road \u2192 Pattandur Agrahara)", "colour": "#e542de", "source": "OpenStreetMap", "kind": "metro_line"}, "geometry": {"type": "MultiLineString", "coordinates": [[[77.5300705, 12.9467026], [77.529247, 12.9463302], [77.5287322, 12.9460129]], [[77.5369961, 12.9520333], [77.5371591, 12.9515443], [77.5373042, 12.9511751], [77.5373358, 12.9510371], [77.5373464, 12.9508572], [77.5373392, 12.950638], [77.5372982, 12.9504646], [77.5372563, 12.9503065], [77.5371011, 12.9500204], [77.536924, 12.9498022], [77.5363293, 12.9492213], [77.5360126, 12.9489701], [77.5349587, 12.9483217], [77.5348031, 12.9482374], [77.5346123, 12.9481547], [77.5342717, 12.9480453], [77.5326522, 12.947608], [77.5308855, 12.9470597], [77.5300705, 12.9467026]], [[77.5335505, 12.9618745], [77.5333168, 12.961236], [77.5331494, 12.9608228], [77.5330915, 12.9605924], [77.5330489, 12.9603644], [77.5330454, 12.9601536], [77.5330831, 12.959939], [77.5331853, 12.9596316], [77.5333584, 12.9591891], [77.5337267, 12.9583184], [77.5338671, 12.958037], [77.5340856, 12.9575681], [77.5343019, 12.9570023], [77.5343773, 12.9567115], [77.5344891, 12.9562186], [77.5346192, 12.955708], [77.5347102, 12.955391], [77.5348087, 12.9551762], [77.5349326, 12.9549853], [77.5363766, 12.9535194], [77.5365504, 12.9533141], [77.5366034, 12.953236], [77.5366583, 12.9531345], [77.5369961, 12.9520333]], [[77.5335505, 12.9618745], [77.535332, 12.9658618], [77.53591, 12.9670198], [77.5361759, 12.9675982], [77.5364162, 12.9681899], [77.5366724, 12.9688774], [77.5369304, 12.9696336], [77.5369437, 12.9696725], [77.5373851, 12.9709537]], [[77.5373851, 12.9709537], [77.5376455, 12.9716495], [77.5376878, 12.9717893], [77.5377821, 12.972018], [77.5378733, 12.9722043], [77.5379876, 12.9723908], [77.5381731, 12.9726211], [77.5383439, 12.9727902], [77.5385737, 12.9729692], [77.5388828, 12.9731394], [77.5393938, 12.973282], [77.5418133, 12.9737878], [77.5433831, 12.9741022], [77.5440685, 12.9741802], [77.544553, 12.9742202], [77.5456182, 12.9742184]], [[77.5456182, 12.9742184], [77.5466353, 12.9742172], [77.5468158, 12.9742202], [77.5470987, 12.9742512], [77.5473489, 12.9743092], [77.5475525, 12.9743611], [77.5477263, 12.9744125], [77.5478674, 12.9744523], [77.5480739, 12.9745072], [77.54826, 12.9745391], [77.548387, 12.9745447], [77.5485498, 12.9745321], [77.5487414, 12.9744917], [77.5489113, 12.9744589], [77.5490682, 12.9743736], [77.5493017, 12.9742452], [77.5496005, 12.9740567], [77.5497914, 12.9739299], [77.5499108, 12.9738746], [77.5500564, 12.9738342], [77.5502166, 12.9738007], [77.5503868, 12.9737985], [77.5505434, 12.9738175], [77.5507215, 12.9738645], [77.5509197, 12.9739765], [77.551389, 12.9743387], [77.5521852, 12.974957], [77.552386, 12.9751026], [77.5525507, 12.9752105], [77.5527413, 12.9753325], [77.5529575, 12.975434], [77.5531425, 12.9755038], [77.5533673, 12.9755492], [77.5535305, 12.9755732], [77.5538147, 12.9756017], [77.554243, 12.9756136], [77.5546466, 12.9756234], [77.5549424, 12.9756388], [77.5553548, 12.9756527]], [[77.5553548, 12.9756527], [77.5556381, 12.9756623], [77.555911, 12.9756652], [77.5562052, 12.9756704], [77.5564954, 12.9756832], [77.5568718, 12.9756981], [77.5572107, 12.9757229], [77.5575493, 12.9757426], [77.5577541, 12.9757517], [77.5581788, 12.975783], [77.5585348, 12.9758052], [77.5589281, 12.9758249], [77.5591939, 12.9758223], [77.5596727, 12.9758132], [77.5600612, 12.9758093], [77.5603797, 12.975791], [77.5606303, 12.9757647], [77.561128, 12.9757439], [77.5617331, 12.9757124], [77.5623217, 12.9756472], [77.5626735, 12.9756384], [77.5629631, 12.9756545], [77.5634091, 12.9756847]], [[77.5653744, 12.9759026], [77.5651548, 12.9758761], [77.5634091, 12.9756847]], [[77.5730887, 12.9757512], [77.5712858, 12.9758915], [77.5702937, 12.9759459], [77.5691219, 12.9760245], [77.5669061, 12.9760221], [77.5667157, 12.9760126], [77.5659333, 12.9759496], [77.5653744, 12.9759026]], [[77.584209, 12.9745398], [77.5828632, 12.9737686], [77.5823401, 12.9734651], [77.5819595, 12.973249], [77.581733, 12.9731517], [77.5815382, 12.9730561], [77.5813626, 12.9730231], [77.5811561, 12.9730253], [77.5808943, 12.9731044], [77.5804072, 12.9733469], [77.5781242, 12.9743593], [77.5761364, 12.9751752], [77.5757227, 12.9752869], [77.5752676, 12.9753889], [77.574621, 12.9755395], [77.5741251, 12.9756654], [77.5730887, 12.9757512]], [[77.591831, 12.978996], [77.5909988, 12.9780828], [77.5906011, 12.9776646], [77.5902888, 12.9775063], [77.5878688, 12.9762299], [77.5872113, 12.9759516], [77.585162, 12.9750828], [77.5849634, 12.9749873], [77.584209, 12.9745398]], [[77.5975758, 12.9809794], [77.596332, 12.981389], [77.5959891, 12.9814875], [77.5957175, 12.981555], [77.5955351, 12.9815865], [77.5954526, 12.9815995], [77.5951747, 12.9816319], [77.5948625, 12.9816238], [77.5946898, 12.9815779], [77.5945354, 12.9815248], [77.5940859, 12.981267], [77.5937326, 12.9810182], [77.5932144, 12.9806118], [77.591831, 12.978996]], [[77.600984, 12.9788371], [77.6008378, 12.9791192], [77.6007217, 12.979298], [77.6005932, 12.9794622], [77.600465, 12.9796346], [77.600361, 12.9797674], [77.6002568, 12.9798779], [77.6001007, 12.980013], [77.5999443, 12.9801094], [77.599765, 12.9801791], [77.5986437, 12.9806139], [77.5984238, 12.9806892], [77.5975758, 12.9809794]], [[77.6015865, 12.9772398], [77.6014357, 12.9775886], [77.600984, 12.9788371]], [[77.6072648, 12.9754288], [77.6056655, 12.9758263], [77.6050317, 12.9759788], [77.6048224, 12.9760274], [77.6034255, 12.9763519], [77.6026151, 12.9765402], [77.6023753, 12.9766042], [77.602176, 12.9766914], [77.6019305, 12.9768328], [77.6017655, 12.9769717], [77.6015865, 12.9772398]], [[77.6170235, 12.9730388], [77.6127543, 12.9740171], [77.6123836, 12.9741194], [77.6119198, 12.9742446], [77.6115833, 12.9743258], [77.6113011, 12.9743903], [77.6092619, 12.9748748], [77.6088698, 12.9749744], [77.6085133, 12.9750879], [77.6082539, 12.9751863], [77.6079936, 12.9752551], [77.6072648, 12.9754288]], [[77.626667, 12.9765165], [77.6263726, 12.9761082], [77.6261745, 12.9758559], [77.6260168, 12.9756332], [77.625849, 12.9754521], [77.6252621, 12.9750438], [77.6249241, 12.974819], [77.6224822, 12.973343], [77.6220353, 12.9731346], [77.6216994, 12.9730036], [77.6213137, 12.9728783], [77.6208415, 12.9727635], [77.6205843, 12.9727327], [77.6202515, 12.9727072], [77.619989, 12.9726881], [77.6195888, 12.9726672], [77.6191254, 12.9726407], [77.6188313, 12.9726605], [77.618685, 12.9726712], [77.6186106, 12.9726821], [77.6184159, 12.9727192], [77.6170235, 12.9730388]], [[77.638658, 12.9783526], [77.6377518, 12.978324], [77.6329398, 12.9781719], [77.6326516, 12.9781784], [77.6294414, 12.9784732], [77.6291722, 12.978499], [77.6289717, 12.9784707], [77.6287916, 12.9784045], [77.6285923, 12.9782864], [77.6283522, 12.9781588], [77.6280598, 12.9779767], [77.627733, 12.9777887], [77.6274552, 12.9775754], [77.627223, 12.9773503], [77.626667, 12.9765165]], [[77.6448902, 12.9859543], [77.643377, 12.9853565], [77.6426391, 12.9850604], [77.6412698, 12.9845111], [77.6410345, 12.984385], [77.6408729, 12.9842202], [77.6407286, 12.9840808], [77.6406301, 12.9838587], [77.6405845, 12.9836867], [77.6405581, 12.9834999], [77.6405717, 12.9829247], [77.6407097, 12.9804932], [77.6407663, 12.9794966], [77.6407582, 12.9793037], [77.6407205, 12.9791133], [77.6405997, 12.9788544], [77.6404717, 12.9787005], [77.6403493, 12.9785927], [77.6401643, 12.9784734], [77.6399692, 12.9784061], [77.6396923, 12.9783744], [77.638658, 12.9783526]], [[77.6455011, 12.9861908], [77.6448902, 12.9859543]], [[77.6511678, 12.9903844], [77.6499573, 12.9900415], [77.6496623, 12.9899627], [77.6495509, 12.989928], [77.6494595, 12.9898962], [77.6493752, 12.9898628], [77.6492924, 12.9898206], [77.6492052, 12.9897668], [77.649134, 12.9897151], [77.649068, 12.989661], [77.6489959, 12.9895984], [77.6489357, 12.9895337], [77.6488777, 12.9894669], [77.6488323, 12.9894038], [77.6487879, 12.9893389], [77.648751, 12.9892809], [77.6487082, 12.9892044], [77.6486653, 12.9891106], [77.6486197, 12.9889987], [77.6485762, 12.9888741], [77.6484881, 12.9885788], [77.6483646, 12.9881495], [77.6483194, 12.9880122], [77.6482841, 12.9879134], [77.6482495, 12.9878265], [77.6482138, 12.9877534], [77.648178, 12.9876919], [77.6481465, 12.9876396], [77.6481047, 12.9875709], [77.6480577, 12.9874987], [77.6480088, 12.9874432], [77.6478251, 12.9872112], [77.6475766, 12.9870472], [77.6473186, 12.986909], [77.6462365, 12.9864979], [77.6455011, 12.9861908]], [[77.6523733, 12.9907136], [77.6511678, 12.9903844]], [[77.6523733, 12.9907136], [77.6530453, 12.9908972], [77.6531458, 12.9909244], [77.653601, 12.9910478], [77.6541107, 12.9911905], [77.6542893, 12.9912474], [77.6544586, 12.9913043], [77.6545659, 12.9913523], [77.6546579, 12.9914014], [77.6547638, 12.9914664], [77.6548546, 12.9915376], [77.6551027, 12.9917685], [77.6553536, 12.9920143], [77.6555124, 12.992163], [77.6557084, 12.9923347], [77.6558344, 12.9924388], [77.6559783, 12.9925398], [77.6560908, 12.992616], [77.6563531, 12.9927871]], [[77.6563531, 12.9927871], [77.6565876, 12.9929327], [77.6568285, 12.9930733], [77.6571272, 12.993241], [77.6580015, 12.9937326], [77.6590867, 12.9943442], [77.6597384, 12.9946868], [77.660333, 12.9949897], [77.6609071, 12.9952786], [77.6611274, 12.9953827], [77.6613161, 12.9954598], [77.6614091, 12.9954875]], [[77.6614091, 12.9954875], [77.6616447, 12.9955508], [77.6617803, 12.9955771], [77.6618958, 12.9955949], [77.6620545, 12.9956106], [77.6622463, 12.9956211], [77.6623762, 12.9956227], [77.6625102, 12.9956184], [77.6626172, 12.9956084], [77.6627417, 12.9955914], [77.6629058, 12.9955583], [77.6633673, 12.9954441], [77.663385, 12.9954405], [77.6634411, 12.9954291], [77.663964, 12.9953364]], [[77.663964, 12.9953364], [77.6640495, 12.9953241], [77.6642375, 12.99531], [77.6644399, 12.9953064], [77.6646347, 12.9953103], [77.6648523, 12.9953216]], [[77.6648523, 12.9953216], [77.6650184, 12.9953362], [77.6651806, 12.9953631], [77.6653465, 12.9953921], [77.665474, 12.9954189], [77.6658784, 12.9955318], [77.6660401, 12.9955805], [77.6663443, 12.9956718], [77.6666214, 12.9957688], [77.6674105, 12.9960687], [77.6679149, 12.9962824], [77.6681713, 12.9963969], [77.6684581, 12.9965359]], [[77.6684581, 12.9965359], [77.6686266, 12.9966141], [77.6687979, 12.9966898], [77.668926, 12.9967511], [77.6690841, 12.9967991], [77.6693102, 12.9968671], [77.6694817, 12.9969163], [77.6696071, 12.9969416], [77.6697321, 12.996966], [77.6698793, 12.9969722], [77.6699702, 12.9969676], [77.6700645, 12.9969709], [77.6701596, 12.9969714], [77.6702593, 12.9969832], [77.670393, 12.9970237], [77.6708689, 12.997245], [77.6713188, 12.9974631], [77.6717867, 12.9976927], [77.6720455, 12.9978145], [77.6722096, 12.9978973], [77.6725314, 12.9980604], [77.6727138, 12.9981415], [77.6732204, 12.9983899], [77.6736042, 12.9985813], [77.6739174, 12.9987339], [77.6742881, 12.9989148], [77.6745284, 12.9990216], [77.6749326, 12.9992261], [77.6752298, 12.9993622], [77.6754455, 12.9994701], [77.6759989, 12.999718], [77.6762005, 12.9998001], [77.6763453, 12.9998382], [77.6765138, 12.9998665], [77.6766441, 12.9998841], [77.6768274, 12.9999015]], [[77.6768274, 12.9999015], [77.6773791, 12.9999223], [77.6779104, 12.9999402], [77.6780719, 12.9999455], [77.6784549, 12.9999486], [77.6793546, 12.9999891], [77.6798924, 13.0000192], [77.6803153, 13.0000667], [77.6806405, 13.0001126], [77.6808512, 13.0001568], [77.6811549, 13.0002346], [77.6813639, 13.0002987], [77.6816012, 13.0003899], [77.6817753, 13.0004253], [77.6818724, 13.0004313], [77.6819659, 13.0004307], [77.682422, 13.0004094], [77.6826001, 13.0004037], [77.6829504, 13.0003991], [77.6838221, 13.0004029], [77.6845537, 13.0003793], [77.685483, 13.0003165], [77.6862099, 13.0002588], [77.6863701, 13.000229], [77.6865713, 13.0001788], [77.6867417, 13.000118], [77.686777, 13.0000985], [77.6868443, 13.0000613], [77.6870249, 12.9999511], [77.6872711, 12.9997908], [77.6876871, 12.9994802], [77.687919, 12.9992691], [77.6881958, 12.9989638], [77.6886581, 12.9984762], [77.6888968, 12.9982544], [77.6895132, 12.9979385], [77.6904002, 12.9974968], [77.6907628, 12.997322], [77.6914996, 12.9969943], [77.6930464, 12.9964536], [77.693731, 12.9962102], [77.6945378, 12.9958643], [77.6947259, 12.9957753], [77.6947518, 12.995761], [77.695248, 12.9955417], [77.6955629, 12.9954552], [77.6958819, 12.9954081], [77.696998, 12.9952721], [77.6979295, 12.9951252], [77.6980934, 12.9950801], [77.6982178, 12.9950285], [77.6988657, 12.9947903], [77.6991853, 12.9946689], [77.7000233, 12.9944014], [77.7006702, 12.9942511], [77.7010022, 12.9941751], [77.7013579, 12.9940937], [77.7016046, 12.9940319]], [[77.7016046, 12.9940319], [77.7021195, 12.9938688], [77.7026724, 12.9937193], [77.7030106, 12.9936302], [77.7036431, 12.9934751], [77.7037284, 12.9934533], [77.7041125, 12.9933397], [77.7042506, 12.9932989], [77.7044853, 12.9932352], [77.7047997, 12.9931466], [77.7052259, 12.9930622], [77.705611, 12.9930263], [77.7060577, 12.9930151], [77.7068933, 12.9929702], [77.7075256, 12.9929442], [77.7085908, 12.9929053], [77.7094219, 12.9928669], [77.7100353, 12.9928592], [77.7103674, 12.9928566], [77.710582, 12.9928539], [77.7108057, 12.9928342], [77.7112489, 12.9927265], [77.7116033, 12.9926502], [77.7121164, 12.9924927], [77.7128063, 12.9922766], [77.7134058, 12.9920085], [77.7135924, 12.9918905], [77.7137121, 12.9917753], [77.7138691, 12.9915007], [77.7139348, 12.9913849], [77.7139658, 12.9910695], [77.7139717, 12.9908394], [77.7139679, 12.9907085], [77.7139522, 12.9905843], [77.713885, 12.9904475], [77.7137685, 12.9902858], [77.7136405, 12.9901754], [77.7133807, 12.9900017], [77.7130648, 12.9898069], [77.7126773, 12.9895784], [77.7124184, 12.9894302], [77.7121665, 12.9892801], [77.7119645, 12.9891538], [77.7117506, 12.9890219], [77.7113424, 12.988786]], [[77.7113424, 12.988786], [77.7109265, 12.9885448], [77.7108162, 12.9884809], [77.7104446, 12.9882592], [77.7100897, 12.988072], [77.7098911, 12.9879673], [77.7097276, 12.9878705], [77.709569, 12.9877467], [77.7092982, 12.9874783], [77.7091943, 12.9873391], [77.7090889, 12.9871941], [77.7090254, 12.9870963], [77.7087066, 12.9865123], [77.7085753, 12.98617], [77.7084391, 12.9858086], [77.7083745, 12.985536], [77.7083086, 12.9852203], [77.7082929, 12.9849377], [77.7082878, 12.9846952], [77.708261, 12.9843051], [77.7082655, 12.9841245]], [[77.7082655, 12.9841245], [77.7082815, 12.9836336], [77.708308, 12.9830486], [77.7083185, 12.9829299], [77.7083319, 12.982802], [77.7083478, 12.9826395]], [[77.7083478, 12.9826395], [77.7084681, 12.982074], [77.7086554, 12.981378]], [[77.7086554, 12.981378], [77.7088592, 12.9806564], [77.7088952, 12.980531], [77.7090362, 12.9800319], [77.709277, 12.9792081], [77.7093831, 12.97894], [77.7094808, 12.9787599], [77.7095179, 12.9787109], [77.7096441, 12.9785626], [77.7097876, 12.9784715], [77.7099342, 12.9783927], [77.7100535, 12.9783489], [77.7102151, 12.9782931], [77.710296, 12.978272], [77.7104506, 12.9782521], [77.7107452, 12.9782488], [77.7111988, 12.9781701], [77.7120394, 12.9780578]], [[77.7120394, 12.9780578], [77.7123292, 12.9780258], [77.7131762, 12.9779198], [77.7145191, 12.9777645], [77.714913, 12.9777052], [77.7158088, 12.9775704], [77.7160828, 12.9775256], [77.7163459, 12.9774826], [77.7166716, 12.9774493], [77.7175204, 12.9773696], [77.7182437, 12.9773121], [77.7185947, 12.9772907], [77.719845, 12.9771914], [77.7216556, 12.9769944], [77.7226763, 12.9768883], [77.7228125, 12.9768671], [77.722946, 12.9768427], [77.7230849, 12.9768165], [77.7231766, 12.9767984], [77.7232719, 12.9767826], [77.7235936, 12.9767378], [77.7243773, 12.9766628], [77.7253457, 12.9765754], [77.7256115, 12.9765504]], [[77.7256115, 12.9765504], [77.7261095, 12.9765045], [77.7262489, 12.9765073], [77.7263478, 12.9765153], [77.7264656, 12.9765378], [77.7265518, 12.976567], [77.7266957, 12.9766198], [77.7267716, 12.976659], [77.7268277, 12.9766985], [77.726878, 12.97674], [77.7269501, 12.9768024], [77.7270187, 12.9768696], [77.7270924, 12.9769531], [77.7271494, 12.9770428], [77.7272024, 12.9771382], [77.7272434, 12.9772332], [77.7272747, 12.9773535], [77.7272962, 12.9774861], [77.7273114, 12.9780455]], [[77.7273114, 12.9780455], [77.7273175, 12.9783598], [77.7273221, 12.9785878], [77.7273128, 12.9788052], [77.7272861, 12.9793425], [77.7272849, 12.9795613], [77.7272905, 12.9796921], [77.7273158, 12.9800306], [77.7273392, 12.9801649], [77.7273765, 12.9803557], [77.7274254, 12.9806324], [77.7274981, 12.9810226], [77.7276214, 12.9815427], [77.7276627, 12.9817149], [77.7277262, 12.9820198], [77.7277803, 12.9822129], [77.7278496, 12.9824537], [77.7280578, 12.9829475], [77.7282693, 12.9833414], [77.7284459, 12.9835931], [77.7286687, 12.9838892], [77.729011, 12.9843087], [77.7294868, 12.9848739], [77.7297026, 12.9851173], [77.7299584, 12.9853916], [77.7302058, 12.9856112], [77.7304072, 12.9857583], [77.7305934, 12.9858759], [77.7314705, 12.9863852], [77.7316855, 12.9865155], [77.7317619, 12.98657], [77.7318453, 12.9866437], [77.7319289, 12.9867218], [77.7320424, 12.9868378], [77.7322034, 12.9870507], [77.7323527, 12.9872631], [77.7324732, 12.9874361], [77.7325532, 12.9875213], [77.7326804, 12.9876344], [77.7327684, 12.9876992], [77.7328527, 12.9877562], [77.7329621, 12.9878162], [77.7330671, 12.9878575], [77.7332213, 12.987909], [77.7333737, 12.9879307], [77.7334589, 12.9879363], [77.7336375, 12.9879267], [77.7339588, 12.9878873], [77.7350801, 12.9877178], [77.7352949, 12.9876843]], [[77.7352949, 12.9876843], [77.7355565, 12.9876569], [77.7358537, 12.9876355], [77.7366517, 12.9876339], [77.7372334, 12.9876376], [77.7380841, 12.987637], [77.7383542, 12.987637], [77.7392017, 12.9876362], [77.7399572, 12.987627]]]}}, {"type": "Feature", "properties": {"id": "relation/17038842", "name": "Purple Line (Pattandur Agrahara \u2192 Mysuru Road)", "line": "Purple Line (Pattandur Agrahara \u2192 Mysuru Road)", "colour": "#e542de", "source": "OpenStreetMap", "kind": "metro_line"}, "geometry": {"type": "MultiLineString", "coordinates": [[[77.7352886, 12.987641], [77.7355424, 12.9876152], [77.7358363, 12.9875913], [77.7366575, 12.9875886], [77.7370019, 12.9875915], [77.7372451, 12.9875935], [77.7380977, 12.9875875], [77.7388219, 12.9875932], [77.7392131, 12.9875963], [77.7399579, 12.9875824]], [[77.7273582, 12.9780451], [77.7273692, 12.9783549], [77.7273782, 12.978592], [77.7273684, 12.978808], [77.7273378, 12.9793403], [77.7273309, 12.9795468], [77.7273354, 12.9796888], [77.727359, 12.9799936], [77.7273877, 12.9801595], [77.7274295, 12.9803512], [77.7274963, 12.9807354], [77.7275514, 12.9810198], [77.7276813, 12.9815671], [77.727777, 12.9819994], [77.7278298, 12.9822191], [77.7278902, 12.9824329], [77.7280957, 12.9829329], [77.7282764, 12.983274], [77.7284809, 12.9835682], [77.7287039, 12.9838597], [77.7290455, 12.9842791], [77.7295243, 12.9848511], [77.7297323, 12.9850841], [77.7299941, 12.9853615], [77.7302323, 12.9855751], [77.7304264, 12.985721], [77.7306081, 12.9858402], [77.7314935, 12.9863465], [77.7317138, 12.98648], [77.7318687, 12.986603], [77.731955, 12.9866817], [77.7320834, 12.9868116], [77.7321671, 12.9869178], [77.732512, 12.9874124], [77.7327049, 12.9876042], [77.7328002, 12.9876726], [77.7328857, 12.987724], [77.7329743, 12.9877694], [77.7331483, 12.9878407], [77.7333139, 12.9878802], [77.7334369, 12.9878925], [77.7335902, 12.9878866], [77.7339609, 12.9878427], [77.7349683, 12.9876844], [77.7352886, 12.987641]], [[77.7255885, 12.9765149], [77.7261093, 12.9764606], [77.7262479, 12.9764607], [77.7263672, 12.9764711], [77.7264837, 12.9764929], [77.7265932, 12.9765259], [77.7267153, 12.9765765], [77.7267928, 12.9766158], [77.7268573, 12.9766569], [77.7269227, 12.9767058], [77.726986, 12.9767665], [77.7270693, 12.9768498], [77.7271321, 12.9769283], [77.7271929, 12.9770224], [77.7272568, 12.9771445], [77.7272893, 12.9772253], [77.7273208, 12.9773463], [77.7273398, 12.9774713], [77.7273582, 12.9780451]], [[77.7120314, 12.9780405], [77.7123254, 12.9780033], [77.7131725, 12.9778967], [77.7145125, 12.9777202], [77.7149061, 12.977661], [77.715061, 12.9776292], [77.7158014, 12.9775263], [77.7163397, 12.9774383], [77.716667, 12.9774048], [77.7175168, 12.977325], [77.7185912, 12.9772614], [77.7198403, 12.9771469], [77.721651, 12.9769499], [77.7226598, 12.9768472], [77.7228115, 12.9768276], [77.7229506, 12.9767991], [77.7230798, 12.9767743], [77.7231681, 12.9767585], [77.7232637, 12.9767414], [77.7235906, 12.9766976], [77.7243495, 12.9766126], [77.7255885, 12.9765149]], [[77.7086129, 12.9813697], [77.7088149, 12.9806449], [77.7089169, 12.980285], [77.708992, 12.9800198], [77.7092334, 12.9791939], [77.7093413, 12.9789214], [77.7094418, 12.9787361], [77.7094817, 12.9786833], [77.7096132, 12.9785288], [77.709764, 12.9784331], [77.7099149, 12.978352], [77.7100378, 12.9783069], [77.7102015, 12.9782504], [77.710287, 12.9782281], [77.7104473, 12.9782074], [77.710742, 12.9782041], [77.7111972, 12.9781466], [77.7120314, 12.9780405]], [[77.7083024, 12.9826328], [77.7084234, 12.9820637], [77.7086129, 12.9813697]], [[77.7082196, 12.9841232], [77.7082356, 12.9836319], [77.7082622, 12.9830457], [77.7082728, 12.9829257], [77.7082862, 12.9827976], [77.7083024, 12.9826328]], [[77.7113181, 12.9888208], [77.7104193, 12.9883115], [77.7099132, 12.9880405], [77.7096804, 12.9878986], [77.7094985, 12.9877548], [77.7092611, 12.9875285], [77.709128, 12.9873311], [77.709003, 12.9871169], [77.708657, 12.9865126], [77.7085306, 12.9861865], [77.7083993, 12.9858203], [77.7083398, 12.9855473], [77.7082865, 12.985235], [77.7082684, 12.9849389], [77.7082503, 12.9846851], [77.7082151, 12.9843032], [77.7082196, 12.9841232]], [[77.7015918, 12.9939889], [77.7021063, 12.993826], [77.7026603, 12.9936762], [77.702999, 12.9935869], [77.7032966, 12.9935165], [77.703632, 12.9934317], [77.7037157, 12.9934103], [77.7042378, 12.993256], [77.7044713, 12.9931926], [77.7047836, 12.9931124], [77.7052202, 12.9930178], [77.7056082, 12.9929816], [77.7060558, 12.9929704], [77.7068911, 12.9929255], [77.7075238, 12.9928995], [77.7085889, 12.9928606], [77.7094205, 12.9928222], [77.7100348, 12.9928145], [77.7103669, 12.9928119], [77.7105796, 12.9928092], [77.710798, 12.99279], [77.7112384, 12.992683], [77.7115914, 12.992607], [77.7121025, 12.9924501], [77.7127915, 12.9922343], [77.7133551, 12.9919834], [77.7135442, 12.9918709], [77.7136617, 12.9917563], [77.713819, 12.9914749], [77.7138888, 12.9913501], [77.7139002, 12.9911631], [77.7139108, 12.9909934], [77.7139123, 12.9908379], [77.7139043, 12.9907235], [77.7138915, 12.9906047], [77.7138331, 12.9904612], [77.7137176, 12.990294], [77.7135586, 12.9901617], [77.7132745, 12.9899771], [77.7128079, 12.9896897], [77.712253, 12.9893718], [77.7118453, 12.9891327], [77.7113181, 12.9888208]], [[77.6768299, 12.9998537], [77.6773791, 12.9998651], [77.6778421, 12.9998836], [77.6782501, 12.9998924], [77.6791508, 12.9999283], [77.6799069, 12.9999771], [77.6803133, 13.0000252], [77.6806338, 13.0000722], [77.6808602, 13.0001129], [77.6811676, 13.0001916], [77.6813792, 13.0002565], [77.6816144, 13.0003469], [77.6817815, 13.0003809], [77.6818737, 13.0003866], [77.6819646, 13.000386], [77.6824202, 13.0003647], [77.682599, 13.000359], [77.6829502, 13.0003544], [77.6838214, 13.0003582], [77.6845514, 13.0003346], [77.6854795, 13.0002719], [77.6862037, 13.0002144], [77.6863601, 13.0001853], [77.6865577, 13.000136], [77.6867224, 13.0000773], [77.6868208, 13.0000229], [77.687, 12.9999136], [77.6872444, 12.9997544], [77.6876574, 12.999446], [77.6878861, 12.9992379], [77.6881617, 12.9989338], [77.6886254, 12.9984448], [77.6888698, 12.9982177], [77.6894921, 12.9978988], [77.6903796, 12.9974569], [77.6907431, 12.9972816], [77.6914823, 12.9969528], [77.6921457, 12.9966967], [77.6937139, 12.9961687], [77.6945185, 12.9958237], [77.6947063, 12.9957349], [77.695232, 12.9954997], [77.6955535, 12.99541], [77.6958757, 12.9953638], [77.6969915, 12.9952278], [77.6979196, 12.9950815], [77.6980781, 12.9950378], [77.6982007, 12.994987], [77.6988493, 12.9947486], [77.6991698, 12.9946268], [77.7000108, 12.9943583], [77.7002222, 12.9943092], [77.7006596, 12.9942076], [77.7013469, 12.9940503], [77.7015918, 12.9939889]], [[77.6684788, 12.996496], [77.6686459, 12.9965736], [77.6688175, 12.9966494], [77.668943, 12.9967094], [77.6690977, 12.9967564], [77.6693234, 12.9968243], [77.6694928, 12.9968729], [77.6696163, 12.9968978], [77.6697376, 12.9969215], [77.6698791, 12.9969274], [77.6699698, 12.9969228], [77.6700655, 12.9969262], [77.6701625, 12.9969267], [77.670269, 12.9969393], [77.6704098, 12.996982], [77.670889, 12.9972048], [77.6713393, 12.9974231], [77.671807, 12.9976526], [77.6720651, 12.9977741], [77.6722184, 12.9978515], [77.6725529, 12.9980144], [77.6727326, 12.9981007], [77.6732405, 12.9983497], [77.673625, 12.9985414], [77.6739379, 12.9986939], [77.6743078, 12.9988744], [77.6745484, 12.9989813], [77.6749532, 12.9991862], [77.6752501, 12.9993221], [77.6754647, 12.9994295], [77.6760165, 12.9996776], [77.6762081, 12.9997609], [77.6763723, 12.9998046], [77.6765217, 12.9998284], [77.6766417, 12.9998419], [77.6768299, 12.9998537]], [[77.664851, 12.9952827], [77.6650278, 12.9953008], [77.6651895, 12.9953282], [77.6653486, 12.9953574], [77.6654861, 12.9953881], [77.6658958, 12.9955049], [77.6662499, 12.9956073], [77.6666321, 12.9957325], [77.6674281, 12.9960274], [77.6679336, 12.9962416], [77.6681911, 12.9963566], [77.6684788, 12.996496]], [[77.6639571, 12.9952986], [77.6640402, 12.9952845], [77.6642351, 12.995272], [77.66444, 12.9952675], [77.6646389, 12.995273], [77.664851, 12.9952827]], [[77.6614195, 12.9954531], [77.6615806, 12.995495], [77.6617584, 12.9955362], [77.6618749, 12.9955597], [77.6619956, 12.9955698], [77.6621445, 12.9955802], [77.6623239, 12.9955872], [77.6625089, 12.9955826], [77.6626262, 12.9955725], [77.6627361, 12.9955593], [77.6628594, 12.9955363], [77.6630589, 12.9954928], [77.6633536, 12.9954111], [77.6633788, 12.9954064], [77.6634597, 12.9953915], [77.6639571, 12.9952986]], [[77.6563674, 12.9927537], [77.656603, 12.9929013], [77.6569151, 12.9930836], [77.6571496, 12.9932143], [77.6580135, 12.9936992], [77.6590839, 12.9943055], [77.6597545, 12.9946521], [77.6603537, 12.9949586], [77.660941, 12.9952562], [77.6611438, 12.9953501], [77.6613231, 12.9954238], [77.6614195, 12.9954531]], [[77.652392, 12.9906745], [77.6530525, 12.990854], [77.6531588, 12.9908839], [77.6536176, 12.9910128], [77.6537983, 12.9910636], [77.6541185, 12.991153], [77.65431, 12.9912094], [77.6544559, 12.9912621], [77.6545903, 12.9913217], [77.6546919, 12.9913775], [77.6547893, 12.9914404], [77.6548821, 12.9915174], [77.6551351, 12.991748], [77.6553877, 12.9919939], [77.6555428, 12.9921447], [77.6557319, 12.9923046], [77.655866, 12.9924154], [77.6560012, 12.9925169], [77.6561167, 12.9925892], [77.6563674, 12.9927537]], [[77.652392, 12.9906745], [77.651179, 12.9903448]], [[77.651179, 12.9903448], [77.6506271, 12.9901858], [77.650399, 12.9901211], [77.6499792, 12.9900105], [77.6497371, 12.9899426], [77.6495952, 12.9899017], [77.6494829, 12.9898627], [77.6493669, 12.9898126], [77.6492708, 12.9897611], [77.6491794, 12.9896991], [77.649107, 12.9896466], [77.6490383, 12.9895861], [77.6489727, 12.9895235], [77.6488982, 12.9894379], [77.6488414, 12.989358], [77.6487923, 12.9892812], [77.6487499, 12.9892025], [77.6487117, 12.9891275], [77.6486728, 12.989039], [77.6486432, 12.9889625], [77.6486167, 12.9888934], [77.6483727, 12.9880503], [77.6483341, 12.9879367], [77.6482996, 12.9878535], [77.6482633, 12.9877736], [77.648224, 12.9876996], [77.648176, 12.9876159], [77.6481296, 12.9875455], [77.6480803, 12.9874735], [77.6480295, 12.9874063], [77.6478547, 12.9871768], [77.6476006, 12.987009], [77.6473381, 12.9868684], [77.6462539, 12.9864565], [77.6455186, 12.9861495]], [[77.6455186, 12.9861495], [77.6449072, 12.9859128]], [[77.6449072, 12.9859128], [77.6433944, 12.9853151], [77.6426566, 12.9850191], [77.6412897, 12.9844707], [77.6410628, 12.9843491], [77.6409056, 12.9841889], [77.6407672, 12.9840551], [77.6406736, 12.9838442], [77.6406296, 12.983678], [77.6406041, 12.9834974], [77.6406176, 12.9829264], [77.6407834, 12.9800045], [77.6408122, 12.9794969], [77.6408039, 12.9792985], [77.6407645, 12.9790996], [77.640639, 12.9788307], [77.6405051, 12.9786697], [77.6403775, 12.9785573], [77.6401849, 12.9784331], [77.6399797, 12.9783623], [77.6396955, 12.9783297], [77.6386592, 12.9783079]], [[77.6386592, 12.9783079], [77.6377533, 12.9782793], [77.63294, 12.9781272], [77.6326489, 12.9781337], [77.629437, 12.9784287], [77.6291733, 12.978454], [77.6289832, 12.9784271], [77.6288118, 12.9783641], [77.6286152, 12.9782476], [77.6283756, 12.9781203], [77.6280838, 12.9779386], [77.627759, 12.9777517], [77.6274857, 12.9775419], [77.6272588, 12.977322], [77.626705, 12.9764915]], [[77.626705, 12.9764915], [77.6264096, 12.9760818], [77.6262116, 12.9758296], [77.6260529, 12.9756054], [77.6258797, 12.9754185], [77.6252884, 12.9750071], [77.6249491, 12.9747815], [77.6225043, 12.9733037], [77.6220537, 12.9730936], [77.6217152, 12.9729616], [77.6213265, 12.9728353], [77.6208499, 12.9727195], [77.6205889, 12.9726882], [77.620255, 12.9726626], [77.6199919, 12.9726435], [77.6195914, 12.9726226], [77.6191252, 12.9725959], [77.618827, 12.972616], [77.6186065, 12.9726416], [77.6184067, 12.9726754], [77.617013, 12.9729953]], [[77.617013, 12.9729953], [77.6127428, 12.9739738], [77.6123712, 12.9740763], [77.6119082, 12.9742013], [77.6115725, 12.9742823], [77.6112904, 12.9743468], [77.6092507, 12.9748314], [77.6088569, 12.9749315], [77.6084978, 12.9750458], [77.6082395, 12.9751438], [77.6079815, 12.975212], [77.6062979, 12.9756285]], [[77.6062979, 12.9756285], [77.6056543, 12.9757829], [77.605299, 12.9758684], [77.6050209, 12.9759353], [77.6030191, 12.9764004], [77.6026037, 12.9764969], [77.6023598, 12.976562], [77.6021549, 12.9766516], [77.6019036, 12.9767963], [77.6017306, 12.976942], [77.6015458, 12.9772188]], [[77.6015458, 12.9772188], [77.6013929, 12.9775725], [77.6009417, 12.9788195]], [[77.6009417, 12.9788195], [77.6007978, 12.9790971], [77.600684, 12.9792724], [77.6005564, 12.9794355], [77.6004282, 12.9796079], [77.6003258, 12.9797387], [77.6002246, 12.979846], [77.600073, 12.9799772], [77.5999234, 12.9800694], [77.599748, 12.9801376], [77.5986276, 12.980572], [77.5984083, 12.980656], [77.597562, 12.9808954]], [[77.597562, 12.9808954], [77.5966655, 12.9812185], [77.5963182, 12.9813464], [77.5959769, 12.9814444], [77.5957078, 12.9815113], [77.5955274, 12.9815424], [77.5954462, 12.9815552], [77.5951726, 12.9815871], [77.5948692, 12.9815792], [77.5947035, 12.9815352], [77.5945549, 12.9814841], [77.594111, 12.9812295], [77.5937604, 12.9809826], [77.5932441, 12.9805777], [77.5919999, 12.9789626], [77.5911088, 12.9779727]], [[77.5911088, 12.9779727], [77.590833, 12.9777625], [77.5906246, 12.9776261], [77.5903103, 12.9774668], [77.5878889, 12.9761897], [77.5872296, 12.9759106], [77.5865498, 12.9756398], [77.586462, 12.9756035], [77.5851813, 12.9750422], [77.5849855, 12.9749481], [77.5842326, 12.9745014]], [[77.5842326, 12.9745014], [77.5828866, 12.9737301], [77.5823634, 12.9734266], [77.5819804, 12.9732091], [77.5817526, 12.9731112], [77.5815531, 12.9730134], [77.5813667, 12.9729783], [77.5811489, 12.9729807], [77.5808769, 12.9730628], [77.5803872, 12.9733066], [77.5781058, 12.9743183], [77.5761213, 12.9751329], [77.5757114, 12.9752435], [77.5746028, 12.9754592], [77.5741231, 12.9755728], [77.5728057, 12.9756704]], [[77.5728057, 12.9756704], [77.5712892, 12.9757916], [77.5702903, 12.9759013], [77.5691203, 12.9759798], [77.5669073, 12.9759774], [77.5667188, 12.975968], [77.5659372, 12.975905], [77.5653792, 12.9758581]], [[77.5653792, 12.9758581], [77.5651602, 12.9758317], [77.5634133, 12.9756402]], [[77.5553564, 12.975608], [77.5556391, 12.9756176], [77.5559117, 12.9756205], [77.5562067, 12.9756257], [77.5564974, 12.9756385], [77.5568745, 12.9756535], [77.5572138, 12.9756783], [77.5575517, 12.9756979], [77.5577569, 12.9757071], [77.558182, 12.9757384], [77.5585374, 12.9757606], [77.558929, 12.9757802], [77.5591932, 12.9757776], [77.559672, 12.9757685], [77.5600596, 12.9757646], [77.5603759, 12.9757464], [77.5606269, 12.9757201], [77.5611258, 12.9756992], [77.5617293, 12.9756678], [77.5623185, 12.9756026], [77.5626742, 12.9755937], [77.562966, 12.9756099], [77.5634133, 12.9756402]], [[77.5456189, 12.9741737], [77.5466357, 12.9741725], [77.5468189, 12.9741756], [77.5471055, 12.9742069], [77.5473599, 12.9742658], [77.5475645, 12.9743179], [77.5477387, 12.9743694], [77.5478798, 12.9744092], [77.5480832, 12.9744634], [77.5482622, 12.9744942], [77.5483811, 12.9745003], [77.54854, 12.9744884], [77.5487278, 12.9744489], [77.5488918, 12.9744183], [77.5490457, 12.9743346], [77.5492779, 12.9742069], [77.5495751, 12.9740195], [77.5497685, 12.973891], [77.5498946, 12.9738326], [77.5500453, 12.9737908], [77.5502114, 12.973756], [77.5503893, 12.9737538], [77.5505523, 12.9737735], [77.5507393, 12.9738229], [77.5509456, 12.9739394], [77.5514175, 12.9743037], [77.5522132, 12.9749216], [77.5524125, 12.9750661], [77.5525761, 12.9751733], [77.5527639, 12.9752935], [77.5529758, 12.9753929], [77.5531555, 12.9754608], [77.5533754, 12.9755052], [77.5535363, 12.9755288], [77.5538177, 12.9755571], [77.5542442, 12.9755689], [77.5546484, 12.9755787], [77.5549444, 12.9755941], [77.5553564, 12.975608]], [[77.5374285, 12.9709391], [77.5377307, 12.9717735], [77.5378241, 12.972], [77.5379138, 12.9721832], [77.5380255, 12.9723654], [77.5382076, 12.9725915], [77.5383747, 12.9727569], [77.5385995, 12.972932], [77.5389007, 12.9730979], [77.5394049, 12.9732386], [77.5418227, 12.973744], [77.5433912, 12.9740582], [77.5440739, 12.9741358], [77.5445572, 12.9741757], [77.5456189, 12.9741737]], [[77.5335932, 12.9618581], [77.5353741, 12.965844], [77.5359522, 12.9670023], [77.5362194, 12.9675838], [77.5364583, 12.9681721], [77.5367153, 12.9688614], [77.536883, 12.9693528], [77.5369872, 12.9696583], [77.5374285, 12.9709391]], [[77.5335932, 12.9618581], [77.5333598, 12.9612203], [77.5331932, 12.9608092], [77.5331364, 12.9605831], [77.5330947, 12.96036], [77.5330913, 12.960157], [77.5331278, 12.9599497], [77.5332286, 12.9596465], [77.5334011, 12.9592056], [77.5337686, 12.9583367], [77.5339086, 12.958056], [77.534128, 12.9575852], [77.5343458, 12.9570156], [77.534422, 12.9567218], [77.5345338, 12.9562288], [77.5346636, 12.9557194], [77.5347535, 12.9554062], [77.5348492, 12.9551974], [77.5349689, 12.955013], [77.5364109, 12.9535492], [77.5365873, 12.9533407], [77.5366429, 12.9532588], [77.536701, 12.9531515], [77.5370399, 12.9520466]], [[77.5370399, 12.9520466], [77.5372034, 12.951556], [77.5373429, 12.9511939], [77.5373698, 12.9510652], [77.5373746, 12.9510423], [77.537387, 12.9508561], [77.5373769, 12.9506392], [77.5373384, 12.9504502], [77.5372921, 12.9502855], [77.5371611, 12.9500166], [77.5369484, 12.9497616], [77.536344, 12.9491907], [77.5360304, 12.948934], [77.5349885, 12.9482851], [77.5347744, 12.948174], [77.5344399, 12.9480489], [77.5341284, 12.9479608], [77.5326658, 12.9475653], [77.5309019, 12.9470179], [77.5300896, 12.9466619]], [[77.5300896, 12.9466619], [77.529269, 12.9462909], [77.5289894, 12.9461185], [77.5287581, 12.945976]]]}}, {"type": "Feature", "properties": {"id": "relation/19421927", "name": "Yellow Line (Delta Electronics Bommasandra \u2192 Rashtreeya Vidyalaya Road)", "line": "Yellow Line (Delta Electronics Bommasandra \u2192 Rashtreeya Vidyalaya Road)", "colour": "yellow", "source": "OpenStreetMap", "kind": "metro_line"}, "geometry": {"type": "MultiLineString", "coordinates": [[[77.6879957, 12.8197552], [77.6877332, 12.8200439], [77.6868568, 12.821048], [77.6859328, 12.8220243], [77.6849106, 12.8231125], [77.6844116, 12.8236438], [77.6840261, 12.8240541], [77.6835611, 12.8245491], [77.6831457, 12.8251124], [77.6828368, 12.8257068], [77.6826745, 12.8260193], [77.6820854, 12.8271471], [77.681884, 12.8275758], [77.6817098, 12.8279979], [77.6812303, 12.8294441], [77.6812139, 12.8294934], [77.6807093, 12.8310175], [77.6805328, 12.8315503], [77.6802827, 12.8323931], [77.6800789, 12.8332548], [77.679482, 12.8349053], [77.6791482, 12.8357863], [77.6787967, 12.836664], [77.6783435, 12.8377346], [77.6782024, 12.8379911], [77.6778392, 12.8385126], [77.6771361, 12.839432], [77.6765258, 12.8402301], [77.6752603, 12.8418927], [77.6746219, 12.8427361], [77.674288, 12.8431466], [77.6739366, 12.8435452], [77.6730817, 12.844466], [77.6728249, 12.8447131], [77.6725413, 12.8449409], [77.672041, 12.8453019], [77.6718227, 12.8454945], [77.6716687, 12.8456949], [77.6709184, 12.8467985], [77.6708154, 12.84695], [77.6704667, 12.8475327], [77.6701753, 12.8480561], [77.6698355, 12.8485514], [77.6684073, 12.8504165], [77.6674537, 12.8516247], [77.6665551, 12.8528576], [77.6650534, 12.8547847], [77.6648881, 12.8549968], [77.6645395, 12.8553772], [77.6641147, 12.8557842], [77.6632379, 12.8567984], [77.6628116, 12.8573115], [77.6623674, 12.8579357], [77.6620447, 12.8584186], [77.6615529, 12.8591545], [77.6605625, 12.8605064], [77.6596874, 12.8616197], [77.6587084, 12.8628298], [77.6578474, 12.8639084], [77.6575832, 12.8642294], [77.6572789, 12.8645991], [77.6532132, 12.8697173], [77.6529726, 12.8700471], [77.6524723, 12.8706913], [77.6521471, 12.8710849], [77.6520847, 12.8711605], [77.6519746, 12.8712937], [77.6517123, 12.8716244], [77.6505681, 12.8730909], [77.6494942, 12.8742946], [77.6474277, 12.8766157], [77.6471997, 12.8769155], [77.6469235, 12.8773375], [77.6463799, 12.8782654], [77.6455402, 12.8796402], [77.6447743, 12.8809164], [77.6446126, 12.8811794], [77.6429108, 12.8839478], [77.6401371, 12.8884395], [77.639431, 12.8895341], [77.6389484, 12.8903178], [77.6388146, 12.890535], [77.6377, 12.8924065], [77.6365557, 12.8942698], [77.6355004, 12.8959295], [77.6346322, 12.8973794], [77.6333065, 12.8995638], [77.6328347, 12.9003159], [77.6316985, 12.9021241], [77.6306681, 12.9038128], [77.630616, 12.9038961], [77.6301981, 12.9045491], [77.6301509, 12.9046229], [77.6296937, 12.9053552], [77.6289851, 12.9065466], [77.6269081, 12.9099145], [77.6264736, 12.9106073], [77.6261256, 12.9111955], [77.6257025, 12.9118988], [77.6253283, 12.9125485], [77.6249185, 12.913185], [77.6244868, 12.9138877], [77.6240978, 12.9146132], [77.6231102, 12.9163978], [77.6230538, 12.9164739], [77.6229908, 12.9165466], [77.6229222, 12.9166143], [77.6228485, 12.9166767], [77.6227701, 12.9167333], [77.6226874, 12.916784], [77.6226011, 12.9168283], [77.6225115, 12.916866], [77.6224164, 12.9168977], [77.6223191, 12.916922], [77.6222201, 12.9169387], [77.6221201, 12.9169477], [77.6220196, 12.916949], [77.6219194, 12.9169426], [77.62182, 12.9169284], [77.6217221, 12.9169067], [77.6216236, 12.9168814]], [[77.6216236, 12.9168814], [77.620117, 12.9164026], [77.6195373, 12.9162369], [77.6193244, 12.9161987], [77.6192082, 12.9161941], [77.6190773, 12.9161981], [77.6189485, 12.916209], [77.618735, 12.9162277], [77.6183923, 12.916248], [77.6175719, 12.9162409], [77.6171062, 12.9162109], [77.6166736, 12.9162002], [77.6155447, 12.9163316], [77.6154675, 12.916339], [77.6150454, 12.9163797], [77.6141904, 12.9164355], [77.6139494, 12.9164399], [77.6118316, 12.9164998], [77.610688, 12.9164974], [77.6087608, 12.9165442], [77.6076327, 12.916573], [77.6068897, 12.9165951], [77.6046167, 12.9166612], [77.6018911, 12.9166905], [77.5997303, 12.9167282], [77.5986723, 12.9167466], [77.5976375, 12.9167755], [77.5964828, 12.9167928], [77.5950584, 12.9168276], [77.5940267, 12.9168521], [77.5909445, 12.9168999], [77.5903436, 12.9169105], [77.5900333, 12.9169255], [77.5896691, 12.9169989], [77.589378, 12.9170385], [77.5890486, 12.9170478], [77.5877835, 12.9170748], [77.5876763, 12.9170767], [77.5874615, 12.9170788], [77.5873082, 12.9170733], [77.5871789, 12.9170588], [77.5869901, 12.9170319], [77.5867445, 12.9169923], [77.5851693, 12.917016], [77.5836145, 12.9170513], [77.5815305, 12.9171024], [77.5813655, 12.9171086], [77.5812146, 12.9171225], [77.5811085, 12.9171416], [77.5810083, 12.9171681], [77.5808986, 12.9172066], [77.5807829, 12.9172615], [77.5806987, 12.9173153], [77.5806045, 12.917384], [77.5805195, 12.9174677], [77.5804496, 12.9175375], [77.5803809, 12.9176266], [77.5803281, 12.9177207], [77.5802843, 12.9178131], [77.5802471, 12.917901], [77.5802166, 12.9179984], [77.5801943, 12.9180984], [77.58018, 12.9181839], [77.5801706, 12.9182694], [77.5801516, 12.9191167], [77.5801489, 12.9193001], [77.5801412, 12.9194397], [77.5801271, 12.9195898], [77.5800967, 12.919844], [77.5800846, 12.9199933], [77.5800746, 12.9201505], [77.580062, 12.9203324], [77.5800587, 12.9205077], [77.5800583, 12.9207953], [77.5800465, 12.9219877]]]}}, {"type": "Feature", "properties": {"id": "relation/19421944", "name": "Yellow Line (Rashtreeya Vidyalaya Road \u2192 Delta Electronics Bommasandra)", "line": "Yellow Line (Rashtreeya Vidyalaya Road \u2192 Delta Electronics Bommasandra)", "colour": "yellow", "source": "OpenStreetMap", "kind": "metro_line"}, "geometry": {"type": "MultiLineString", "coordinates": [[[77.5800946, 12.9209601], [77.5800962, 12.9208053], [77.5800985, 12.9205099], [77.5801099, 12.9202277], [77.5801213, 12.9200705], [77.580133, 12.919924], [77.5801614, 12.9196788], [77.5801776, 12.9195208], [77.5801927, 12.9193166], [77.5801964, 12.9191248], [77.5802085, 12.9184202], [77.5802126, 12.9183003], [77.5802183, 12.9182041], [77.58023, 12.9181286], [77.5802494, 12.918032], [77.5802699, 12.917949], [77.5803055, 12.9178592], [77.5803353, 12.917788], [77.5803737, 12.917715], [77.5804298, 12.9176344], [77.5805043, 12.917548], [77.5806018, 12.9174512], [77.5806689, 12.9173926], [77.5807789, 12.9173151], [77.5808743, 12.9172663], [77.5809933, 12.9172195], [77.5811054, 12.9171858], [77.5812289, 12.9171603], [77.5813427, 12.9171458], [77.581475, 12.9171421], [77.5836204, 12.9170875], [77.5848673, 12.9170598], [77.5867112, 12.9170188], [77.5869875, 12.9170696], [77.5871838, 12.9170988], [77.5873096, 12.9171097], [77.5874966, 12.9171157], [77.5876916, 12.9171111], [77.588698, 12.9170892], [77.5890492, 12.9170815], [77.5893702, 12.9170741], [77.5895863, 12.9170472], [77.5900464, 12.9169568], [77.5903422, 12.9169431], [77.5909409, 12.9169317], [77.5940177, 12.9168789], [77.5950593, 12.9168585], [77.5964892, 12.9168259], [77.5976424, 12.9168215], [77.5986695, 12.9167995], [77.6004425, 12.9167643], [77.6018923, 12.9167356], [77.6046249, 12.916703], [77.6068967, 12.9166312], [77.6086222, 12.916598], [77.6087629, 12.9165953], [77.6106888, 12.9165433], [77.6118316, 12.9165458], [77.6139503, 12.9164858], [77.6141978, 12.9164736], [77.6150608, 12.9164126], [77.6155506, 12.9163773], [77.6158597, 12.9163397], [77.6160859, 12.9163122], [77.6166352, 12.9162589], [77.617105, 12.9162568], [77.6175656, 12.9162819], [77.6183948, 12.9162883], [77.6187381, 12.9162681], [77.6189522, 12.9162493], [77.6190798, 12.9162385], [77.619208, 12.9162346], [77.6193198, 12.916239], [77.6195277, 12.9162762], [77.6201047, 12.9164413], [77.6210257, 12.9167339], [77.6216107, 12.9169198]], [[77.6216107, 12.9169198], [77.6217101, 12.9169501], [77.6218115, 12.9169726], [77.6219146, 12.9169873], [77.6220184, 12.9169939], [77.6221225, 12.9169926], [77.6222262, 12.9169832], [77.6223287, 12.9169659], [77.6224296, 12.9169408], [77.6225281, 12.9169079], [77.6226209, 12.9168688], [77.6227105, 12.9168229], [77.6227961, 12.9167704], [77.6228774, 12.9167117], [77.6229537, 12.9166471], [77.6230248, 12.9165769], [77.6230901, 12.9165016], [77.6231493, 12.9164217], [77.6241354, 12.9146328], [77.6245169, 12.913904], [77.6249592, 12.9132082], [77.6253591, 12.912572], [77.6257373, 12.9119217], [77.6265042, 12.9106217], [77.6267043, 12.910304], [77.6269336, 12.9099406], [77.6290141, 12.9065644], [77.6301871, 12.9046464], [77.630451, 12.9042313], [77.6307047, 12.9038321], [77.6322415, 12.9013317], [77.6328666, 12.9003404], [77.6342124, 12.89815], [77.6355179, 12.8959546], [77.636604, 12.8942937], [77.6377442, 12.8924261], [77.6388638, 12.8905484], [77.63947, 12.8895614], [77.6401861, 12.8884423], [77.6429396, 12.8839707], [77.6448028, 12.8809349], [77.6451067, 12.8804315], [77.6455692, 12.8796651], [77.6464115, 12.8782921], [77.6469479, 12.8773573], [77.6472322, 12.8769402], [77.6474603, 12.8766448], [77.6495352, 12.8743339], [77.6506094, 12.8731271], [77.6517427, 12.8716458], [77.6520095, 12.8713203], [77.6524979, 12.8707184], [77.6527461, 12.8703997], [77.6529909, 12.8700725], [77.6532427, 12.8697507], [77.6573064, 12.8646247], [77.6578927, 12.8639524], [77.6581956, 12.8635659], [77.6587439, 12.8628664], [77.6597196, 12.8616576], [77.6605906, 12.8605345], [77.661577, 12.859178], [77.6618458, 12.858781], [77.6624071, 12.857952], [77.6628562, 12.8573291], [77.6636413, 12.8563854], [77.6637352, 12.8562795], [77.6641411, 12.855822], [77.6645744, 12.8554046], [77.6649217, 12.8550284], [77.6653963, 12.8544176], [77.6665847, 12.8528881], [77.6674859, 12.8516495], [77.6684448, 12.8504417], [77.6698688, 12.8485803], [77.6702175, 12.8480691], [77.6704948, 12.8475484], [77.670854, 12.8469771], [77.6714519, 12.8460892], [77.6717026, 12.8457169], [77.671849, 12.8455327], [77.6720701, 12.8453354], [77.6721317, 12.8452759], [77.6725738, 12.8449742], [77.6728503, 12.8447418], [77.6731078, 12.844499], [77.6739674, 12.843568], [77.6743202, 12.8431715], [77.6746434, 12.8427557], [77.6752911, 12.8419228], [77.6765625, 12.8402546], [77.6777338, 12.8387166], [77.677866, 12.838543], [77.6782255, 12.8380226], [77.6783743, 12.8377568], [77.6788209, 12.8366916], [77.6791763, 12.8358138], [77.6795116, 12.834921], [77.6801097, 12.8332718], [77.6803109, 12.8324114], [77.680563, 12.8315657], [77.68074, 12.8310191], [77.6812499, 12.8295021], [77.6815497, 12.8285866], [77.6817429, 12.8279964], [77.6819175, 12.8275863], [77.6821039, 12.8271734], [77.6826964, 12.8260415], [77.6831752, 12.8251262], [77.683595, 12.8245626], [77.6851445, 12.8229141], [77.6859542, 12.8220526], [77.6868743, 12.8210794], [77.6877575, 12.820076], [77.6883479, 12.8194273], [77.688657, 12.8190878]]]}}], "source": "OpenStreetMap Overpass", "city": "Bengaluru", "theme": "metro_lines"}