{"type": "FeatureCollection", "features": [{"type": "Feature", "properties": {"id": "way/23000626", "name": "Hulimavu Lake", "kind": "lake", "source": "OpenStreetMap"}, "geometry": {"type": "Polygon", "coordinates": [[[77.6073761, 12.8715782], [77.6072536, 12.871164], [77.606953, 12.8705517], [77.6064158, 12.869878], [77.6056281, 12.8687369], [77.605038, 12.867668], [77.6050603, 12.8672227], [77.6045258, 12.8651295], [77.6044745, 12.865392], [77.6044476, 12.8654325], [77.6043452, 12.8658107], [77.6041603, 12.8660343], [77.6038822, 12.86604], [77.6033206, 12.8660307], [77.6030968, 12.8661282], [77.6029354, 12.8664685], [77.6028407, 12.8665985], [77.6027542, 12.8666776], [77.6026724, 12.866737], [77.6026361, 12.8667488], [77.602551, 12.8667678], [77.6024149, 12.8667828], [77.602004, 12.8668959], [77.6016812, 12.8669649], [77.6017012, 12.867162], [77.6009591, 12.8671408], [77.6010183, 12.8673523], [77.6013104, 12.8683956], [77.6015459, 12.8690397], [77.6016968, 12.8695318], [77.6018816, 12.8702844], [77.6021182, 12.8710081], [77.6023687, 12.8718571], [77.6025078, 12.8724555], [77.6027305, 12.8734993], [77.6028836, 12.8745153], [77.602867, 12.8750168], [77.6032353, 12.8750556], [77.6036173, 12.8742414], [77.6041161, 12.8739069], [77.6048287, 12.8737515], [77.6057906, 12.8734665], [77.6069664, 12.8733863], [77.6075542, 12.8736268], [77.6080085, 12.8739207], [77.6082961, 12.8742103], [77.6083745, 12.8742241], [77.608421, 12.8742275], [77.6084765, 12.8741919], [77.608534, 12.8741148], [77.608543, 12.8740579], [77.608436, 12.8738673], [77.608053, 12.8734576], [77.6076611, 12.873128], [77.6074473, 12.8726648], [77.6073226, 12.8720681], [77.6073761, 12.8715782]]]}}, {"type": "Feature", "properties": {"id": "way/24430851", "name": "Gottigere Tank", "kind": "lake", "source": "OpenStreetMap"}, "geometry": {"type": "Polygon", "coordinates": [[[77.5892987, 12.850452], [77.5902582, 12.850597], [77.590385, 12.850684], [77.590647, 12.8510878], [77.5909486, 12.8516242], [77.5918853, 12.8534681], [77.5920007, 12.8537139], [77.5920811, 12.8539249], [77.5921268, 12.8540824], [77.5921325, 12.8542524], [77.5922308, 12.8547655], [77.5924284, 12.8555375], [77.5925344, 12.8559863], [77.5924255, 12.8559333], [77.5917069, 12.8542457], [77.5911919, 12.8542122], [77.5903293, 12.854547], [77.5900761, 12.8548147], [77.5894364, 12.8558409], [77.5892456, 12.8561785], [77.5891453, 12.8561159], [77.5893636, 12.8550762], [77.5894084, 12.8543333], [77.5891454, 12.8531173], [77.5887966, 12.8531191], [77.5886916, 12.8520905], [77.5889248, 12.8519429], [77.5892987, 12.850452]]]}}, {"type": "Feature", "properties": {"id": "way/27993463", "name": "Chikka Bellanduru Lake", "kind": "lake", "source": "OpenStreetMap"}, "geometry": {"type": "Polygon", "coordinates": [[[77.7181058, 12.9156379], [77.7182347, 12.9157249], [77.7185404, 12.9158321], [77.7190209, 12.9157524], [77.7206002, 12.9153676], [77.7216008, 12.9155994], [77.7218769, 12.9155546], [77.7203685, 12.9113937], [77.7200559, 12.9105511], [77.7195102, 12.9098293], [77.7194204, 12.9093145], [77.7193643, 12.9089927], [77.7187034, 12.9097958], [77.7179094, 12.9111657], [77.7174996, 12.9121508], [77.7177421, 12.9129916], [77.718154, 12.9142549], [77.7181058, 12.9156379]]]}}, {"type": "Feature", "properties": {"id": "way/27993527", "name": "Carmelaram Lake", "kind": "lake", "source": "OpenStreetMap"}, "geometry": {"type": "Polygon", "coordinates": [[[77.7111911, 12.9187568], [77.7115108, 12.917116], [77.7096821, 12.9169864], [77.7093431, 12.9169903], [77.7097455, 12.9172491], [77.7107935, 12.9183861], [77.7111911, 12.9187568]]]}}, {"type": "Feature", "properties": {"id": "way/27993889", "name": "Ambalipura Upper Lake", "kind": "lake", "source": "OpenStreetMap"}, "geometry": {"type": "Polygon", "coordinates": [[[77.6629735, 12.9120797], [77.6633168, 12.9122638], [77.6642893, 12.9131801], [77.6643468, 12.9132343], [77.6645073, 12.9132905], [77.6648189, 12.9134518], [77.664733, 12.9135689], [77.6641929, 12.9134517], [77.6628534, 12.9139678], [77.6628083, 12.9140798], [77.6626485, 12.9141038], [77.6625615, 12.9140207], [77.6621667, 12.9131255], [77.6621152, 12.9127156], [77.6622182, 12.9124562], [77.6624757, 12.9121718], [77.6627418, 12.9120546], [77.6629735, 12.9120797]]]}}, {"type": "Feature", "properties": {"id": "way/28076109", "name": "Hebbagodi Lake", "kind": "lake", "source": "OpenStreetMap"}, "geometry": {"type": "Polygon", "coordinates": [[[77.6726881, 12.8289632], [77.672783, 12.8291782], [77.673041, 12.829611], [77.6731965, 12.8299401], [77.673481, 12.8304246], [77.6737162, 12.8308204], [77.6740917, 12.8313234], [77.6744293, 12.8317265], [77.6748693, 12.8326511], [77.6752107, 12.8332318], [77.6754876, 12.8332429], [77.6761363, 12.8332207], [77.6761637, 12.8331993], [77.6761879, 12.8331745], [77.6762083, 12.8331467], [77.6762257, 12.833114], [77.676238, 12.8330792], [77.6762449, 12.833043], [77.6762463, 12.8330062], [77.6760376, 12.8321777], [77.6760328, 12.8321395], [77.6760226, 12.8321023], [77.6760073, 12.8320668], [77.6759838, 12.8320291], [77.6759544, 12.8319955], [77.67592, 12.8319669], [77.6756204, 12.8317191], [77.6753359, 12.8313936], [77.6750362, 12.8310127], [77.6746797, 12.8305504], [77.6745583, 12.830199], [77.6745734, 12.8300585], [77.674691, 12.8298957], [77.6749452, 12.8294926], [77.6751045, 12.8292078], [77.6751103, 12.8291617], [77.6751083, 12.8291154], [77.6750989, 12.829071], [77.6750823, 12.8290288], [77.675059, 12.8289896], [77.674801, 12.8287492], [77.674765, 12.8287256], [77.6747252, 12.8287085], [77.6746905, 12.8286998], [77.6746548, 12.828696], [77.674619, 12.8286974], [77.6739286, 12.8287233], [77.6734241, 12.8287455], [77.6730486, 12.8287973], [77.6727565, 12.8289045], [77.6726881, 12.8289632]]]}}, {"type": "Feature", "properties": {"id": "way/28076168", "name": "Maragondanahalli Lake", "kind": "lake", "source": "OpenStreetMap"}, "geometry": {"type": "Polygon", "coordinates": [[[77.661223, 12.8278413], [77.6622462, 12.8278452], [77.6625386, 12.8278229], [77.6627344, 12.827819], [77.6627559, 12.8278241], [77.662776, 12.8278334], [77.6627972, 12.82785], [77.6628135, 12.8278713], [77.6628578, 12.8280008], [77.6629074, 12.8282002], [77.6629116, 12.8282158], [77.6629201, 12.8282296], [77.6629364, 12.8282429], [77.6629566, 12.8282495], [77.6629778, 12.8282486], [77.6632789, 12.8282061], [77.663295, 12.8281951], [77.663307, 12.8281799], [77.6633146, 12.8281583], [77.6633137, 12.8281355], [77.6630281, 12.8267912], [77.6630224, 12.8267505], [77.6630097, 12.8267114], [77.6629905, 12.8266748], [77.6629645, 12.826641], [77.6629329, 12.8266121], [77.6627398, 12.8265493], [77.6626937, 12.8265346], [77.662646, 12.8265263], [77.6625976, 12.8265245], [77.6625555, 12.8265283], [77.6625141, 12.826537], [77.6624742, 12.8265506], [77.6621041, 12.8267795], [77.661927, 12.8269625], [77.6617393, 12.8270828], [77.6612297, 12.8273548], [77.6611787, 12.8274123], [77.661223, 12.8278413]]]}}, {"type": "Feature", "properties": {"id": "way/28076391", "name": "Nanjapura Lake", "kind": "lake", "source": "OpenStreetMap"}, "geometry": {"type": "Polygon", "coordinates": [[[77.6358871, 12.7899805], [77.6351747, 12.7904492], [77.6338271, 12.7907589], [77.6319818, 12.7912862], [77.6295613, 12.7917382], [77.6291493, 12.7954712], [77.6281623, 12.7970364], [77.6274327, 12.7978566], [77.6293639, 12.7979236], [77.6292953, 12.7986099], [77.6287459, 12.7995975], [77.6297072, 12.7999323], [77.6298102, 12.8006019], [77.6303939, 12.8007024], [77.6313809, 12.8002839], [77.6316127, 12.799698], [77.6323852, 12.7997147], [77.6329688, 12.7991958], [77.633501, 12.7993799], [77.6334151, 12.8003257], [77.6334409, 12.8011376], [77.6340674, 12.801079], [77.6354751, 12.799631], [77.6355437, 12.7984844], [77.6362304, 12.7976223], [77.6381873, 12.7968941], [77.6383075, 12.7966011], [77.6380757, 12.7965593], [77.6370469, 12.7969671], [77.6367454, 12.7970866], [77.6363334, 12.7970196], [77.6358012, 12.7966848], [77.6352691, 12.7959985], [77.6351575, 12.795262], [77.6353549, 12.794132], [77.6353721, 12.7930858], [77.6354751, 12.7919809], [77.6358441, 12.7908928], [77.6361875, 12.7902232], [77.6358871, 12.7899805]]]}}, {"type": "Feature", "properties": {"id": "way/28076443", "name": "Bidi Lake", "kind": "lake", "source": "OpenStreetMap"}, "geometry": {"type": "Polygon", "coordinates": [[[77.6120605, 12.8025604], [77.6129016, 12.8030626], [77.6135024, 12.8032802], [77.6137599, 12.8031296], [77.6130303, 12.8025604], [77.6130904, 12.801916], [77.6143178, 12.8003843], [77.6149186, 12.8003676], [77.6152877, 12.8003676], [77.6153735, 12.8001834], [77.6147727, 12.800016], [77.6140002, 12.8000328], [77.6135538, 12.8000447], [77.6133737, 12.8000495], [77.6123008, 12.799698], [77.611597, 12.799405], [77.6100263, 12.7990284], [77.609125, 12.7984593], [77.6084556, 12.7981245], [77.6071268, 12.7982687], [77.6059306, 12.7984727], [77.6056355, 12.7991109], [77.6056033, 12.8001101], [77.6075345, 12.8002304], [77.6080763, 12.800403], [77.608425, 12.8015643], [77.60894, 12.8023176], [77.6092619, 12.8029035], [77.6109601, 12.8024465], [77.6120605, 12.8025604]]]}}, {"type": "Feature", "properties": {"id": "way/28091209", "name": "Yellamallappa Chetty Lake", "kind": "lake", "source": "OpenStreetMap"}, "geometry": {"type": "Polygon", "coordinates": [[[77.7252355, 13.0321136], [77.7254329, 13.0323811], [77.7253042, 13.0328494], [77.7255016, 13.0331086], [77.7255336, 13.0335966], [77.7254158, 13.0336605], [77.72539, 13.033995], [77.7255703, 13.0341957], [77.7256389, 13.0346807], [77.7258254, 13.0349094], [77.7261196, 13.0348228], [77.7264371, 13.0348228], [77.726583, 13.035124], [77.7267891, 13.0351824], [77.7267891, 13.0353998], [77.7266002, 13.0355336], [77.7263341, 13.0357928], [77.7261367, 13.0358263], [77.7260423, 13.0359935], [77.7257934, 13.0361273], [77.7254673, 13.0363531], [77.7252098, 13.036445], [77.7252698, 13.0366049], [77.7256647, 13.0364785], [77.7257934, 13.0362945], [77.726008, 13.0362109], [77.7262569, 13.0359601], [77.72642, 13.0360938], [77.7266946, 13.0358764], [77.7270723, 13.0357761], [77.7271667, 13.0358513], [77.7266775, 13.0361607], [77.7263599, 13.0366457], [77.7265573, 13.0368799], [77.726729, 13.0367628], [77.7269435, 13.0368213], [77.727244, 13.0366457], [77.7273384, 13.0362444], [77.7275358, 13.0360771], [77.7275444, 13.0357092], [77.7278448, 13.0357594], [77.7282398, 13.0355342], [77.7288435, 13.0351574], [77.7292292, 13.0350947], [77.7295098, 13.0350905], [77.7296043, 13.0351824], [77.729626, 13.0355849], [77.7299264, 13.0351955], [77.7301383, 13.0344978], [77.7301973, 13.0341007], [77.7300096, 13.033092], [77.7300096, 13.0329457], [77.7299613, 13.0318717], [77.7293651, 13.031533], [77.7281552, 13.0307871], [77.7279948, 13.0306628], [77.7282224, 13.0302906], [77.7290087, 13.0306888], [77.7292481, 13.0307566], [77.7295505, 13.0308999], [77.7298616, 13.0302978], [77.7303895, 13.029677], [77.7307092, 13.0291877], [77.7302715, 13.0284372], [77.7300633, 13.0279314], [77.7301298, 13.0273774], [77.730471, 13.0273209], [77.7305332, 13.0264387], [77.7306384, 13.0260122], [77.7309581, 13.0255502], [77.7318174, 13.0249259], [77.733694, 13.0238861], [77.7349965, 13.0234011], [77.735181, 13.023261], [77.7343055, 13.0202004], [77.733971, 13.0190631], [77.7335823, 13.0177682], [77.7334674, 13.0175455], [77.7333167, 13.0172534], [77.7329151, 13.017491], [77.732546, 13.0176415], [77.7321941, 13.0176415], [77.7315418, 13.0178171], [77.7312456, 13.0179014], [77.7311927, 13.0179165], [77.7309839, 13.017976], [77.7303916, 13.0189962], [77.7298595, 13.0198659], [77.7291128, 13.0206018], [77.7286579, 13.0207858], [77.727688, 13.0209447], [77.7266237, 13.0208192], [77.7260829, 13.0205684], [77.7249071, 13.0210366], [77.7238685, 13.0214882], [77.7231304, 13.0218394], [77.7231, 13.0218374], [77.7212655, 13.0214764], [77.7211153, 13.0218371], [77.7207452, 13.0218893], [77.7206916, 13.022689], [77.7208203, 13.023337], [77.7209651, 13.0236088], [77.7219254, 13.0240478], [77.7232128, 13.0246489], [77.7241409, 13.0253597], [77.7242964, 13.0258196], [77.7244681, 13.0260705], [77.7253519, 13.0262549], [77.7253097, 13.026807], [77.725243, 13.0271383], [77.7250982, 13.0276733], [77.7249437, 13.0284426], [77.7254643, 13.028735], [77.7279306, 13.030115], [77.7276949, 13.0305348], [77.7249244, 13.0289611], [77.7248919, 13.0299327], [77.7250153, 13.031187], [77.7250698, 13.0321087], [77.7252355, 13.0321136]]]}}, {"type": "Feature", "properties": {"id": "way/28126428", "name": "Byrasandra Lake", "kind": "lake", "source": "OpenStreetMap"}, "geometry": {"type": "Polygon", "coordinates": [[[77.5951143, 12.9305817], [77.5951172, 12.9305945], [77.5952031, 12.9309805], [77.5952648, 12.9310459], [77.5959045, 12.9312694], [77.5962853, 12.9312249], [77.5963443, 12.9311831], [77.5963739, 12.9310785], [77.5963256, 12.9305322], [77.5963712, 12.9302315], [77.5964034, 12.9299178], [77.5963256, 12.929646], [77.5962183, 12.9294734], [77.5960533, 12.9294355], [77.5957006, 12.9294342], [77.5949576, 12.929625], [77.5949201, 12.9297087], [77.5951143, 12.9305817]]]}}, {"type": "Feature", "properties": {"id": "way/30414489", "name": "Nagawara Lake", "kind": "lake", "source": "OpenStreetMap"}, "geometry": {"type": "Polygon", "coordinates": [[[77.6060835, 13.0461416], [77.6066843, 13.0462043], [77.6076552, 13.0462356], [77.6089588, 13.046523], [77.6099136, 13.0466903], [77.6105788, 13.0467399], [77.6106855, 13.0468152], [77.6108122, 13.0466824], [77.611067, 13.0465831], [77.6112413, 13.0465988], [77.6112825, 13.0465133], [77.6115904, 13.0461754], [77.6119423, 13.0456904], [77.6121211, 13.0446208], [77.612215, 13.0440485], [77.6123232, 13.0437498], [77.6124651, 13.0434564], [77.6125306, 13.0433156], [77.6124651, 13.0432592], [77.6121317, 13.0430501], [77.6120287, 13.0430169], [77.6119024, 13.0430337], [77.6086446, 13.0438189], [77.6074322, 13.044025], [77.6067075, 13.0441544], [77.6060543, 13.04415], [77.6053244, 13.0441113], [77.6046755, 13.0441621], [77.6035944, 13.0441295], [77.6023015, 13.0441322], [77.6018782, 13.0441312], [77.6017731, 13.0442132], [77.6017705, 13.0445999], [77.601749, 13.0450755], [77.6017517, 13.0453786], [77.6017843, 13.0455773], [77.6025107, 13.0457418], [77.6025117, 13.0458956], [77.6035812, 13.0459473], [77.6038559, 13.0459606], [77.6040103, 13.0459685], [77.6048715, 13.0458575], [77.6053861, 13.046105], [77.6058914, 13.0462069], [77.6060835, 13.0461416]]]}}, {"type": "Feature", "properties": {"id": "way/33300618", "name": "Hoodi Lake", "kind": "lake", "source": "OpenStreetMap"}, "geometry": {"type": "Polygon", "coordinates": [[[77.7217617, 12.9889312], [77.722002, 12.9889312], [77.722105, 12.9882789], [77.7223625, 12.9879694], [77.7225771, 12.9879694], [77.723238, 12.9879443], [77.7238646, 12.9880112], [77.7241821, 12.9884712], [77.7246971, 12.9884963], [77.7246613, 12.9881443], [77.7245497, 12.9877886], [77.7243603, 12.9871676], [77.7242991, 12.9861912], [77.7239085, 12.985982], [77.723445, 12.9856276], [77.7233228, 12.9854144], [77.7230867, 12.9854343], [77.7225546, 12.9855503], [77.7223625, 12.985544], [77.7213326, 12.9860207], [77.7210777, 12.9865252], [77.7215471, 12.9871749], [77.7217617, 12.9879694], [77.7217617, 12.9889312]]]}}, {"type": "Feature", "properties": {"id": "way/33541358", "name": "Chunchagatta Lake", "kind": "lake", "source": "OpenStreetMap"}, "geometry": {"type": "Polygon", "coordinates": [[[77.5755171, 12.8911562], [77.5754335, 12.8909358], [77.5753429, 12.890529], [77.5755317, 12.8896923], [77.5756691, 12.8889728], [77.5759572, 12.8879816], [77.5763296, 12.887209], [77.5766539, 12.8863988], [77.5770843, 12.885728], [77.5770257, 12.8854478], [77.5765126, 12.8856715], [77.5759237, 12.8862312], [77.5752082, 12.886698], [77.5743794, 12.8871618], [77.5740984, 12.8873078], [77.5740546, 12.8873977], [77.5740404, 12.8875308], [77.574045, 12.8876299], [77.5740678, 12.8877173], [77.5743887, 12.8880793], [77.5745689, 12.8883044], [77.5747936, 12.8887218], [77.5749996, 12.8890313], [77.575094, 12.8893325], [77.5750425, 12.8900688], [77.5750093, 12.8904293], [77.5751471, 12.8907549], [77.5754017, 12.8911581], [77.5755171, 12.8911562]]]}}, {"type": "Feature", "properties": {"id": "way/35927597", "name": "Dodda Gubbi Kere", "kind": "lake", "source": "OpenStreetMap"}, "geometry": {"type": "Polygon", "coordinates": [[[77.6697177, 13.0762838], [77.6697972, 13.0768594], [77.6698677, 13.0774933], [77.6699094, 13.0779715], [77.6699074, 13.0782953], [77.6699223, 13.0787047], [77.6698946, 13.0791483], [77.6698494, 13.079478], [77.669699, 13.0796045], [77.6694691, 13.0796825], [77.6695903, 13.0797754], [77.67059, 13.0804487], [77.6709997, 13.0802429], [77.6709737, 13.0799428], [77.6725358, 13.0793413], [77.6727333, 13.0790365], [77.6731752, 13.0788296], [77.6734027, 13.078727], [77.6735445, 13.078422], [77.673621, 13.0783649], [77.6737182, 13.0783235], [77.6737936, 13.078282], [77.6743515, 13.0782234], [77.6748665, 13.0781649], [77.6754673, 13.0779141], [77.6755102, 13.0776967], [77.6753386, 13.0775128], [77.6755102, 13.0774961], [77.6758793, 13.0775546], [77.6759651, 13.0773038], [77.6761368, 13.0769443], [77.6761969, 13.0765263], [77.6763943, 13.0764427], [77.6766518, 13.0765096], [77.6768578, 13.0764259], [77.6771153, 13.0758574], [77.6773556, 13.0752973], [77.6774586, 13.0748792], [77.6777418, 13.0746284], [77.6780422, 13.0745197], [77.6782139, 13.0743358], [77.6780594, 13.0740181], [77.6776303, 13.0737673], [77.6775189, 13.0737536], [77.6772269, 13.0737506], [77.6768578, 13.0739011], [77.6759823, 13.0739847], [77.6747978, 13.0739178], [77.6740769, 13.0739178], [77.6734503, 13.0736502], [77.6732088, 13.0732416], [77.6730698, 13.0731118], [77.6729338, 13.0730639], [77.6728942, 13.0732154], [77.6727432, 13.0737791], [77.6723871, 13.0744717], [77.6719483, 13.0748458], [77.6714, 13.075406], [77.6713175, 13.0754496], [77.6711082, 13.07546], [77.6703787, 13.0755907], [77.6700729, 13.075575], [77.6699978, 13.0756037], [77.6698771, 13.0756455], [77.6698878, 13.07575], [77.6698771, 13.0758284], [77.6699147, 13.0760557], [77.6698905, 13.0760897], [77.669743, 13.0762464], [77.6697177, 13.0762838]]]}}, {"type": "Feature", "properties": {"id": "way/35927607", "name": "Bidarahalli Lake", "kind": "lake", "source": "OpenStreetMap"}, "geometry": {"type": "Polygon", "coordinates": [[[77.7237042, 13.0609335], [77.7234918, 13.0609763], [77.7232664, 13.0615041], [77.7228588, 13.0620267], [77.7225262, 13.0625754], [77.7224886, 13.0628889], [77.7223545, 13.0633644], [77.7221453, 13.0636309], [77.7219039, 13.0637773], [77.7214265, 13.0637093], [77.7206272, 13.0635787], [77.7200961, 13.0633592], [77.7200853, 13.0634899], [77.7204394, 13.0637302], [77.7218771, 13.0646656], [77.7222472, 13.0652613], [77.7226388, 13.0657943], [77.7229607, 13.0661392], [77.7231913, 13.0668133], [77.7232128, 13.0676337], [77.7232182, 13.068266], [77.7231913, 13.068846], [77.7232235, 13.0696403], [77.7232718, 13.0701837], [77.7234327, 13.0703666], [77.7238458, 13.0702778], [77.7240282, 13.0701263], [77.7241248, 13.0696664], [77.7242964, 13.0691648], [77.7242964, 13.0684528], [77.7245432, 13.0682764], [77.7248972, 13.0676598], [77.7254283, 13.0675919], [77.725659, 13.0672941], [77.725836, 13.0665364], [77.7255946, 13.0654338], [77.7253264, 13.064211], [77.7250313, 13.0634115], [77.7247256, 13.0625492], [77.7243651, 13.0616525], [77.7242363, 13.0614017], [77.7238501, 13.0611926], [77.7237042, 13.0609335]]]}}, {"type": "Feature", "properties": {"id": "way/37351648", "name": "ISRO Layout Lake", "kind": "lake", "source": "OpenStreetMap"}, "geometry": {"type": "Polygon", "coordinates": [[[77.5539236, 12.8983403], [77.5537786, 12.8973704], [77.5538373, 12.8973246], [77.554494, 12.8971957], [77.555061, 12.8976891], [77.5551413, 12.8977556], [77.5553747, 12.8978826], [77.5554329, 12.8979143], [77.5557025, 12.8981012], [77.5557653, 12.8982048], [77.5556969, 12.8982], [77.5555804, 12.8981917], [77.5540026, 12.8983989], [77.5539236, 12.8983403]]]}}, {"type": "Feature", "properties": {"id": "way/37351655", "name": "Dore Kere", "kind": "lake", "source": "OpenStreetMap"}, "geometry": {"type": "Polygon", "coordinates": [[[77.5493294, 12.903931], [77.5491847, 12.9039316], [77.5492062, 12.9038281], [77.5492232, 12.9037344], [77.5491557, 12.9027167], [77.5488686, 12.901814], [77.548858, 12.9017512], [77.5489276, 12.9016313], [77.5490759, 12.901484], [77.549235, 12.9014313], [77.5495882, 12.9013677], [77.5496776, 12.9013707], [77.5498253, 12.9013666], [77.5499797, 12.9013951], [77.5500098, 12.9014582], [77.5500615, 12.9018232], [77.5501694, 12.9018874], [77.5504989, 12.9016247], [77.550614, 12.9015242], [77.5507068, 12.9014987], [77.5507805, 12.9015429], [77.5508672, 12.901526], [77.5509602, 12.9015377], [77.5510368, 12.901564], [77.5510797, 12.9016076], [77.5511464, 12.9017183], [77.5512355, 12.9019077], [77.5512786, 12.9019994], [77.5513775, 12.9020604], [77.5515845, 12.9020684], [77.5518441, 12.9019991], [77.5522215, 12.9019292], [77.5524273, 12.9020234], [77.5525775, 12.9021201], [77.5527908, 12.9022574], [77.5532488, 12.9034525], [77.5532009, 12.9035285], [77.5530032, 12.9034233], [77.5528055, 12.9033883], [77.5527096, 12.9033979], [77.5523889, 12.9034978], [77.5518469, 12.9035285], [77.5516792, 12.9035577], [77.5515414, 12.9036336], [77.5513796, 12.9036394], [77.551136, 12.903683], [77.5507612, 12.9036938], [77.5504117, 12.9037743], [77.5501964, 12.9037973], [77.5497882, 12.9038481], [77.5493294, 12.903931]]]}}, {"type": "Feature", "properties": {"id": "way/37898906", "name": "Mallathahalli Lake", "kind": "lake", "source": "OpenStreetMap"}, "geometry": {"type": "Polygon", "coordinates": [[[77.4930839, 12.9631766], [77.4930909, 12.9631338], [77.4931139, 12.9631064], [77.493142, 12.963084], [77.4931759, 12.9630667], [77.4932128, 12.9630566], [77.493251, 12.9630541], [77.4947629, 12.962636], [77.4947963, 12.9626357], [77.4948295, 12.9626402], [77.4948616, 12.9626493], [77.4948962, 12.9626651], [77.4949275, 12.9626863], [77.4949549, 12.9627122], [77.4949774, 12.9627422], [77.4952566, 12.9631636], [77.495495, 12.9637311], [77.4956074, 12.9639269], [77.4958389, 12.9642587], [77.4961284, 12.964627], [77.4961522, 12.9647664], [77.4961692, 12.9650982], [77.4960671, 12.9657287], [77.4959513, 12.9659046], [77.4957436, 12.9661137], [77.4957258, 12.9661593], [77.495714, 12.9662068], [77.4957085, 12.9662554], [77.4957092, 12.9663042], [77.4957163, 12.9663526], [77.4957314, 12.9664046], [77.4957538, 12.9664542], [77.495783, 12.9665001], [77.4958185, 12.9665417], [77.4961147, 12.9665882], [77.4962782, 12.9666214], [77.4962958, 12.9666353], [77.4963086, 12.9666535], [77.4963156, 12.9666745], [77.4963161, 12.9666983], [77.496309, 12.9667211], [77.4962952, 12.9667408], [77.4956993, 12.9670262], [77.4955942, 12.9670497], [77.4955359, 12.9670627], [77.4948684, 12.9671092], [77.4940274, 12.967222], [77.4933225, 12.9673481], [77.4932838, 12.9673354], [77.4932472, 12.9673176], [77.4932135, 12.967295], [77.4931755, 12.9672596], [77.4931445, 12.9672183], [77.4931216, 12.9671722], [77.4930841, 12.9668105], [77.4929786, 12.9661269], [77.4929685, 12.9660867], [77.4929628, 12.9660456], [77.4929615, 12.9660041], [77.4929662, 12.9659531], [77.4929776, 12.965903], [77.4929956, 12.9658548], [77.493234, 12.9651646], [77.4934212, 12.9647664], [77.4934319, 12.964727], [77.4934383, 12.9646868], [77.4934403, 12.9646469], [77.4934383, 12.9646071], [77.4933974, 12.9640994], [77.4933842, 12.9640058], [77.4933634, 12.9639136], [77.4933361, 12.9638259], [77.493302, 12.9637406], [77.4932612, 12.9636581], [77.4931284, 12.9634059], [77.4931077, 12.9633602], [77.4930928, 12.9633124], [77.4930841, 12.9632632], [77.4930817, 12.9632199], [77.4930839, 12.9631766]]]}}, {"type": "Feature", "properties": {"id": "way/38047206", "name": "Kempambudhi Kere", "kind": "lake", "source": "OpenStreetMap"}, "geometry": {"type": "Polygon", "coordinates": [[[77.5604014, 12.9533021], [77.560152, 12.9533988], [77.5600719, 12.9534049], [77.5598221, 12.95337], [77.5596933, 12.9528864], [77.5595968, 12.9527767], [77.55935, 12.952612], [77.5591998, 12.9525257], [77.5589584, 12.9524761], [77.5589289, 12.9524447], [77.5592239, 12.9524264], [77.5589691, 12.9518095], [77.5588726, 12.9511429], [77.5586607, 12.951156], [77.5586204, 12.9509547], [77.5584622, 12.9507874], [77.55843, 12.9507038], [77.558464, 12.9505918], [77.5585507, 12.9503065], [77.5589638, 12.9504058], [77.5591301, 12.9507325], [77.5593044, 12.950939], [77.5594868, 12.9510697], [77.5597845, 12.9512292], [77.5600045, 12.9512893], [77.5601144, 12.9512527], [77.5606884, 12.9508658], [77.5611015, 12.950662], [77.5611498, 12.9505156], [77.5612678, 12.9503169], [77.5615011, 12.9501993], [77.5616031, 12.950228], [77.561874, 12.9503457], [77.5619437, 12.9504999], [77.5619488, 12.9506418], [77.5619516, 12.9507199], [77.5618042, 12.9510724], [77.5616487, 12.9513311], [77.561359, 12.9515559], [77.5613295, 12.9516683], [77.5614287, 12.9521284], [77.5613912, 12.9524264], [77.5614341, 12.9524551], [77.5614958, 12.9524421], [77.5615655, 12.9524264], [77.561705, 12.9525126], [77.5616969, 12.9526041], [77.561528, 12.9526172], [77.5614663, 12.9525466], [77.5613858, 12.9525492], [77.5613053, 12.9526015], [77.5611954, 12.9528159], [77.560852, 12.9530851], [77.5605704, 12.9532315], [77.5604014, 12.9533021]]]}}, {"type": "Feature", "properties": {"id": "way/41189469", "name": "Gowdana Kere", "kind": "lake", "source": "OpenStreetMap"}, "geometry": {"type": "Polygon", "coordinates": [[[77.5549574, 12.9074125], [77.5561299, 12.906881], [77.5567427, 12.9069273], [77.5572529, 12.9083244], [77.5571949, 12.9083273], [77.5564337, 12.9083662], [77.5556784, 12.9079898], [77.5553482, 12.9077254], [77.5549574, 12.9074125]]]}}, {"type": "Feature", "properties": {"id": "way/41196197", "name": "Hosakerahalli Lake", "kind": "lake", "source": "OpenStreetMap"}, "geometry": {"type": "Polygon", "coordinates": [[[77.5323378, 12.9246536], [77.5321306, 12.9278213], [77.5325135, 12.9279337], [77.5334329, 12.928109], [77.5346921, 12.9288687], [77.534872, 12.9293947], [77.5350319, 12.9293168], [77.534922, 12.9280311], [77.5350519, 12.9274369], [77.5354117, 12.9270765], [77.5369507, 12.9267356], [77.5366709, 12.925557], [77.5365668, 12.9260772], [77.5364004, 12.9260759], [77.5359941, 12.9259646], [77.5353255, 12.9255363], [77.5347867, 12.9250171], [77.5345409, 12.9245273], [77.5341988, 12.9245406], [77.5323378, 12.9246536]]]}}, {"type": "Feature", "properties": {"id": "way/41662647", "name": "Tarabanahalli Lake", "kind": "lake", "source": "OpenStreetMap"}, "geometry": {"type": "Polygon", "coordinates": [[[77.6260244, 13.1837746], [77.6259976, 13.1832276], [77.6260861, 13.1829885], [77.6261682, 13.1828163], [77.6266145, 13.1823184], [77.6267244, 13.1820308], [77.6266689, 13.181746], [77.6265404, 13.1815424], [77.6265103, 13.1814947], [77.6256594, 13.1816956], [77.6251857, 13.1819057], [77.624536, 13.1820094], [77.6241643, 13.1820067], [77.6232683, 13.1822496], [77.6222627, 13.1825778], [77.622268, 13.1827297], [77.6222433, 13.1828355], [77.6221784, 13.18284], [77.6220668, 13.1827533], [77.6216282, 13.1827363], [77.6216199, 13.1830513], [77.6216191, 13.1831847], [77.6216991, 13.1832204], [77.6216719, 13.1833592], [77.6216294, 13.1833863], [77.621572, 13.1833936], [77.6215733, 13.1834482], [77.6215071, 13.1835945], [77.6214842, 13.1837059], [77.6215356, 13.1837522], [77.6215209, 13.18401], [77.6214787, 13.1842872], [77.6214186, 13.1842787], [77.6213808, 13.1842596], [77.6213457, 13.1842852], [77.6212121, 13.1842016], [77.6211215, 13.1841073], [77.6210907, 13.1839828], [77.6211389, 13.1838867], [77.6211655, 13.1837695], [77.6211174, 13.183681], [77.621026, 13.1836277], [77.6206673, 13.183405], [77.6205548, 13.1832996], [77.6204818, 13.1831705], [77.6201567, 13.1830483], [77.6199456, 13.183047], [77.6197284, 13.1829866], [77.6195144, 13.1830904], [77.6195158, 13.1831232], [77.6196278, 13.1831298], [77.6196123, 13.1831606], [77.6195295, 13.1832282], [77.6195035, 13.1834697], [77.6196245, 13.1834653], [77.6197058, 13.1834504], [77.6197287, 13.1834651], [77.6196986, 13.1834886], [77.6196323, 13.1835237], [77.6195545, 13.183594], [77.6195384, 13.1836696], [77.6195828, 13.1836674], [77.6197652, 13.183746], [77.6197363, 13.1838308], [77.6200103, 13.1838688], [77.6199459, 13.1839024], [77.6198667, 13.1840244], [77.61992, 13.1841069], [77.6199948, 13.1841449], [77.6199778, 13.1843306], [77.6201258, 13.1843462], [77.6201462, 13.1843192], [77.620136, 13.1842773], [77.6204281, 13.1843007], [77.6206544, 13.1843417], [77.6209403, 13.1843872], [77.620909, 13.1844992], [77.6208936, 13.1845881], [77.6209165, 13.1846046], [77.6208803, 13.1846543], [77.6209216, 13.1846569], [77.620928, 13.1846741], [77.6208866, 13.1846889], [77.6208984, 13.1847099], [77.620905, 13.1847422], [77.6209434, 13.1847365], [77.6209281, 13.1847938], [77.6209094, 13.1848143], [77.6208868, 13.184769], [77.6208475, 13.1848382], [77.6208254, 13.1849358], [77.6208046, 13.1849738], [77.6207744, 13.1849982], [77.6207776, 13.1850094], [77.6208037, 13.1850134], [77.6208407, 13.1849995], [77.6208712, 13.185078], [77.6209015, 13.1851049], [77.6208647, 13.1851517], [77.6208741, 13.1851948], [77.6209052, 13.1852099], [77.6209277, 13.1852014], [77.620933, 13.1851704], [77.620949, 13.1851381], [77.6211941, 13.1851404], [77.621221, 13.1852412], [77.6216648, 13.1852478], [77.6220615, 13.1852335], [77.6225653, 13.1853115], [77.622752, 13.1853843], [77.6229298, 13.185485], [77.623038, 13.1856264], [77.6247541, 13.1855622], [77.6260431, 13.1855068], [77.6261086, 13.1854218], [77.6261333, 13.1853346], [77.6260712, 13.1850413], [77.6259728, 13.1849644], [77.6259108, 13.1848353], [77.6258875, 13.1846644], [77.6260332, 13.1842905], [77.6260244, 13.1837746]]]}}, {"type": "Feature", "properties": {"id": "way/41662648", "name": "Navrathna Agrahara Lake", "kind": "lake", "source": "OpenStreetMap"}, "geometry": {"type": "Polygon", "coordinates": [[[77.6279019, 13.1987324], [77.6261664, 13.1991626], [77.6260793, 13.1992536], [77.625322, 13.2002879], [77.6251867, 13.2005066], [77.6261812, 13.2004914], [77.6263529, 13.2004078], [77.626546, 13.2003295], [77.6267606, 13.200319], [77.6269752, 13.2003399], [77.6271254, 13.2004026], [77.6273131, 13.2005332], [77.6277852, 13.2005645], [77.6280749, 13.200622], [77.6290054, 13.2007886], [77.6290297, 13.2007212], [77.629019, 13.200622], [77.6286757, 13.1998751], [77.6285523, 13.1994573], [77.6285094, 13.1992118], [77.6283807, 13.1983605], [77.6283431, 13.1983214], [77.6282573, 13.1982979], [77.6280078, 13.198337], [77.6279756, 13.1983788], [77.6279622, 13.1984336], [77.6279837, 13.1986217], [77.627981, 13.1986713], [77.6279595, 13.1987183], [77.6279019, 13.1987324]]]}}, {"type": "Feature", "properties": {"id": "way/41662659", "name": "Hesaraghatta Lake", "kind": "lake", "source": "OpenStreetMap"}, "geometry": {"type": "Polygon", "coordinates": [[[77.4912902, 13.1410313], [77.4870221, 13.1432841], [77.486575, 13.143329], [77.48414, 13.1434935], [77.4840178, 13.1441539], [77.4840349, 13.1443075], [77.4837899, 13.1444677], [77.483219, 13.1447873], [77.4825241, 13.1451463], [77.4820125, 13.1454043], [77.4812613, 13.1456548], [77.4806557, 13.1457082], [77.4806231, 13.1458979], [77.480945, 13.1461173], [77.4814331, 13.1462427], [77.4824615, 13.146268], [77.4823949, 13.1469306], [77.4822415, 13.1487724], [77.4812297, 13.1496589], [77.4805279, 13.1501142], [77.4795, 13.1505], [77.47825, 13.151], [77.4795, 13.15175], [77.479, 13.15275], [77.47925, 13.15325], [77.4795, 13.154], [77.4805, 13.15375], [77.481, 13.154], [77.4815, 13.15425], [77.4835, 13.15325], [77.484, 13.15325], [77.48525, 13.15425], [77.48575, 13.15475], [77.48575, 13.1575], [77.4865, 13.1585], [77.48625, 13.1595], [77.48675, 13.16075], [77.48725, 13.16225], [77.48625, 13.16475], [77.486, 13.16525], [77.488, 13.168], [77.48825, 13.16825], [77.488, 13.16975], [77.487, 13.1705], [77.48675, 13.171], [77.4861645, 13.1723448], [77.485199, 13.1739327], [77.4849415, 13.1753116], [77.4860143, 13.1770666], [77.4868083, 13.1774427], [77.4890399, 13.1772128], [77.4919367, 13.1772337], [77.4951339, 13.1798035], [77.4966198, 13.1825404], [77.4976873, 13.1849064], [77.4992752, 13.1862331], [77.4994308, 13.1866039], [77.4995327, 13.1880089], [77.499699, 13.1884424], [77.5005573, 13.1891997], [77.5019789, 13.1917903], [77.5021988, 13.1926781], [77.5021666, 13.193331], [77.5039047, 13.1924954], [77.5045377, 13.1916806], [77.5050044, 13.1908815], [77.5052941, 13.1899257], [77.5060987, 13.1892519], [77.5067854, 13.1883745], [77.5068605, 13.1866144], [77.5058198, 13.1856324], [77.5045967, 13.1840029], [77.5036043, 13.1825822], [77.5029927, 13.1815376], [77.5023544, 13.1800333], [77.5021023, 13.1788269], [77.5020218, 13.1788425], [77.5002408, 13.1774113], [77.4990499, 13.1748728], [77.4984491, 13.1739431], [77.4982881, 13.1729925], [77.5000262, 13.1708718], [77.5000155, 13.1693362], [77.4978268, 13.1687929], [77.4966252, 13.1662126], [77.4956596, 13.1609473], [77.4979234, 13.1592236], [77.4979234, 13.1585132], [77.4949622, 13.1572073], [77.494694, 13.1550551], [77.4948764, 13.1514926], [77.4945, 13.1485], [77.4933723, 13.1466888], [77.4927757, 13.1448657], [77.4927048, 13.1445143], [77.4925, 13.1435], [77.4927521, 13.1431097], [77.4926931, 13.1425128], [77.492398, 13.1416248], [77.4923336, 13.1412382], [77.4923551, 13.1407942], [77.4924087, 13.1401516], [77.4923229, 13.1399113], [77.4919206, 13.1395561], [77.491647, 13.1393576], [77.4914968, 13.1392583], [77.4913305, 13.1392897], [77.491191, 13.139321], [77.4914217, 13.1398643], [77.4916685, 13.1402718], [77.4916148, 13.1407889], [77.4912902, 13.1410313]]]}}, {"type": "Feature", "properties": {"id": "way/41667619", "name": "Gummanahalli Lake", "kind": "lake", "source": "OpenStreetMap"}, "geometry": {"type": "Polygon", "coordinates": [[[77.6920945, 13.1393015], [77.69225, 13.137], [77.692, 13.13675], [77.6911504, 13.1367522], [77.6907577, 13.1368086], [77.6901804, 13.137028], [77.6897169, 13.1368546], [77.6892239, 13.1368866], [77.6889102, 13.1368274], [77.688275, 13.1369194], [77.6880519, 13.1368274], [77.68725, 13.13675], [77.686979, 13.1370865], [77.6862065, 13.1370865], [77.6865112, 13.1368274], [77.6863803, 13.1363259], [77.68583, 13.1360601], [77.6857259, 13.1361504], [77.685404, 13.135674], [77.6838118, 13.1354566], [77.6830651, 13.1357826], [77.6822325, 13.1357408], [77.6817433, 13.1364262], [77.6822497, 13.1368191], [77.6834421, 13.1376679], [77.6840741, 13.1380209], [77.6860361, 13.1392568], [77.6868502, 13.1397696], [77.6878373, 13.1409732], [77.6885, 13.14175], [77.6886856, 13.1420196], [77.6891505, 13.142695], [77.6892179, 13.1428173], [77.6895131, 13.1433532], [77.6902378, 13.1431606], [77.6906294, 13.1432808], [77.6909067, 13.1439284], [77.6919335, 13.1436917], [77.691831, 13.1433852], [77.6920456, 13.1431711], [77.6929253, 13.1434061], [77.6932875, 13.1432884], [77.6935699, 13.1429022], [77.6937783, 13.1435054], [77.6939043, 13.1432207], [77.6939043, 13.142902], [77.6937919, 13.1425985], [77.694018, 13.1422893], [77.6945364, 13.1421152], [77.6954449, 13.1418067], [77.6956311, 13.1418179], [77.6958001, 13.1418187], [77.6959454, 13.1417778], [77.6960523, 13.1417412], [77.6960376, 13.1416679], [77.6959705, 13.1416724], [77.6959291, 13.1416548], [77.6959138, 13.1416007], [77.6959287, 13.141553], [77.6959052, 13.1415154], [77.6958742, 13.1414877], [77.6958575, 13.1414756], [77.6958384, 13.1414234], [77.6958882, 13.1413827], [77.6944977, 13.1414329], [77.6939398, 13.141341], [77.6930129, 13.1404884], [77.6922747, 13.1398782], [77.6920945, 13.1393015]]]}}, {"type": "Feature", "properties": {"id": "way/41667620", "name": "Doddajala Kere", "kind": "lake", "source": "OpenStreetMap"}, "geometry": {"type": "Polygon", "coordinates": [[[77.6499461, 13.1734158], [77.6497497, 13.1726343], [77.64962, 13.1723795], [77.6496286, 13.1719951], [77.6495256, 13.1713098], [77.6494655, 13.1707081], [77.6492852, 13.1705242], [77.6489505, 13.1707917], [77.6477113, 13.1714531], [77.6474914, 13.1714017], [77.6471051, 13.171594], [77.6463692, 13.172298], [77.6458418, 13.1726373], [77.6452362, 13.1727285], [77.6438838, 13.173238], [77.6441697, 13.1735245], [77.6441182, 13.1739006], [77.6442985, 13.1741596], [77.6444615, 13.1745775], [77.6445989, 13.1749034], [77.6443757, 13.1752628], [77.6444015, 13.1756138], [77.6442126, 13.1759481], [77.643629, 13.1764996], [77.6436204, 13.1768423], [77.6439605, 13.1769195], [77.6451333, 13.1760392], [77.6463101, 13.1755529], [77.6474259, 13.1752639], [77.648694, 13.1751071], [77.64965, 13.1750246], [77.650607, 13.1753066], [77.6512851, 13.1755135], [77.6513452, 13.1752962], [77.6508645, 13.1750956], [77.6504783, 13.1748783], [77.6502036, 13.1744605], [77.6499461, 13.1734158]]]}}, {"type": "Feature", "properties": {"id": "way/41667621", "name": "Chikkajala Lake", "kind": "lake", "source": "OpenStreetMap"}, "geometry": {"type": "Polygon", "coordinates": [[[77.6321534, 13.1738504], [77.6328487, 13.173583], [77.6330692, 13.1736036], [77.6332274, 13.1734234], [77.6331491, 13.1732294], [77.63267, 13.1731056], [77.6312983, 13.1729938], [77.6295785, 13.1721623], [77.6297158, 13.1727974], [77.6295013, 13.1730565], [77.6288919, 13.1726135], [77.6287116, 13.1727891], [77.6288146, 13.1730481], [77.6288404, 13.1733406], [77.6290549, 13.1736749], [77.6294755, 13.1741429], [77.6297845, 13.174402], [77.6299647, 13.1747363], [77.6299135, 13.1751418], [77.6298596, 13.1752141], [77.6300846, 13.1754783], [77.6303735, 13.1752163], [77.6304419, 13.1752763], [77.6301791, 13.1754813], [77.6301563, 13.1755414], [77.6305318, 13.1758587], [77.6305975, 13.1758679], [77.6306203, 13.175907], [77.6305868, 13.1759397], [77.6306982, 13.1761169], [77.630926, 13.1766668], [77.6309947, 13.1771933], [77.6309861, 13.1776696], [77.630926, 13.1781293], [77.6308112, 13.1783948], [77.6309861, 13.1784301], [77.6311578, 13.1783549], [77.6312909, 13.1782509], [77.6313769, 13.177937], [77.6314014, 13.1773343], [77.6313128, 13.1767712], [77.63122, 13.1763069], [77.6311481, 13.1760146], [77.6310853, 13.1755944], [77.631338, 13.1749368], [77.6315698, 13.1747112], [77.6317672, 13.1742599], [77.6321534, 13.1738504]]]}}, {"type": "Feature", "properties": {"id": "way/41667648", "name": "Nagadasanahalli Lake", "kind": "lake", "source": "OpenStreetMap"}, "geometry": {"type": "Polygon", "coordinates": [[[77.5755, 13.1545], [77.573763, 13.1545329], [77.5728634, 13.1543521], [77.5721464, 13.1539812], [77.571312, 13.1536799], [77.5710297, 13.1534567], [77.5706541, 13.153697], [77.5713354, 13.1541567], [77.5708992, 13.1563261], [77.57, 13.15825], [77.56975, 13.159], [77.5677091, 13.1613966], [77.5674408, 13.1636112], [77.5675428, 13.1640292], [77.5678432, 13.1652201], [77.5679505, 13.1671737], [77.5677895, 13.1673826], [77.5676823, 13.1678632], [77.5677037, 13.168281], [77.5674235, 13.1689014], [77.5689268, 13.168584], [77.5691107, 13.1686415], [77.5697207, 13.1685004], [77.5701821, 13.168396], [77.5705254, 13.1682497], [77.5716734, 13.1680094], [77.5734651, 13.167508], [77.5739251, 13.1669856], [77.5740498, 13.1668564], [77.5741598, 13.1660781], [77.5746882, 13.1653455], [77.5758254, 13.1653821], [77.5760132, 13.1645254], [77.5758684, 13.1641075], [77.5754982, 13.1640658], [77.5754482, 13.1638948], [77.5753004, 13.1634206], [77.5750922, 13.1629291], [77.5750219, 13.1623658], [77.5748864, 13.1616845], [77.5746176, 13.1606781], [77.5743567, 13.1599015], [77.5743804, 13.1587694], [77.5743983, 13.1583234], [77.5746145, 13.1573724], [77.5753212, 13.1573326], [77.5756216, 13.1572491], [77.5758684, 13.1561625], [77.5759005, 13.1553894], [77.5765657, 13.1553581], [77.5766408, 13.1550133], [77.576319, 13.1548775], [77.5762546, 13.1543134], [77.5759971, 13.1544492], [77.5755, 13.1545]]]}}, {"type": "Feature", "properties": {"id": "way/41667649", "name": "Gantiganahalli Kere", "kind": "lake", "source": "OpenStreetMap"}, "geometry": {"type": "Polygon", "coordinates": [[[77.589128, 13.1423359], [77.5894164, 13.1423757], [77.5894356, 13.1423866], [77.5897193, 13.1424711], [77.589848, 13.1424632], [77.589891, 13.1423222], [77.5901994, 13.1423822], [77.5903711, 13.1424789], [77.5906125, 13.1425155], [77.590543, 13.1426123], [77.5911248, 13.1427897], [77.5912902, 13.1426873], [77.5915807, 13.1427479], [77.5917363, 13.1425808], [77.5918195, 13.1426199], [77.5917685, 13.1427114], [77.5919965, 13.142774], [77.592144, 13.1429882], [77.592313, 13.1430039], [77.5924283, 13.1428289], [77.592836, 13.1428681], [77.592836, 13.1430483], [77.5931954, 13.1432285], [77.5933241, 13.1434349], [77.5936165, 13.1434479], [77.5940364, 13.1435712], [77.5940645, 13.1438763], [77.594703, 13.1446919], [77.5954974, 13.1444361], [77.5962295, 13.1437448], [77.5959358, 13.1430631], [77.5956389, 13.142539], [77.595415, 13.1425259], [77.5953096, 13.1424334], [77.5950059, 13.1421916], [77.5949147, 13.1419944], [77.5945875, 13.1418363], [77.5944845, 13.1418558], [77.5944091, 13.1418076], [77.5943407, 13.1416757], [77.5940242, 13.1415516], [77.5940175, 13.1416457], [77.5939961, 13.1417959], [77.5936192, 13.1416026], [77.5932142, 13.1413388], [77.5926025, 13.1408845], [77.5923318, 13.1406152], [77.591971, 13.1403345], [77.591616, 13.1401262], [77.5912428, 13.1397455], [77.5911221, 13.1394764], [77.590937, 13.1391852], [77.5908592, 13.1391643], [77.5908539, 13.1390572], [77.5907841, 13.1389214], [77.5906259, 13.1385596], [77.5906205, 13.1383833], [77.5905521, 13.1380046], [77.590469, 13.1379014], [77.5902168, 13.1378309], [77.5900264, 13.1375475], [77.5897375, 13.1371922], [77.5896669, 13.137173], [77.5898588, 13.1376167], [77.5899272, 13.1377708], [77.5899795, 13.1380607], [77.5900023, 13.138369], [77.5900438, 13.1385139], [77.5900399, 13.1388678], [77.5901149, 13.1390311], [77.5901632, 13.1392022], [77.5901229, 13.1395404], [77.5898588, 13.1404337], [77.5897059, 13.1410057], [77.5895932, 13.1413858], [77.5894672, 13.1414994], [77.5892553, 13.1417045], [77.5893666, 13.1416822], [77.5892754, 13.1418024], [77.5892043, 13.141818], [77.589034, 13.142189], [77.589128, 13.1423359]]]}}, {"type": "Feature", "properties": {"id": "way/41667650", "name": "Gantiganahalli Lake", "kind": "lake", "source": "OpenStreetMap"}, "geometry": {"type": "Polygon", "coordinates": [[[77.5805096, 13.1388575], [77.5807875, 13.138843], [77.5807338, 13.1387516], [77.5804737, 13.1387333], [77.5800258, 13.1386367], [77.5795214, 13.1379432], [77.5789324, 13.1373985], [77.5785345, 13.1368919], [77.5785, 13.1364172], [77.5792587, 13.1348858], [77.5793405, 13.1347383], [77.5792731, 13.1345692], [77.5791192, 13.1343791], [77.5787061, 13.1345776], [77.5785452, 13.1347918], [77.5781321, 13.1349903], [77.5779176, 13.1351784], [77.5768391, 13.1358633], [77.5767776, 13.1360691], [77.5761849, 13.1368213], [77.5757919, 13.1381978], [77.5755572, 13.1404598], [77.5751407, 13.1411381], [77.5752186, 13.1411471], [77.57736, 13.1415623], [77.5774509, 13.1412565], [77.5773302, 13.1409431], [77.5781235, 13.1394604], [77.5786713, 13.1390598], [77.5792131, 13.1389135], [77.5796422, 13.1388326], [77.580117, 13.1388143], [77.5805096, 13.1388575]]]}}, {"type": "Feature", "properties": {"id": "way/41667652", "name": "Veerasagara Lake", "kind": "lake", "source": "OpenStreetMap"}, "geometry": {"type": "Polygon", "coordinates": [[[77.5552288, 13.1006083], [77.5553226, 13.1008068], [77.5554058, 13.1009871], [77.5555506, 13.1011569], [77.555615, 13.1013476], [77.555666, 13.1014103], [77.5557679, 13.1014704], [77.5559288, 13.1014913], [77.5561085, 13.1015566], [77.5561917, 13.1016245], [77.5561729, 13.1017238], [77.5560603, 13.1017394], [77.5557813, 13.1017342], [77.5552797, 13.101601], [77.5550169, 13.1016245], [77.5549686, 13.101823], [77.555092, 13.1019902], [77.5553012, 13.1020477], [77.5553387, 13.1021156], [77.555627, 13.1028022], [77.5557772, 13.1034605], [77.5558791, 13.1039934], [77.556091, 13.1035755], [77.5563968, 13.1030556], [77.557467, 13.1025723], [77.5579122, 13.1026298], [77.5584192, 13.1027813], [77.5586149, 13.1028622], [77.5588591, 13.1031862], [77.5590817, 13.1033142], [77.5591407, 13.1032829], [77.5588698, 13.103006], [77.5586445, 13.1027578], [77.558331, 13.1023376], [77.5581456, 13.102089], [77.5578391, 13.1017873], [77.5575609, 13.1015901], [77.5568474, 13.1008168], [77.5565067, 13.1008456], [77.5561259, 13.1003805], [77.5552288, 13.1006083]]]}}, {"type": "Feature", "properties": {"id": "way/41667653", "name": "Singapura Kere", "kind": "lake", "source": "OpenStreetMap"}, "geometry": {"type": "Polygon", "coordinates": [[[77.5369737, 13.0830759], [77.5367752, 13.0826004], [77.5360296, 13.0823287], [77.5361905, 13.0812836], [77.5356594, 13.081477], [77.5353644, 13.0814247], [77.5350318, 13.0812366], [77.5346777, 13.080573], [77.5343129, 13.0800609], [77.5340233, 13.0801445], [77.5343398, 13.0809388], [77.5342968, 13.0814822], [77.5339911, 13.0821353], [77.5337014, 13.0825795], [77.5333366, 13.0829766], [77.5331274, 13.0833058], [77.5345329, 13.0834651], [77.5367376, 13.083682], [77.536837, 13.0836798], [77.5374377, 13.0836663], [77.5373653, 13.0833528], [77.5369737, 13.0830759]]]}}, {"type": "Feature", "properties": {"id": "way/41667654", "name": "Abbigere Lake", "kind": "lake", "source": "OpenStreetMap"}, "geometry": {"type": "Polygon", "coordinates": [[[77.5301032, 13.0819994], [77.5301273, 13.0817382], [77.5301622, 13.0815736], [77.5302373, 13.081085], [77.5302882, 13.0805364], [77.5302775, 13.0801419], [77.530189, 13.0795514], [77.5301488, 13.0790707], [77.5301729, 13.0788695], [77.530122, 13.0788016], [77.5296204, 13.0786867], [77.52932, 13.0786658], [77.5285958, 13.0783104], [77.5278068, 13.0779303], [77.5276114, 13.0779264], [77.5275068, 13.0779969], [77.5273351, 13.0780361], [77.5268792, 13.0780884], [77.5261576, 13.0781354], [77.5257151, 13.0781484], [77.5253825, 13.0781354], [77.5252859, 13.0781589], [77.5252566, 13.0783409], [77.5252993, 13.0785194], [77.5254169, 13.0786163], [77.5256158, 13.0786919], [77.526112, 13.0786187], [77.526438, 13.0786361], [77.5266887, 13.0787311], [77.5269704, 13.0789845], [77.5276811, 13.0794887], [77.5279064, 13.0796899], [77.528003, 13.0799041], [77.5280513, 13.0800139], [77.5281318, 13.0800896], [77.5283839, 13.080215], [77.528746, 13.0804894], [77.5290035, 13.0808577], [77.5292489, 13.0812676], [77.5293253, 13.0814142], [77.5295315, 13.0815069], [77.5296472, 13.0814978], [77.5297798, 13.0815793], [77.5299154, 13.0817042], [77.5299744, 13.0819903], [77.5299828, 13.0820084], [77.5299963, 13.0820233], [77.5300137, 13.0820337], [77.5300334, 13.0820386], [77.5300548, 13.0820375], [77.5300748, 13.08203], [77.5300915, 13.0820169], [77.5301032, 13.0819994]]]}}, {"type": "Feature", "properties": {"id": "way/41667655", "name": "Mylappanahalli Lake", "kind": "lake", "source": "OpenStreetMap"}, "geometry": {"type": "Polygon", "coordinates": [[[77.5352715, 13.1343179], [77.5345195, 13.1341492], [77.5344873, 13.1342485], [77.5352061, 13.1344052], [77.5355762, 13.1348492], [77.5357988, 13.1350321], [77.5361288, 13.1351575], [77.5367457, 13.1353873], [77.5369281, 13.1353612], [77.53703, 13.1355284], [77.5376147, 13.1353037], [77.5381243, 13.1349694], [77.5385052, 13.1346403], [77.5374484, 13.1338985], [77.5371867, 13.1334281], [77.536338, 13.1340186], [77.5357071, 13.1342717], [77.5352715, 13.1343179]]]}}, {"type": "Feature", "properties": {"id": "way/41667656", "name": "Kogilu Lake", "kind": "lake", "source": "OpenStreetMap"}, "geometry": {"type": "Polygon", "coordinates": [[[77.6207256, 13.1080587], [77.6180971, 13.1075258], [77.6176679, 13.1073168], [77.6175821, 13.1074736], [77.6176839, 13.1077291], [77.6177001, 13.1102113], [77.6175, 13.1105], [77.6169973, 13.1104961], [77.61583, 13.110705], [77.6154008, 13.1106465], [77.6141043, 13.1102262], [77.6145794, 13.1106754], [77.6149247, 13.1107998], [77.615109, 13.1109976], [77.615418, 13.1110812], [77.6158128, 13.1116162], [77.6160264, 13.1116846], [77.6168418, 13.1117891], [77.6170993, 13.1122593], [77.620157, 13.112437], [77.6207578, 13.1117891], [77.6223725, 13.1106449], [77.6220077, 13.1102531], [77.6207256, 13.1080587]]]}}, {"type": "Feature", "properties": {"id": "way/41667728", "name": "Hosakote lake", "kind": "lake", "source": "OpenStreetMap"}, "geometry": {"type": "Polygon", "coordinates": [[[77.7745, 13.06725], [77.7750184, 13.066398], [77.7755159, 13.0655802], [77.7752263, 13.0651412], [77.77425, 13.0665], [77.7735184, 13.0665548], [77.77275, 13.0665], [77.7713957, 13.0660187], [77.7700911, 13.0652061], [77.7687639, 13.0639457], [77.7685611, 13.063223], [77.7683685, 13.0625364], [77.7682307, 13.0613099], [77.7680456, 13.0603568], [77.7681497, 13.058613], [77.7681513, 13.0580172], [77.7684549, 13.0574424], [77.7683447, 13.0573604], [77.7682301, 13.0572752], [77.7676948, 13.0575882], [77.7672699, 13.0583062], [77.7672983, 13.059157], [77.766527, 13.0594152], [77.7668343, 13.060269], [77.7674979, 13.0606917], [77.768, 13.06225], [77.76825, 13.06425], [77.7658327, 13.0668011], [77.7647817, 13.069571], [77.7640951, 13.070522], [77.763108, 13.070752], [77.7636015, 13.0718598], [77.7623248, 13.0727585], [77.7628398, 13.0739395], [77.7620137, 13.0744829], [77.7617133, 13.0766984], [77.7605224, 13.0768238], [77.7604902, 13.0777853], [77.759428, 13.0775763], [77.7597257, 13.0805965], [77.7574818, 13.0811917], [77.7579796, 13.0818061], [77.7583192, 13.0818555], [77.7586985, 13.0825194], [77.7594339, 13.082247], [77.760222, 13.081955], [77.7603078, 13.0830419], [77.7602863, 13.0839615], [77.7596319, 13.0840347], [77.7597606, 13.0847139], [77.7593636, 13.0848707], [77.7594535, 13.0867679], [77.7600717, 13.0889776], [77.7615309, 13.0908064], [77.7617025, 13.0912662], [77.7638912, 13.0913289], [77.7642989, 13.0900958], [77.7655864, 13.0905138], [77.7656078, 13.0913289], [77.7672064, 13.0915274], [77.7672923, 13.0909422], [77.7683759, 13.0909109], [77.7688158, 13.0905869], [77.7687836, 13.090054], [77.7690625, 13.0888731], [77.7700925, 13.0886432], [77.7700925, 13.0864696], [77.7692771, 13.0862397], [77.7695131, 13.0844213], [77.7688908, 13.0841705], [77.7683329, 13.0814325], [77.7712083, 13.0806174], [77.7739119, 13.0806801], [77.774148, 13.0792797], [77.7735686, 13.0787363], [77.7724314, 13.0789035], [77.7717876, 13.0774404], [77.7709722, 13.0734274], [77.773354, 13.0704384], [77.7745, 13.06725]]]}}, {"type": "Feature", "properties": {"id": "way/41668667", "name": "Dasanapura Kere", "kind": "lake", "source": "OpenStreetMap"}, "geometry": {"type": "Polygon", "coordinates": [[[77.4329431, 13.0796194], [77.43325, 13.07925], [77.433, 13.07875], [77.4305, 13.07875], [77.43025, 13.0785], [77.4285, 13.07975], [77.42875, 13.08075], [77.42925, 13.08125], [77.4295407, 13.0813702], [77.4297823, 13.0814781], [77.4301089, 13.0814697], [77.4306618, 13.0813843], [77.4309234, 13.0813643], [77.4312225, 13.0813872], [77.4316749, 13.0815113], [77.4321588, 13.0816576], [77.432664, 13.081846], [77.4330321, 13.082007], [77.4333412, 13.0821053], [77.433474, 13.0822061], [77.4336173, 13.08237], [77.4337333, 13.0825036], [77.4338604, 13.0826119], [77.4341437, 13.0827524], [77.4342363, 13.0826798], [77.434338, 13.0825987], [77.4342575, 13.0823718], [77.4338519, 13.0820539], [77.4337483, 13.0818828], [77.4337318, 13.0816922], [77.4336961, 13.0815158], [77.4335861, 13.0813814], [77.4333243, 13.0812015], [77.4330687, 13.0810403], [77.4329465, 13.0808642], [77.4328836, 13.080593], [77.4328627, 13.0803018], [77.432882, 13.0800166], [77.4328633, 13.0797965], [77.4329431, 13.0796194]]]}}, {"type": "Feature", "properties": {"id": "way/41668669", "name": "Alur Lake", "kind": "lake", "source": "OpenStreetMap"}, "geometry": {"type": "Polygon", "coordinates": [[[77.4585, 13.10025], [77.45825, 13.10125], [77.46, 13.10275], [77.46025, 13.1025], [77.46075, 13.1005], [77.4598398, 13.095084], [77.45975, 13.09475], [77.4595, 13.0945], [77.46025, 13.09375], [77.46, 13.09325], [77.458, 13.094], [77.457, 13.0935], [77.457, 13.093], [77.45625, 13.0925], [77.4575, 13.09825], [77.4576259, 13.0992185], [77.4574757, 13.0998455], [77.4576366, 13.1002739], [77.4585, 13.10025]]]}}, {"type": "Feature", "properties": {"id": "way/42407836", "name": "BEL Lake", "kind": "lake", "source": "OpenStreetMap"}, "geometry": {"type": "Polygon", "coordinates": [[[77.5625692, 13.0561895], [77.5626859, 13.0556435], [77.5635617, 13.0558141], [77.5636902, 13.0555411], [77.5660373, 13.055507], [77.566084, 13.0562009], [77.5646477, 13.0574294], [77.5633048, 13.0572247], [77.562756, 13.0562692], [77.5625692, 13.0561895]]]}}, {"type": "Feature", "properties": {"id": "way/42655050", "name": "Amruthalli Lake", "kind": "lake", "source": "OpenStreetMap"}, "geometry": {"type": "Polygon", "coordinates": [[[77.5964354, 13.0611631], [77.5963657, 13.0612499], [77.5963081, 13.0614772], [77.5962317, 13.0618947], [77.5962639, 13.0623937], [77.5963735, 13.0624099], [77.5965883, 13.0624078], [77.5968619, 13.0624288], [77.5983965, 13.0626141], [77.5986487, 13.0626622], [77.5993783, 13.0628013], [77.5997028, 13.0629171], [77.5997833, 13.0629288], [77.5998134, 13.0628798], [77.5998456, 13.0628208], [77.5998778, 13.0627625], [77.5999565, 13.0626245], [77.599724, 13.062443], [77.59963, 13.0622635], [77.5995933, 13.0620237], [77.5995693, 13.0616321], [77.5994817, 13.0610487], [77.5994585, 13.0608134], [77.5995, 13.0606582], [77.5996469, 13.0605133], [77.5998701, 13.0603348], [77.5999282, 13.0602375], [77.6001128, 13.0601232], [77.599992, 13.0599534], [77.599867, 13.0599659], [77.5996798, 13.0600626], [77.5995123, 13.060273], [77.599272, 13.0604242], [77.5990543, 13.0605611], [77.5972378, 13.0609001], [77.5965507, 13.0611467], [77.5964354, 13.0611631]]]}}, {"type": "Feature", "properties": {"id": "way/42857728", "name": "Chikka Gubbi Kere", "kind": "lake", "source": "OpenStreetMap"}, "geometry": {"type": "Polygon", "coordinates": [[[77.6642799, 13.0885676], [77.6643008, 13.0886275], [77.6643679, 13.0886458], [77.6649311, 13.0886876], [77.6649767, 13.0886536], [77.6650223, 13.088557], [77.6652583, 13.0877732], [77.665658, 13.0867021], [77.6656607, 13.0866211], [77.6658206, 13.0861484], [77.6649226, 13.0859812], [77.6646243, 13.0871119], [77.6644215, 13.0878673], [77.6642799, 13.0885676]]]}}, {"type": "Feature", "properties": {"id": "way/43102038", "name": "Bagaluru Kere", "kind": "lake", "source": "OpenStreetMap"}, "geometry": {"type": "Polygon", "coordinates": [[[77.6654005, 13.141724], [77.6651913, 13.1416613], [77.6650733, 13.1415778], [77.6646978, 13.140721], [77.6646214, 13.140481], [77.664321, 13.1396452], [77.6642094, 13.1382097], [77.6646066, 13.137571], [77.6647326, 13.1371583], [77.664561, 13.1371113], [77.6644188, 13.1375449], [77.6638502, 13.1377172], [77.663703, 13.1381825], [77.6620036, 13.1389097], [77.6604157, 13.1392106], [77.6592742, 13.139244], [77.6587849, 13.1390183], [77.6578408, 13.1391437], [77.6567143, 13.1392429], [77.6566327, 13.139384], [77.6562003, 13.1391239], [77.6557445, 13.1390964], [77.655707, 13.1392688], [77.6556212, 13.1392322], [77.6556748, 13.138877], [77.6556104, 13.1388247], [77.6555514, 13.1391225], [77.6548648, 13.1388038], [77.6555514, 13.1390441], [77.6555407, 13.1388352], [77.6550686, 13.138527], [77.6545588, 13.138381], [77.6545322, 13.1382867], [77.6540387, 13.138224], [77.6540601, 13.1383337], [77.6538067, 13.138241], [77.6536041, 13.1382684], [77.6534298, 13.1383728], [77.6534003, 13.1385008], [77.6529323, 13.1384969], [77.6528317, 13.139065], [77.6518071, 13.1392322], [77.6517051, 13.140533], [77.651689, 13.1409091], [77.6525098, 13.1407681], [77.6530677, 13.1409666], [77.6529443, 13.1412278], [77.6525634, 13.1413949], [77.652778, 13.1416091], [77.6535022, 13.1417345], [77.6535988, 13.1417084], [77.6538992, 13.1417606], [77.6539797, 13.1418076], [77.6544303, 13.1417815], [77.6551491, 13.1418128], [77.6552188, 13.1416039], [77.6552617, 13.1415308], [77.655369, 13.1417658], [77.6558679, 13.1418129], [77.6561842, 13.1417515], [77.6571971, 13.1420023], [77.6586055, 13.1425486], [77.6593771, 13.1427521], [77.6597758, 13.1427896], [77.6612377, 13.142842], [77.6615381, 13.142842], [77.6617723, 13.1428513], [77.6621257, 13.1428112], [77.6627719, 13.1427845], [77.6643437, 13.1426696], [77.6648704, 13.1424678], [77.664906, 13.1422583], [77.6649886, 13.1422694], [77.6649914, 13.142354], [77.6651025, 13.1423775], [77.6653232, 13.1422486], [77.6653673, 13.1421585], [77.6652634, 13.1420933], [77.6653317, 13.1420517], [77.6655196, 13.141988], [77.6655609, 13.1419103], [77.6660122, 13.1417828], [77.6661247, 13.1417148], [77.6661503, 13.1416677], [77.6660976, 13.1416386], [77.6657132, 13.1416732], [77.6654086, 13.1416913], [77.6654005, 13.141724]]]}}, {"type": "Feature", "properties": {"id": "way/43609776", "name": "Thirumenahalli Lake", "kind": "lake", "source": "OpenStreetMap"}, "geometry": {"type": "Polygon", "coordinates": [[[77.6291852, 13.0909261], [77.6289964, 13.0909679], [77.6287904, 13.0914193], [77.6284557, 13.0919627], [77.6281381, 13.0922971], [77.6278634, 13.0924225], [77.6275201, 13.0924977], [77.6269365, 13.0924977], [77.6267991, 13.0924977], [77.6267706, 13.0926414], [77.6271346, 13.0927695], [77.6274514, 13.0928656], [77.6276918, 13.0930829], [77.6277789, 13.0931677], [77.6279823, 13.093316], [77.6282264, 13.0935099], [77.6283267, 13.0935805], [77.6285244, 13.0937477], [77.6288131, 13.0943899], [77.6288567, 13.0944116], [77.628901, 13.0944096], [77.6293389, 13.0942145], [77.6294981, 13.0941436], [77.6298528, 13.0939816], [77.6300013, 13.0939141], [77.6300652, 13.0938664], [77.6300781, 13.093804], [77.6300613, 13.0937204], [77.6300357, 13.0936289], [77.6298118, 13.0927987], [77.6297367, 13.0925458], [77.6296739, 13.0924802], [77.6295851, 13.0923964], [77.6295367, 13.0922106], [77.6295109, 13.091964], [77.6293812, 13.0917155], [77.6293049, 13.0915471], [77.6291852, 13.0909261]]]}}, {"type": "Feature", "properties": {"id": "way/43825194", "name": "Chokkanahalli Lake", "kind": "lake", "source": "OpenStreetMap"}, "geometry": {"type": "Polygon", "coordinates": [[[77.6295796, 13.0840589], [77.629498, 13.0839665], [77.6294289, 13.083941], [77.6293909, 13.083927], [77.6292871, 13.0839588], [77.6290262, 13.0840094], [77.6287925, 13.0840912], [77.6285833, 13.0841957], [77.6282567, 13.0843346], [77.6280589, 13.0844564], [77.6279747, 13.0845336], [77.6279229, 13.0845977], [77.6279609, 13.084676], [77.6280343, 13.0847543], [77.628497, 13.0847526], [77.6288232, 13.084878], [77.6290292, 13.0849532], [77.62963, 13.0851205], [77.6298446, 13.0853211], [77.629946, 13.0854296], [77.6301105, 13.085533], [77.6301642, 13.0855291], [77.6302168, 13.0855065], [77.6302017, 13.0853928], [77.6300703, 13.0851633], [77.6300819, 13.0849939], [77.6301115, 13.0846852], [77.6300717, 13.0845354], [77.6300307, 13.0844676], [77.6299106, 13.0844791], [77.6298531, 13.0845018], [77.629807, 13.0845012], [77.6297879, 13.0844792], [77.6297821, 13.0844524], [77.6297811, 13.084377], [77.6297567, 13.08433], [77.6296794, 13.0842047], [77.6295796, 13.0840589]]]}}, {"type": "Feature", "properties": {"id": "way/43990804", "name": "Kattigenahalli Lake", "kind": "lake", "source": "OpenStreetMap"}, "geometry": {"type": "Polygon", "coordinates": [[[77.6284534, 13.1134918], [77.6282871, 13.1134028], [77.6277837, 13.1131588], [77.62769, 13.1131253], [77.6276135, 13.1131645], [77.6277129, 13.1134561], [77.6278245, 13.1140078], [77.6278079, 13.1148636], [77.6277129, 13.1152282], [77.6276335, 13.1154604], [77.6273172, 13.1157571], [77.6272219, 13.1158786], [77.6273755, 13.1159657], [77.6280323, 13.1158317], [77.6287565, 13.1156977], [77.628988, 13.1156462], [77.6291441, 13.1156031], [77.6292922, 13.1154957], [77.6294156, 13.1154542], [77.6297219, 13.1153993], [77.6300622, 13.1153719], [77.6301494, 13.1153181], [77.6301749, 13.1151447], [77.630169, 13.1150175], [77.6301477, 13.114559], [77.6300322, 13.1143866], [77.6297034, 13.1142045], [77.6294096, 13.1140347], [77.6291892, 13.1139075], [77.6287541, 13.1136708], [77.6284534, 13.1134918]]]}}, {"type": "Feature", "properties": {"id": "way/44546800", "name": "Kowdenahalli Lake", "kind": "lake", "source": "OpenStreetMap"}, "geometry": {"type": "Polygon", "coordinates": [[[77.685796, 13.0149851], [77.6856806, 13.0150329], [77.6855814, 13.0150739], [77.6854044, 13.0148753], [77.6852381, 13.014499], [77.685163, 13.0144519], [77.6843262, 13.0142951], [77.6842725, 13.0142167], [77.6842677, 13.0139098], [77.6842296, 13.0114571], [77.6842789, 13.0113832], [77.6842993, 13.0113525], [77.6844388, 13.0114153], [77.6853508, 13.0113996], [77.6854581, 13.0111748], [77.6855385, 13.0110964], [77.6863056, 13.0110546], [77.6865041, 13.0111644], [77.6868957, 13.0113734], [77.686885, 13.0114884], [77.6862895, 13.0118282], [77.6858604, 13.0122672], [77.6854902, 13.0126853], [77.6852328, 13.0130826], [77.6851791, 13.0134484], [77.6852488, 13.0137882], [77.6854044, 13.0141854], [77.685796, 13.0149851]]]}}, {"type": "Feature", "properties": {"id": "way/44707273", "name": "Horamavu Lake", "kind": "lake", "source": "OpenStreetMap"}, "geometry": {"type": "Polygon", "coordinates": [[[77.6684837, 13.0224093], [77.6682061, 13.0224342], [77.6676884, 13.0224381], [77.6670326, 13.0225256], [77.6664372, 13.0227517], [77.6659664, 13.0231332], [77.6658779, 13.0232926], [77.6659115, 13.0233384], [77.6662065, 13.0234873], [77.666574, 13.0238074], [77.6668341, 13.0242791], [77.6669589, 13.0245966], [77.6669522, 13.0248161], [77.6667738, 13.0252512], [77.6663983, 13.0256236], [77.6663271, 13.0257434], [77.6664224, 13.0257464], [77.6665619, 13.0256275], [77.6672539, 13.024854], [77.6673424, 13.024756], [77.6676455, 13.0243013], [77.6681176, 13.0238087], [77.6682517, 13.0236376], [77.6683094, 13.0233201], [77.6685481, 13.0228327], [77.6685897, 13.0227282], [77.6685722, 13.022591], [77.6684837, 13.0224093]]]}}, {"type": "Feature", "properties": {"id": "way/44999246", "name": "Devasandra lake", "kind": "lake", "source": "OpenStreetMap"}, "geometry": {"type": "Polygon", "coordinates": [[[77.7017364, 13.0027872], [77.7017511, 13.0031452], [77.7017552, 13.0032001], [77.7017713, 13.0032197], [77.7018102, 13.003238], [77.7018678, 13.003238], [77.7019, 13.0032092], [77.7020958, 13.0029596], [77.702305, 13.0024958], [77.7023506, 13.0024069], [77.7024874, 13.0022788], [77.7025746, 13.0022253], [77.7027409, 13.002156], [77.7032022, 13.0020671], [77.7033041, 13.0020632], [77.7035724, 13.0021063], [77.7038433, 13.0021652], [77.7040726, 13.0022083], [77.7042027, 13.0022775], [77.7043274, 13.0024043], [77.7044709, 13.0025859], [77.7045554, 13.002714], [77.7046855, 13.0026016], [77.7044749, 13.0023481], [77.7043261, 13.001994], [77.7042738, 13.0017744], [77.7042577, 13.0013667], [77.7042282, 13.0010688], [77.7041692, 13.0009486], [77.7040002, 13.0008767], [77.7036367, 13.0008297], [77.7032143, 13.000618], [77.7027771, 13.0003619], [77.7027127, 13.0003383], [77.7021883, 13.0004573], [77.702132, 13.0005017], [77.7021669, 13.0007918], [77.7022313, 13.0015863], [77.7022098, 13.0017797], [77.7021401, 13.002041], [77.7020971, 13.0022579], [77.702022, 13.0025924], [77.7020006, 13.0026317], [77.7019282, 13.0026761], [77.7018048, 13.0027074], [77.7017364, 13.0027872]]]}}, {"type": "Feature", "properties": {"id": "way/45741726", "name": "Hosakere", "kind": "lake", "source": "OpenStreetMap"}, "geometry": {"type": "Polygon", "coordinates": [[[77.4809237, 12.9233438], [77.4806233, 12.9233543], [77.4792311, 12.9238658], [77.4792714, 12.9240653], [77.4794753, 12.9243686], [77.4796362, 12.9246091], [77.4796577, 12.9249647], [77.4795933, 12.9249856], [77.4794431, 12.9249751], [77.4791856, 12.9250588], [77.4792178, 12.9251842], [77.4793251, 12.9253306], [77.4793251, 12.9255189], [77.4795611, 12.9255502], [77.4795933, 12.9256966], [77.4796899, 12.9257803], [77.4797757, 12.926209], [77.4799152, 12.9263659], [77.4798508, 12.9265802], [77.4797381, 12.9266692], [77.4797838, 12.9268365], [77.4798401, 12.9270744], [77.4799796, 12.9274325], [77.4801781, 12.9273463], [77.4804194, 12.9272652], [77.4807735, 12.9271606], [77.4809022, 12.9264495], [77.4809988, 12.9264495], [77.4811061, 12.9265959], [77.4810095, 12.9266587], [77.4810739, 12.9268469], [77.4812241, 12.9270456], [77.4814709, 12.9276312], [77.4814387, 12.9278403], [77.4814816, 12.9279344], [77.4815674, 12.9278194], [77.4816425, 12.9280076], [77.4818678, 12.92829], [77.4819751, 12.9287919], [77.4820931, 12.9287396], [77.4822755, 12.9284468], [77.4826403, 12.9291683], [77.4826725, 12.9293461], [77.4827905, 12.9294298], [77.4830265, 12.9301408], [77.4831016, 12.9302349], [77.4833484, 12.9304441], [77.4834235, 12.9307264], [77.483284, 12.9309042], [77.4831875, 12.9312074], [77.4830265, 12.9314165], [77.4830576, 12.9318751], [77.4831102, 12.9326797], [77.4832268, 12.9327913], [77.48342, 12.9333435], [77.4835291, 12.9333625], [77.4833996, 12.9326737], [77.4834485, 12.9324113], [77.4833602, 12.9320819], [77.4835297, 12.9319274], [77.4835737, 12.9317407], [77.4835522, 12.9314479], [77.483681, 12.9312701], [77.4836381, 12.9310715], [77.4837346, 12.9308832], [77.4838419, 12.9306323], [77.4836381, 12.9301304], [77.4835093, 12.9300781], [77.4833806, 12.9299003], [77.483166, 12.9293879], [77.4831553, 12.9292206], [77.4830158, 12.9288337], [77.4828871, 12.9285618], [77.4827369, 12.9283736], [77.4826188, 12.9281226], [77.4826832, 12.927924], [77.4825974, 12.9278194], [77.4824901, 12.9278194], [77.4823292, 12.9275998], [77.4822004, 12.9275371], [77.4820824, 12.9273593], [77.4819429, 12.9267005], [77.4817954, 12.926209], [77.4817069, 12.9260313], [77.4815674, 12.9258012], [77.4812348, 12.9255712], [77.4812241, 12.9254666], [77.4812462, 12.9252983], [77.4811548, 12.9249392], [77.4811168, 12.9248078], [77.4810095, 12.9244], [77.4811012, 12.9242844], [77.4811704, 12.9239399], [77.4811597, 12.9237098], [77.4810953, 12.9234588], [77.4809237, 12.9233438]]]}}, {"type": "Feature", "properties": {"id": "way/45741827", "name": "Dubasi Palya Kere", "kind": "lake", "source": "OpenStreetMap"}, "geometry": {"type": "Polygon", "coordinates": [[[77.495075, 12.9291161], [77.4946459, 12.929618], [77.4940021, 12.9306427], [77.493809, 12.9310401], [77.4935837, 12.931312], [77.4934764, 12.9315734], [77.4936588, 12.9314584], [77.4937661, 12.9315211], [77.4940021, 12.9315002], [77.4941416, 12.9314061], [77.4942704, 12.9314897], [77.4945171, 12.9316989], [77.4949463, 12.9318557], [77.4951072, 12.9322322], [77.4961157, 12.9317825], [77.4959655, 12.9315629], [77.4955793, 12.9313747], [77.4955793, 12.9311238], [77.4955149, 12.9307996], [77.4955002, 12.930631], [77.4953647, 12.9303081], [77.4953218, 12.9300467], [77.4952038, 12.9299421], [77.4951609, 12.9296807], [77.4951394, 12.9293252], [77.495075, 12.9291161]]]}}, {"type": "Feature", "properties": {"id": "way/45860708", "name": "Sheelavathana Kere", "kind": "lake", "source": "OpenStreetMap"}, "geometry": {"type": "Polygon", "coordinates": [[[77.7423639, 12.9633855], [77.7421465, 12.963252], [77.7419611, 12.963183], [77.7418732, 12.9631574], [77.741796, 12.9632036], [77.741758, 12.9632709], [77.7417633, 12.9633865], [77.7417678, 12.9634735], [77.7417574, 12.9637166], [77.7417083, 12.9638726], [77.7417531, 12.964031], [77.7418489, 12.964201], [77.7419921, 12.9647663], [77.7422566, 12.9652361], [77.7423424, 12.9653302], [77.742498, 12.9654859], [77.7427128, 12.9655993], [77.7428502, 12.9656451], [77.7429062, 12.9656741], [77.7429271, 12.9656247], [77.7430274, 12.9653618], [77.7431674, 12.9651767], [77.7435107, 12.9651851], [77.7438659, 12.9651838], [77.7443165, 12.9651734], [77.7448422, 12.9651525], [77.744942, 12.9649752], [77.745166, 12.9648419], [77.7453905, 12.964788], [77.7455251, 12.9647663], [77.7456166, 12.9647608], [77.7456791, 12.9646759], [77.7456938, 12.9646278], [77.7456278, 12.9646077], [77.7454924, 12.9646124], [77.7451617, 12.964644], [77.7449173, 12.9647029], [77.7447917, 12.9647096], [77.7445931, 12.9647203], [77.7442846, 12.9647206], [77.7441019, 12.9647656], [77.7436942, 12.9647552], [77.7436835, 12.9646088], [77.7435655, 12.9642324], [77.7434046, 12.963971], [77.7430505, 12.9637096], [77.7427394, 12.9635946], [77.7425248, 12.9635005], [77.7423639, 12.9633855]]]}}, {"type": "Feature", "properties": {"id": "way/45921942", "name": "Gangondanahalli Lake", "kind": "lake", "source": "OpenStreetMap"}, "geometry": {"type": "Polygon", "coordinates": [[[77.4723887, 13.0208963], [77.4723834, 13.0207029], [77.4726731, 13.0200601], [77.4727428, 13.0198092], [77.4727213, 13.0190357], [77.4726439, 13.0177911], [77.4719784, 13.0165609], [77.4718929, 13.0163277], [77.472091, 13.0161898], [77.4723163, 13.0161663], [77.4729014, 13.0162231], [77.4744678, 13.0158677], [77.475648, 13.0157841], [77.4756425, 13.0160462], [77.4756051, 13.017812], [77.4755323, 13.0196576], [77.4753982, 13.0203893], [77.4752694, 13.0203998], [77.475087, 13.0196367], [77.4744004, 13.0196367], [77.4740624, 13.019736], [77.4733436, 13.0203005], [77.4733329, 13.0207604], [77.4730003, 13.0210479], [77.4726355, 13.021189], [77.4723887, 13.0208963]]]}}, {"type": "Feature", "properties": {"id": "way/52057922", "name": "Lotus Pond", "kind": "lake", "source": "OpenStreetMap"}, "geometry": {"type": "Polygon", "coordinates": [[[77.5959612, 12.9774853], [77.5958136, 12.9773346], [77.5958065, 12.9771496], [77.5959823, 12.9769783], [77.5964077, 12.9769259], [77.5966932, 12.9769413], [77.5968264, 12.9770585], [77.5971636, 12.9771153], [77.5971606, 12.9772341], [77.5971288, 12.9773327], [77.597032, 12.9773915], [77.5968588, 12.9773641], [77.5966735, 12.9773248], [77.5965284, 12.9773488], [77.5962857, 12.9774502], [77.5961018, 12.9775264], [77.5959612, 12.9774853]]]}}, {"type": "Feature", "properties": {"id": "way/52059617", "name": "Sampangi Lake", "kind": "lake", "source": "OpenStreetMap"}, "geometry": {"type": "Polygon", "coordinates": [[[77.5900461, 12.9684867], [77.5900803, 12.9681089], [77.5905074, 12.9681467], [77.5904731, 12.9685246], [77.5900461, 12.9684867]]]}}, {"type": "Feature", "properties": {"id": "way/62381586", "name": "Kasavanahalli Lake", "kind": "lake", "source": "OpenStreetMap"}, "geometry": {"type": "Polygon", "coordinates": [[[77.6661221, 12.9075899], [77.6662635, 12.9075654], [77.6663572, 12.9075492], [77.6664964, 12.9075221], [77.6666056, 12.9061088], [77.6675712, 12.9056487], [77.6680218, 12.9057533], [77.6684081, 12.9060252], [77.669438, 12.9055232], [77.6698672, 12.905565], [77.6699752, 12.9051645], [77.66957, 12.9048167], [77.6690413, 12.9040295], [77.6686605, 12.903067], [77.6683348, 12.9023623], [77.6679789, 12.902093], [77.6673594, 12.9021897], [77.6669704, 12.9021793], [77.6663758, 12.9028861], [77.6664324, 12.9033451], [77.6662661, 12.9036432], [77.6660987, 12.9040931], [77.6663347, 12.9052591], [77.6660764, 12.9057092], [77.6661221, 12.9075899]]]}}, {"type": "Feature", "properties": {"id": "way/75610567", "name": "Chikkabanavara Lake", "kind": "lake", "source": "OpenStreetMap"}, "geometry": {"type": "Polygon", "coordinates": [[[77.5121337, 13.0829165], [77.5120291, 13.0828146], [77.5116348, 13.0826839], [77.5111628, 13.0824227], [77.5106102, 13.0820831], [77.5105778, 13.0820565], [77.5105507, 13.0820248], [77.5105298, 13.081989], [77.5105186, 13.0819604], [77.5105114, 13.0819306], [77.5105083, 13.0819002], [77.5104771, 13.0817701], [77.5104817, 13.0817453], [77.5104795, 13.0817201], [77.5104707, 13.0816964], [77.5104565, 13.0816762], [77.5104375, 13.0816601], [77.5104149, 13.0816492], [77.5103903, 13.0816441], [77.5099719, 13.0815344], [77.5099265, 13.0815256], [77.5098832, 13.0815098], [77.5098431, 13.0814874], [77.5098088, 13.0814604], [77.5097792, 13.0814286], [77.509755, 13.0813927], [77.5097368, 13.0813536], [77.5095212, 13.0810119], [77.5094783, 13.080876], [77.509464, 13.0808586], [77.5094461, 13.0808447], [77.5094204, 13.0808333], [77.5093925, 13.080829], [77.5092047, 13.080876], [77.5091874, 13.0808749], [77.509171, 13.0808696], [77.5091565, 13.0808604], [77.5091438, 13.0808463], [77.5091356, 13.0808294], [77.5091326, 13.080811], [77.509135, 13.0807924], [77.5090789, 13.0804235], [77.5088668, 13.0802751], [77.5078636, 13.0797578], [77.507354, 13.0795175], [77.5071663, 13.0794652], [77.5071232, 13.0794525], [77.5070786, 13.0794465], [77.5070336, 13.0794472], [77.5069892, 13.0794548], [77.5069448, 13.0794697], [77.5069034, 13.0794913], [77.506839, 13.0796951], [77.5068126, 13.0797476], [77.5067782, 13.0797954], [77.5067366, 13.0798375], [77.5066888, 13.0798728], [77.5066523, 13.0798931], [77.5066137, 13.0799094], [77.5063616, 13.0798885], [77.5063363, 13.0798995], [77.5063133, 13.0799146], [77.5062894, 13.079938], [77.506271, 13.0799658], [77.5062592, 13.0799968], [77.5062543, 13.0800295], [77.5061846, 13.0804319], [77.5058627, 13.0811059], [77.5057715, 13.0811582], [77.5057105, 13.0811884], [77.5056481, 13.0812157], [77.5049829, 13.0814717], [77.5048767, 13.0815017], [77.5047684, 13.081524], [77.5046812, 13.081536], [77.5045935, 13.081543], [77.5045055, 13.0815449], [77.5043553, 13.0814978], [77.5034073, 13.0811294], [77.5033721, 13.0811244], [77.5033365, 13.0811244], [77.5033012, 13.0811295], [77.5032766, 13.0811361], [77.5032529, 13.0811451], [77.5031751, 13.0812627], [77.5031623, 13.0812797], [77.5031541, 13.0812993], [77.503151, 13.0813202], [77.5031542, 13.0813446], [77.5031644, 13.0813672], [77.5033146, 13.0814012], [77.5034211, 13.0814852], [77.5035238, 13.0815736], [77.5036249, 13.0816687], [77.5037215, 13.081768], [77.5038135, 13.0818714], [77.5038832, 13.0820021], [77.503936, 13.0821163], [77.5039825, 13.0822331], [77.5040227, 13.0823522], [77.5040871, 13.0825507], [77.5047791, 13.0838727], [77.5050473, 13.0843691], [77.5050634, 13.0844474], [77.5050634, 13.0845781], [77.5050692, 13.0846958], [77.5050795, 13.0848132], [77.5050957, 13.084939], [77.5051171, 13.085064], [77.5051975, 13.08532], [77.505278, 13.0856231], [77.5052936, 13.0856612], [77.5053143, 13.085697], [77.5053396, 13.0857297], [77.5053692, 13.0857589], [77.5054037, 13.0857848], [77.5054414, 13.0858059], [77.5054818, 13.0858217], [77.5055438, 13.0858076], [77.5056069, 13.0857999], [77.5056705, 13.0857984], [77.505734, 13.0858034], [77.5058082, 13.0858174], [77.50588, 13.0858402], [77.5059485, 13.0858713], [77.5062543, 13.0860751], [77.506401, 13.0859539], [77.5063424, 13.0859069], [77.5062894, 13.0858542], [77.5062423, 13.0857963], [77.5062019, 13.0857338], [77.5061685, 13.0856675], [77.5061483, 13.0856158], [77.5061324, 13.0855626], [77.5061209, 13.0855084], [77.5061221, 13.0854649], [77.506129, 13.0854219], [77.5061417, 13.0853801], [77.5061574, 13.0853449], [77.5061771, 13.0853117], [77.5062007, 13.0852809], [77.5062494, 13.0851826], [77.5063046, 13.0850876], [77.5063661, 13.0849963], [77.5064334, 13.0849091], [77.5065064, 13.0848263], [77.5065867, 13.0847465], [77.5066722, 13.0846721], [77.5067626, 13.0846034], [77.5068575, 13.0845407], [77.5069564, 13.0844843], [77.507059, 13.0844344], [77.5072521, 13.0843351], [77.5076544, 13.0842619], [77.5079226, 13.0842097], [77.5090599, 13.0841992], [77.5093764, 13.0842149], [77.5099611, 13.0842149], [77.5103956, 13.0842045], [77.5115812, 13.0837133], [77.5117099, 13.0836715], [77.5117153, 13.0836245], [77.5116187, 13.0834834], [77.5116187, 13.0833998], [77.5119889, 13.0831438], [77.5121337, 13.0829165]]]}}, {"type": "Feature", "properties": {"id": "way/95639129", "name": "Garudacharpalya Lake", "kind": "lake", "source": "OpenStreetMap"}, "geometry": {"type": "Polygon", "coordinates": [[[77.696454, 12.9915003], [77.6964498, 12.9915583], [77.6964283, 12.9915909], [77.6962902, 12.9916354], [77.6962459, 12.9916497], [77.6962191, 12.991638], [77.6955673, 12.9907964], [77.6954788, 12.9907749], [77.6952568, 12.9907677], [77.6949739, 12.9906043], [77.6949484, 12.9905815], [77.6949812, 12.990486], [77.6950671, 12.9905037], [77.6954252, 12.990454], [77.6958275, 12.9903783], [77.6963277, 12.9902221], [77.6963439, 12.9902125], [77.6963625, 12.9902094], [77.696381, 12.9902132], [77.6963968, 12.9902234], [77.6964061, 12.9902356], [77.6964112, 12.99025], [77.6964115, 12.9902652], [77.6963961, 12.9905325], [77.6964028, 12.9908088], [77.6963644, 12.9908297], [77.6963298, 12.9908561], [77.6962999, 12.9908876], [77.6962754, 12.9909232], [77.696257, 12.9909621], [77.696245, 12.9910034], [77.6962399, 12.991046], [77.6962322, 12.9910779], [77.6962331, 12.9911106], [77.6962426, 12.9911421], [77.6962538, 12.9911619], [77.6962685, 12.9911795], [77.6962861, 12.9911943], [77.6962915, 12.9912192], [77.696454, 12.9915003]]]}}, {"type": "Feature", "properties": {"id": "way/111563782", "name": "Haralur Lake", "kind": "lake", "source": "OpenStreetMap"}, "geometry": {"type": "Polygon", "coordinates": [[[77.6621283, 12.8947482], [77.66182, 12.8960262], [77.6617072, 12.8964103], [77.6616641, 12.8966671], [77.6617104, 12.8969825], [77.6618196, 12.8974054], [77.6619102, 12.8975925], [77.6620007, 12.8976858], [77.6619654, 12.8977883], [77.6619055, 12.8979179], [77.6619081, 12.8981281], [77.6619778, 12.8984093], [77.6619751, 12.8987831], [77.66221, 12.899174], [77.6624043, 12.8993239], [77.6626457, 12.8996722], [77.6627312, 12.8996887], [77.6627664, 12.8995466], [77.6624177, 12.8989427], [77.6623104, 12.8985766], [77.6627503, 12.8978864], [77.6636086, 12.8973431], [77.6641773, 12.8969666], [77.6645313, 12.8967783], [77.6649068, 12.8967365], [77.6650034, 12.8965692], [77.6649605, 12.8964541], [77.6647352, 12.8964332], [77.6646019, 12.8964103], [77.6645528, 12.8964019], [77.6644304, 12.8964152], [77.6643597, 12.8964228], [77.6641823, 12.8963329], [77.6638551, 12.8961671], [77.6638232, 12.8961509], [77.6637186, 12.8960353], [77.6634889, 12.8959452], [77.6634906, 12.8956384], [77.6634174, 12.8954963], [77.6631838, 12.8950387], [77.6630284, 12.8945812], [77.6625296, 12.8946602], [77.6622222, 12.8947098], [77.6621283, 12.8947482]]]}}, {"type": "Feature", "properties": {"id": "way/111871728", "name": "Basapura Lake", "kind": "lake", "source": "OpenStreetMap"}, "geometry": {"type": "Polygon", "coordinates": [[[77.6431935, 12.8696334], [77.643219, 12.869616], [77.6432192, 12.8694629], [77.643252, 12.8694164], [77.6442492, 12.8692526], [77.6444288, 12.8693332], [77.6446005, 12.8693149], [77.6448043, 12.8691371], [77.6448875, 12.8691371], [77.6450779, 12.8691815], [77.645153, 12.8691292], [77.6450833, 12.8685775], [77.6449948, 12.8685566], [77.6446863, 12.8684598], [77.6442706, 12.8682846], [77.6431494, 12.8675917], [77.6431078, 12.8676544], [77.6432272, 12.8677721], [77.6434552, 12.8680323], [77.6434552, 12.8681839], [77.6432165, 12.8687553], [77.6431387, 12.8690246], [77.643085, 12.8691998], [77.6429965, 12.8692887], [77.6427337, 12.8695005], [77.6427203, 12.8695868], [77.6427584, 12.8696166], [77.6431935, 12.8696334]]]}}, {"type": "Feature", "properties": {"id": "way/111871740", "name": "Begur Kere", "kind": "lake", "source": "OpenStreetMap"}, "geometry": {"type": "Polygon", "coordinates": [[[77.6419915, 12.8801038], [77.6419459, 12.8800372], [77.6419231, 12.8789017], [77.6418802, 12.8787579], [77.6416227, 12.8781657], [77.6415235, 12.8779853], [77.6413974, 12.877865], [77.6412821, 12.8778127], [77.6412217, 12.8777996], [77.6409763, 12.8778101], [77.640857, 12.8778467], [77.6407792, 12.8778127], [77.641219, 12.8772989], [77.6413237, 12.8772727], [77.6419929, 12.8771786], [77.6421498, 12.8771054], [77.6422068, 12.8770943], [77.642239, 12.8771701], [77.6423127, 12.8772871], [77.6424159, 12.8773911], [77.6425099, 12.8774617], [77.6426198, 12.8775316], [77.6427821, 12.8776094], [77.6428579, 12.8776284], [77.6429384, 12.8776368], [77.6429048, 12.8777839], [77.6426876, 12.8782833], [77.6423281, 12.879158], [77.6422302, 12.8792985], [77.6422074, 12.8793776], [77.6422229, 12.8794692], [77.6422242, 12.8796391], [77.6422188, 12.8798084], [77.6422034, 12.8799247], [77.6421726, 12.8800842], [77.6420766, 12.8801091], [77.6419915, 12.8801038]]]}}, {"type": "Feature", "properties": {"id": "way/111871772", "name": "Basapura Lake", "kind": "lake", "source": "OpenStreetMap"}, "geometry": {"type": "Polygon", "coordinates": [[[77.6487896, 12.8702625], [77.6493421, 12.8701396], [77.6493977, 12.8701242], [77.6494549, 12.8701161], [77.6495127, 12.8701156], [77.6495701, 12.8701226], [77.6496236, 12.8701362], [77.6496748, 12.8701564], [77.649723, 12.8701828], [77.6498464, 12.8702547], [77.6503023, 12.8702834], [77.6506497, 12.8702782], [77.6507181, 12.8702128], [77.6507426, 12.8701717], [77.650761, 12.8701276], [77.650773, 12.8700815], [77.6507784, 12.8700342], [77.6507771, 12.8699866], [77.6507696, 12.8699421], [77.6507562, 12.8698988], [77.6507372, 12.8698577], [77.6507127, 12.8698193], [77.6506577, 12.8697382], [77.6505639, 12.8696794], [77.6505351, 12.8696458], [77.6505136, 12.8696075], [77.6505019, 12.8695739], [77.6504959, 12.8695389], [77.6504955, 12.8695034], [77.6505008, 12.8694683], [77.6505016, 12.869453], [77.6504975, 12.8694382], [77.6504868, 12.8694233], [77.6504713, 12.8694133], [77.6500744, 12.86918], [77.6496077, 12.8688204], [77.6494212, 12.8684831], [77.6494133, 12.8684634], [77.6493997, 12.8684469], [77.6493818, 12.8684349], [77.6493611, 12.8684285], [77.6493394, 12.8684282], [77.6493151, 12.8684358], [77.6492949, 12.868451], [77.6492812, 12.868472], [77.6492757, 12.8684963], [77.6492791, 12.868521], [77.649271, 12.8690898], [77.6491651, 12.8696284], [77.6489881, 12.8699866], [77.648799, 12.8702213], [77.6487896, 12.8702625]]]}}, {"type": "Feature", "properties": {"id": "way/116792836", "name": "Deepanjali Nagara Kere", "kind": "lake", "source": "OpenStreetMap"}, "geometry": {"type": "Polygon", "coordinates": [[[77.5313768, 12.9483206], [77.5313977, 12.9484986], [77.531395, 12.9487132], [77.5313652, 12.9488283], [77.5314207, 12.9489313], [77.5315914, 12.9491556], [77.5316127, 12.9493562], [77.5315965, 12.9493966], [77.5314773, 12.9494995], [77.531323, 12.9496015], [77.531287, 12.9496423], [77.531189, 12.9497153], [77.5310972, 12.9497472], [77.5308016, 12.9497371], [77.5305422, 12.9497454], [77.5303251, 12.9497411], [77.5302065, 12.9496883], [77.5301502, 12.9496189], [77.5301171, 12.9495357], [77.5301227, 12.949443], [77.5301659, 12.9493325], [77.5302705, 12.9492479], [77.5304799, 12.9491147], [77.5308292, 12.9488984], [77.5309859, 12.9487343], [77.5312034, 12.9483231], [77.5312563, 12.9482585], [77.5312956, 12.9482495], [77.5313348, 12.9482578], [77.5313768, 12.9483206]]]}}, {"type": "Feature", "properties": {"id": "way/117076682", "name": "Vasantapura Temple Kalyani", "kind": "lake", "source": "OpenStreetMap"}, "geometry": {"type": "Polygon", "coordinates": [[[77.5536532, 12.8947788], [77.5537565, 12.8942962], [77.5544635, 12.8944751], [77.5543196, 12.8949352], [77.5536532, 12.8947788]]]}}, {"type": "Feature", "properties": {"id": "way/118415616", "name": "Krishna Nagara Lake", "kind": "lake", "source": "OpenStreetMap"}, "geometry": {"type": "Polygon", "coordinates": [[[77.5800083, 12.8730204], [77.5801865, 12.8733934], [77.5802362, 12.8735683], [77.5802616, 12.8736798], [77.5803015, 12.8738103], [77.5804096, 12.8738929], [77.5804603, 12.8739541], [77.5805716, 12.8740883], [77.580795, 12.8743889], [77.5809129, 12.8745318], [77.5807795, 12.8746374], [77.5808395, 12.8747119], [77.5809824, 12.8746067], [77.581214, 12.8747643], [77.5812986, 12.8748498], [77.5812941, 12.8749555], [77.5812965, 12.8750981], [77.5813686, 12.8751579], [77.5813476, 12.8751984], [77.5810763, 12.8751082], [77.5809844, 12.8751077], [77.5805189, 12.8750345], [77.5801704, 12.8749594], [77.5799335, 12.8748771], [77.5796366, 12.8747527], [77.579451, 12.8747486], [77.579267, 12.8747934], [77.5790029, 12.8749419], [77.5788196, 12.8750951], [77.5785506, 12.8754254], [77.5784554, 12.8755326], [77.5783896, 12.8755823], [77.578387, 12.8755588], [77.5785989, 12.8752293], [77.5787772, 12.874875], [77.5788134, 12.8746135], [77.5788242, 12.8743965], [77.5788711, 12.8741128], [77.5788443, 12.8734081], [77.5789046, 12.8732565], [77.5789958, 12.8730695], [77.5790253, 12.8729479], [77.5790656, 12.8726145], [77.579091, 12.8725714], [77.5791682, 12.8725426], [77.5792707, 12.8725348], [77.5793687, 12.8725315], [77.5794853, 12.8725499], [77.5796469, 12.8725884], [77.579769, 12.8726413], [77.5798454, 12.8727492], [77.5798756, 12.8728002], [77.5798635, 12.8728381], [77.5798374, 12.8728767], [77.5797871, 12.8729146], [77.5798086, 12.8729708], [77.5798562, 12.872964], [77.5799627, 12.8729658], [77.5800083, 12.8730204]]]}}, {"type": "Feature", "properties": {"id": "way/118415657", "name": "Avalahalli Lake", "kind": "lake", "source": "OpenStreetMap"}, "geometry": {"type": "Polygon", "coordinates": [[[77.5649928, 12.8627729], [77.5652562, 12.8630965], [77.5652696, 12.863137], [77.5653005, 12.8631762], [77.5653769, 12.8631932], [77.5654238, 12.8632495], [77.5658554, 12.8639263], [77.5659656, 12.8641071], [77.5661159, 12.8641673], [77.5665769, 12.864214], [77.5666872, 12.8642771], [77.566773, 12.8644052], [77.5668937, 12.8645098], [77.5670624, 12.8645931], [77.5671431, 12.864621], [77.567226, 12.8646872], [77.5672987, 12.8648288], [77.567355, 12.865072], [77.5674516, 12.8652708], [77.5676313, 12.8653989], [77.5677593, 12.8654435], [77.5677184, 12.8655411], [77.567516, 12.8656316], [77.5672853, 12.8658539], [77.56717, 12.8662879], [77.5670238, 12.866284], [77.5667408, 12.8663363], [77.5665209, 12.8665873], [77.5664484, 12.8668018], [77.5664565, 12.8669926], [77.5664444, 12.8670436], [77.5664208, 12.8670647], [77.56593, 12.8671301], [77.5657028, 12.8669966], [77.5654745, 12.8668236], [77.5654265, 12.8664997], [77.5655733, 12.8661311], [77.5657749, 12.8655397], [77.5658414, 12.8651611], [77.5658235, 12.8645595], [77.5657374, 12.8642244], [77.5654212, 12.8636155], [77.5652361, 12.8632377], [77.5651918, 12.8631945], [77.5651422, 12.8631775], [77.5648545, 12.8628573], [77.5648825, 12.86282], [77.5649187, 12.8627718], [77.5649928, 12.8627729]]]}}, {"type": "Feature", "properties": {"id": "way/118906503", "name": "Chudahalli Lake", "kind": "lake", "source": "OpenStreetMap"}, "geometry": {"type": "Polygon", "coordinates": [[[77.5287194, 12.8419703], [77.5300226, 12.8419438], [77.5304298, 12.8416526], [77.53119, 12.8419173], [77.5320588, 12.8405408], [77.532086, 12.8405673], [77.5325475, 12.8407791], [77.5323575, 12.8418379], [77.5334706, 12.8418909], [77.534448, 12.8421291], [77.5345023, 12.8428173], [77.5350725, 12.8438762], [77.5356969, 12.8430026], [77.535887, 12.8418909], [77.5374888, 12.842182], [77.5374345, 12.8406732], [77.5364028, 12.8406202], [77.5355883, 12.838979], [77.5354254, 12.8366231], [77.5356698, 12.8340818], [77.5347111, 12.8341745], [77.5316569, 12.8356391], [77.5307089, 12.8360937], [77.5308313, 12.8363582], [77.530481, 12.8367188], [77.5303877, 12.8371035], [77.5302748, 12.8387208], [77.5302679, 12.8388196], [77.5294687, 12.8404458], [77.5287194, 12.8419703]]]}}, {"type": "Feature", "properties": {"id": "way/118910872", "name": "Doddakalasandra Lake", "kind": "lake", "source": "OpenStreetMap"}, "geometry": {"type": "Polygon", "coordinates": [[[77.5623743, 12.8822363], [77.5624518, 12.8820909], [77.5626869, 12.8819805], [77.5629617, 12.8817797], [77.5630453, 12.8815424], [77.5630553, 12.8813354], [77.562953, 12.8812032], [77.5626713, 12.8811016], [77.5622796, 12.8811213], [77.5620837, 12.8811411], [77.5618271, 12.8810686], [77.5616785, 12.8809962], [77.5615974, 12.8808514], [77.5615559, 12.8807563], [77.5615006, 12.8806063], [77.5614171, 12.8806937], [77.5607594, 12.8813134], [77.5601318, 12.8819904], [77.5599967, 12.8822669], [77.5599697, 12.8825303], [77.5599659, 12.8826972], [77.5612332, 12.8825229], [77.5612974, 12.8828034], [77.5614691, 12.8829385], [77.5618011, 12.8831415], [77.5619515, 12.883245], [77.5620718, 12.8833607], [77.5622353, 12.8835126], [77.5625632, 12.8836035], [77.562651, 12.8835706], [77.5627591, 12.8834323], [77.5628267, 12.8833204], [77.5628469, 12.8831689], [77.5627929, 12.8829648], [77.5627388, 12.8827739], [77.5625632, 12.882583], [77.5624687, 12.8824315], [77.5623743, 12.8822363]]]}}, {"type": "Feature", "properties": {"id": "way/118910873", "name": "Vasanthapura Lake", "kind": "lake", "source": "OpenStreetMap"}, "geometry": {"type": "Polygon", "coordinates": [[[77.5573472, 12.891189], [77.5571446, 12.8917157], [77.5568326, 12.8920284], [77.5566919, 12.8919102], [77.5566418, 12.8916588], [77.5565057, 12.891269], [77.5557685, 12.8912713], [77.5550171, 12.8914194], [77.5549411, 12.8912713], [77.5551099, 12.8911314], [77.5557411, 12.8910077], [77.5565886, 12.8905972], [77.5568354, 12.8905187], [77.5575113, 12.8908351], [77.5573472, 12.891189]]]}}, {"type": "Feature", "properties": {"id": "way/119132391", "name": "Rayasandra Lake", "kind": "lake", "source": "OpenStreetMap"}, "geometry": {"type": "Polygon", "coordinates": [[[77.6733717, 12.8675826], [77.6733824, 12.8678287], [77.6739188, 12.8689374], [77.6748394, 12.8699875], [77.6756333, 12.8707824], [77.6765367, 12.8715522], [77.6771589, 12.8724726], [77.6776503, 12.8728533], [77.6787254, 12.8737068], [77.679088, 12.8736691], [77.6788326, 12.8728073], [77.6793262, 12.8713221], [77.6799892, 12.8704268], [77.6806351, 12.8702134], [77.6806115, 12.8696946], [77.6797489, 12.869135], [77.6795304, 12.8690858], [77.6792675, 12.8686518], [77.6791897, 12.8685655], [77.6788208, 12.868602], [77.6785004, 12.8685629], [77.6775719, 12.8679379], [77.6774524, 12.8678721], [77.6770527, 12.8676521], [77.67688, 12.8675567], [77.6760646, 12.8674312], [77.6749273, 12.8673475], [77.6745197, 12.8672639], [77.6742411, 12.8675875], [77.673718, 12.8674306], [77.6735947, 12.867177], [77.6735303, 12.8671508], [77.6733717, 12.8675826]]]}}, {"type": "Feature", "properties": {"id": "way/119132971", "name": "Chikka Beguru Lake", "kind": "lake", "source": "OpenStreetMap"}, "geometry": {"type": "Polygon", "coordinates": [[[77.6350601, 12.8877206], [77.635311, 12.8861416], [77.6352422, 12.8847613], [77.6351877, 12.8845581], [77.6350369, 12.8842552], [77.6346331, 12.883905], [77.634332, 12.8835597], [77.6342236, 12.8832282], [77.6348076, 12.8835593], [77.6355435, 12.8839224], [77.636733, 12.8838264], [77.6369864, 12.8845658], [77.6383468, 12.884175], [77.6388581, 12.885357], [77.6370953, 12.8861152], [77.6356048, 12.8873302], [77.6353214, 12.8877273], [77.6350601, 12.8877206]]]}}, {"type": "Feature", "properties": {"id": "way/120904870", "name": "Kundalahalli Lake", "kind": "lake", "source": "OpenStreetMap"}, "geometry": {"type": "Polygon", "coordinates": [[[77.7195543, 12.9717833], [77.7195972, 12.9715795], [77.7196323, 12.9709758], [77.7193395, 12.9708777], [77.7192945, 12.9708603], [77.7193014, 12.970589], [77.7193165, 12.9699959], [77.7194238, 12.9698495], [77.7201038, 12.9696508], [77.7200975, 12.9690363], [77.7201087, 12.9682932], [77.7201109, 12.9680104], [77.7201363, 12.9677856], [77.7200555, 12.9676761], [77.7195177, 12.9670815], [77.7194525, 12.9669995], [77.7194477, 12.9669687], [77.7194703, 12.9669516], [77.7195819, 12.9668989], [77.7197139, 12.9670193], [77.7202192, 12.967501], [77.7205086, 12.9676251], [77.7208498, 12.967682], [77.7212787, 12.9676586], [77.7214995, 12.9678671], [77.721618, 12.96887], [77.7214171, 12.9689548], [77.7213923, 12.9690883], [77.7212153, 12.9700578], [77.7209695, 12.9701534], [77.7208833, 12.9701955], [77.7208324, 12.9703249], [77.7208391, 12.9704804], [77.7208686, 12.9706163], [77.7209558, 12.9707078], [77.7210832, 12.9707836], [77.7210493, 12.9710406], [77.7207129, 12.9718985], [77.7206697, 12.971929], [77.7200681, 12.9718063], [77.7195543, 12.9717833]]]}}, {"type": "Feature", "properties": {"id": "way/122129754", "name": "Pattandur Agrahara Kunte", "kind": "lake", "source": "OpenStreetMap"}, "geometry": {"type": "Polygon", "coordinates": [[[77.7385253, 12.9791791], [77.7379141, 12.9796385], [77.7377856, 12.9797196], [77.7370759, 12.9800474], [77.7367753, 12.98022], [77.7369631, 12.9804553], [77.7376047, 12.9806934], [77.7380851, 12.9809078], [77.7385816, 12.9811118], [77.7388178, 12.9810043], [77.7390111, 12.980628], [77.7391238, 12.9802279], [77.7392016, 12.9799846], [77.7392124, 12.9795766], [77.7391479, 12.9790536], [77.7389332, 12.9786037], [77.7388144, 12.9788102], [77.7386648, 12.9790849], [77.7385253, 12.9791791]]]}}, {"type": "Feature", "properties": {"id": "way/124797587", "name": "Agara Lake", "kind": "lake", "source": "OpenStreetMap"}, "geometry": {"type": "Polygon", "coordinates": [[[77.4896461, 12.8484984], [77.4889004, 12.8492358], [77.4884659, 12.8498373], [77.4882352, 12.8502871], [77.4881977, 12.8506166], [77.4883372, 12.8509408], [77.4886, 12.8509931], [77.4886751, 12.8513435], [77.4885678, 12.8514795], [77.488659, 12.8517044], [77.4889295, 12.8518302], [77.4900424, 12.8517808], [77.4902665, 12.8519851], [77.4903756, 12.8527452], [77.4902469, 12.8528236], [77.4901879, 12.853127], [77.4902469, 12.8533623], [77.4904507, 12.8534774], [77.4908155, 12.8533989], [77.4910837, 12.8531584], [77.4913144, 12.8529544], [77.4913359, 12.8527138], [77.4915333, 12.852627], [77.491735, 12.8527951], [77.4918401, 12.8529335], [77.4921727, 12.8528184], [77.4921513, 12.8524314], [77.4920922, 12.8521908], [77.4920493, 12.8520601], [77.4921352, 12.8519345], [77.4923176, 12.8519398], [77.4924248, 12.851877], [77.492541, 12.8517378], [77.4926501, 12.8518404], [77.4926981, 12.8520614], [77.4926819, 12.852302], [77.4928005, 12.8526293], [77.4929023, 12.8528132], [77.4930793, 12.8531113], [77.493192, 12.8533362], [77.4931866, 12.8536029], [77.493192, 12.8538383], [77.4932939, 12.8539115], [77.4933529, 12.8535768], [77.4933368, 12.8532473], [77.4932295, 12.8528655], [77.4931365, 12.8526897], [77.4930632, 12.8525465], [77.493251, 12.852468], [77.49341, 12.8523963], [77.4935353, 12.8521803], [77.4935675, 12.8519555], [77.4934709, 12.8517096], [77.4932743, 12.8515111], [77.4933446, 12.8513743], [77.4937479, 12.8513121], [77.494061, 12.8512233], [77.4941951, 12.8511657], [77.4941254, 12.851035], [77.4937499, 12.8509774], [77.4934387, 12.8509094], [77.4931329, 12.8507264], [77.4930203, 12.8505538], [77.4929237, 12.8505852], [77.4928486, 12.8507107], [77.492504, 12.8505713], [77.4922103, 12.8503603], [77.4918509, 12.8500883], [77.4916577, 12.8499157], [77.4916403, 12.8497964], [77.4917006, 12.8496072], [77.4918187, 12.849513], [77.4918079, 12.8492515], [77.4917167, 12.8490998], [77.4916685, 12.8489743], [77.4916255, 12.8486396], [77.4917321, 12.8483864], [77.4919099, 12.8480381], [77.491926, 12.8477714], [77.4921888, 12.8474942], [77.4920922, 12.8473687], [77.4918562, 12.8474576], [77.4916631, 12.8475465], [77.4912661, 12.8475779], [77.4911213, 12.8475517], [77.4909818, 12.8477243], [77.4907297, 12.848195], [77.4906814, 12.8483206], [77.4900645, 12.8486187], [77.4899679, 12.8486448], [77.489866, 12.8485402], [77.4898231, 12.8484984], [77.4896461, 12.8484984]]]}}, {"type": "Feature", "properties": {"id": "way/125758396", "name": "Gattahalli Lake", "kind": "lake", "source": "OpenStreetMap"}, "geometry": {"type": "Polygon", "coordinates": [[[77.6869574, 12.8768282], [77.6868394, 12.8767524], [77.6867482, 12.8765798], [77.6867536, 12.8764857], [77.6868072, 12.8764282], [77.6869655, 12.8762844], [77.6870084, 12.8762033], [77.6870459, 12.8760386], [77.6870164, 12.8758895], [77.6869735, 12.875785], [77.6868179, 12.8755915], [77.6868099, 12.875513], [77.6868233, 12.875466], [77.6868689, 12.8752934], [77.686893, 12.8750868], [77.6869172, 12.8750685], [77.6869896, 12.8750973], [77.6871344, 12.8751809], [77.687577, 12.8752437], [77.6881671, 12.8752489], [77.6888323, 12.8752463], [77.6896343, 12.8752594], [77.689881, 12.875228], [77.6900983, 12.8751496], [77.6906455, 12.8749378], [77.6911846, 12.8747443], [77.6922467, 12.87442], [77.6930004, 12.8741664], [77.6934805, 12.8740383], [77.6938936, 12.8739938], [77.6940733, 12.8739651], [77.6942611, 12.8739102], [77.6945769, 12.8737919], [77.6948673, 12.8736487], [77.6949182, 12.8736435], [77.694988, 12.8736487], [77.6950362, 12.8736879], [77.6950523, 12.8737428], [77.6950282, 12.8739049], [77.6950335, 12.8741533], [77.6950121, 12.8746266], [77.6950255, 12.8748149], [77.695055, 12.8750293], [77.6950577, 12.8752568], [77.6950791, 12.8753431], [77.6951033, 12.8754215], [77.6951462, 12.8756176], [77.6951489, 12.8757431], [77.6951274, 12.8758634], [77.6951301, 12.8759209], [77.6951569, 12.8759654], [77.6952052, 12.8760281], [77.6952562, 12.8761275], [77.6952857, 12.8762556], [77.695342, 12.8764177], [77.6954359, 12.8765458], [77.6957409, 12.876886], [77.6958087, 12.8769616], [77.6958214, 12.8769962], [77.6958087, 12.8770322], [77.6957886, 12.8770525], [77.6956786, 12.8770806], [77.6952548, 12.8771852], [77.6948954, 12.8772767], [77.6947318, 12.8772806], [77.6946929, 12.8772701], [77.6946688, 12.8772348], [77.6946594, 12.8771577], [77.6946527, 12.8770636], [77.6946715, 12.8769956], [77.694713, 12.8769263], [77.694717, 12.8768779], [77.6947117, 12.8768322], [77.6946902, 12.8767877], [77.6946607, 12.8767733], [77.6946151, 12.8767851], [77.6945816, 12.8768152], [77.6945521, 12.8768792], [77.6945508, 12.8769551], [77.6945414, 12.8769864], [77.6945186, 12.8770087], [77.6944703, 12.877023], [77.6943979, 12.8770113], [77.6943348, 12.8769668], [77.6942946, 12.8769263], [77.6942557, 12.876874], [77.6942047, 12.8768452], [77.6941364, 12.8768309], [77.6940666, 12.8768348], [77.6940076, 12.876874], [77.6939929, 12.8769211], [77.6939821, 12.8769603], [77.693962, 12.8769864], [77.6938909, 12.8770178], [77.6933143, 12.8771316], [77.6932432, 12.8771316], [77.6931694, 12.8771028], [77.6931278, 12.877061], [77.6930997, 12.8770283], [77.6930621, 12.8770191], [77.6930045, 12.8770217], [77.6929361, 12.8770636], [77.6928945, 12.8771263], [77.6928087, 12.8771825], [77.6927081, 12.8772074], [77.6925458, 12.8772283], [77.6924613, 12.8772257], [77.6923768, 12.8772113], [77.6923245, 12.8772113], [77.6922186, 12.8772427], [77.6921569, 12.877278], [77.6921153, 12.877308], [77.6920214, 12.8773538], [77.6908198, 12.8776336], [77.6907259, 12.877644], [77.6906615, 12.877644], [77.6905972, 12.8776336], [77.6905167, 12.877597], [77.6904094, 12.8775473], [77.690219, 12.8774976], [77.6898649, 12.8774636], [77.6895243, 12.8774401], [77.6892802, 12.8774375], [77.6882315, 12.8771185], [77.6881537, 12.8771106], [77.6879793, 12.8771028], [77.6878184, 12.8770949], [77.6869574, 12.8768282]]]}}, {"type": "Feature", "properties": {"id": "way/126890297", "name": "Akshaynagar Lake", "kind": "lake", "source": "OpenStreetMap"}, "geometry": {"type": "Polygon", "coordinates": [[[77.6133215, 12.8726512], [77.6135706, 12.8721807], [77.613687, 12.8720406], [77.6142428, 12.8719805], [77.6146719, 12.8720903], [77.6150126, 12.8722289], [77.6149375, 12.8715778], [77.6146802, 12.8713094], [77.6143776, 12.8712569], [77.6137829, 12.8714118], [77.6136247, 12.8717198], [77.6134573, 12.8720896], [77.6133215, 12.8726512]]]}}, {"type": "Feature", "properties": {"id": "way/130111880", "name": "Nallurahalli Lake", "kind": "lake", "source": "OpenStreetMap"}, "geometry": {"type": "Polygon", "coordinates": [[[77.7374675, 12.9735267], [77.7371958, 12.9737397], [77.7370794, 12.9738303], [77.7369096, 12.9738612], [77.7364145, 12.9738957], [77.7360686, 12.9738461], [77.7354327, 12.9735239], [77.7350342, 12.973056], [77.7348448, 12.9728862], [77.7346898, 12.9728584], [77.7346096, 12.9728928], [77.7345753, 12.9729651], [77.7345577, 12.9734347], [77.7345369, 12.973718], [77.7344268, 12.9740356], [77.7341501, 12.9744841], [77.7338412, 12.9749067], [77.7336733, 12.9752339], [77.7337001, 12.975579], [77.7342443, 12.9758077], [77.7356866, 12.9758893], [77.7359189, 12.9759042], [77.7361785, 12.9759083], [77.7364735, 12.9758665], [77.7365969, 12.9757149], [77.7367471, 12.9753176], [77.7368937, 12.9749976], [77.7371167, 12.9747599], [77.7373848, 12.9744672], [77.737633, 12.9742159], [77.7378368, 12.9740636], [77.7383618, 12.9738487], [77.7388461, 12.9737148], [77.7392845, 12.9736448], [77.7395466, 12.9736281], [77.7395604, 12.9735331], [77.7394631, 12.9735162], [77.7388086, 12.9734221], [77.7383993, 12.9734566], [77.7380384, 12.9734432], [77.7377143, 12.9734326], [77.7376003, 12.9734562], [77.7374675, 12.9735267]]]}}, {"type": "Feature", "properties": {"id": "way/132997931", "name": "Halagevader Halli Lake", "kind": "lake", "source": "OpenStreetMap"}, "geometry": {"type": "Polygon", "coordinates": [[[77.5145154, 12.9244127], [77.5145421, 12.9246058], [77.5145566, 12.9248574], [77.5145777, 12.9250156], [77.5146428, 12.9253552], [77.5147298, 12.9255741], [77.5149297, 12.9253686], [77.5152768, 12.9250036], [77.5155563, 12.9243042], [77.515704, 12.9240078], [77.5153136, 12.922935], [77.5152505, 12.9227979], [77.5148573, 12.9228792], [77.5146499, 12.9229535], [77.5145381, 12.9230335], [77.5144528, 12.9231245], [77.5144319, 12.9232045], [77.5143917, 12.923435], [77.5143865, 12.9237407], [77.5145154, 12.9244127]]]}}, {"type": "Feature", "properties": {"id": "way/133125939", "name": "Hunasemaranahalli Lake", "kind": "lake", "source": "OpenStreetMap"}, "geometry": {"type": "Polygon", "coordinates": [[[77.6145509, 13.1406007], [77.614691, 13.1413137], [77.6149162, 13.142066], [77.6151466, 13.1423718], [77.6156941, 13.1424004], [77.6163855, 13.1423246], [77.6169756, 13.1421313], [77.6170829, 13.1408254], [77.6170791, 13.1394032], [77.6170612, 13.1384317], [77.6169944, 13.1380984], [77.6159285, 13.1392531], [77.6145509, 13.1406007]]]}}, {"type": "Feature", "properties": {"id": "way/133729401", "name": "Hosakere", "kind": "lake", "source": "OpenStreetMap"}, "geometry": {"type": "Polygon", "coordinates": [[[77.6632643, 12.8841403], [77.663554, 12.884977], [77.6637149, 12.8854345], [77.663804, 12.8860648], [77.6638222, 12.8865431], [77.6637311, 12.8869128], [77.6636922, 12.8870995], [77.6637293, 12.8872182], [77.663797, 12.887232], [77.6640487, 12.8869689], [77.6643382, 12.8865684], [77.6645354, 12.8864469], [77.6649955, 12.8863235], [77.6655251, 12.8861994], [77.6658997, 12.8861956], [77.6662949, 12.8862203], [77.6664983, 12.8863065], [77.666751, 12.8865144], [77.666869, 12.8865144], [77.6669294, 12.8865628], [77.6671663, 12.8868273], [77.6674259, 12.8873067], [77.6675241, 12.8874333], [77.6676878, 12.8876759], [77.6677639, 12.8878582], [77.6678041, 12.8879455], [77.6678855, 12.8880286], [77.6679297, 12.8880436], [77.6679795, 12.8880506], [77.6680168, 12.8880487], [77.6680264, 12.8880281], [77.6679325, 12.8879541], [77.6679291, 12.887895], [77.6680011, 12.8878138], [77.6678221, 12.8875478], [77.667645, 12.8872651], [77.6671819, 12.8866026], [77.6670293, 12.886449], [77.6669998, 12.8864085], [77.6668813, 12.8861577], [77.6665554, 12.8857231], [77.6662416, 12.8846423], [77.6662004, 12.8834383], [77.6661048, 12.8833124], [77.6658326, 12.8833206], [77.6647878, 12.8831545], [77.6645379, 12.8831237], [77.6643325, 12.8830983], [77.6638625, 12.8829411], [77.6633614, 12.8826035], [77.6631329, 12.8825463], [77.6628085, 12.8824999], [77.662597, 12.8824984], [77.6625526, 12.882553], [77.6625655, 12.8827871], [77.6625844, 12.8828905], [77.6626286, 12.8830369], [77.6627064, 12.8832042], [77.6629112, 12.8835653], [77.6629636, 12.8837425], [77.6630309, 12.8838317], [77.6631944, 12.8840047], [77.6632643, 12.8841403]]]}}, {"type": "Feature", "properties": {"id": "way/133729402", "name": "Singasandra Lake", "kind": "lake", "source": "OpenStreetMap"}, "geometry": {"type": "Polygon", "coordinates": [[[77.6446468, 12.8821679], [77.645015, 12.8815571], [77.6455917, 12.8812908], [77.6461593, 12.8818573], [77.6460512, 12.8819897], [77.6459257, 12.8823329], [77.6459067, 12.8826356], [77.6458901, 12.8828605], [77.6458759, 12.8830391], [77.645813, 12.8834081], [77.6456735, 12.883531], [77.6456098, 12.8835481], [77.6455692, 12.8835005], [77.6455669, 12.8830812], [77.6455195, 12.8829395], [77.6447743, 12.8823381], [77.6447039, 12.8822571], [77.6446823, 12.8822042], [77.6446468, 12.8821679]]]}}, {"type": "Feature", "properties": {"id": "way/135051892", "name": "Hoodi Lake", "kind": "lake", "source": "OpenStreetMap"}, "geometry": {"type": "Polygon", "coordinates": [[[77.7163941, 12.999043], [77.7167176, 12.9990163], [77.7169928, 12.9990721], [77.7174456, 12.9991704], [77.7179235, 12.9991558], [77.7179519, 12.9993211], [77.7179057, 12.9993576], [77.7178021, 12.9994394], [77.7176165, 12.999605], [77.7174782, 12.9996646], [77.7171813, 12.9999282], [77.7169619, 13.0002537], [77.7167492, 13.0005301], [77.7167299, 13.000772], [77.7169273, 13.0011304], [77.7170461, 13.0013327], [77.7169546, 13.0015554], [77.7168161, 13.0016815], [77.7166182, 13.0015781], [77.7164969, 13.0016046], [77.7163863, 13.0015728], [77.7163457, 13.0012602], [77.7162179, 13.0010695], [77.7160368, 13.0008368], [77.7159481, 13.0006992], [77.7162235, 13.0003357], [77.7161366, 13.0002086], [77.7158501, 13.0000077], [77.7158178, 12.9998823], [77.7158128, 12.9997129], [77.7157362, 12.9996231], [77.7155525, 12.999527], [77.7156271, 12.9994204], [77.7161131, 12.9991391], [77.7163941, 12.999043]]]}}, {"type": "Feature", "properties": {"id": "way/135267829", "name": "Kammagondanahalli Lake", "kind": "lake", "source": "OpenStreetMap"}, "geometry": {"type": "Polygon", "coordinates": [[[77.5221974, 13.067021], [77.5223824, 13.067021], [77.5224414, 13.0670602], [77.5228062, 13.0677525], [77.5229242, 13.0678179], [77.523171, 13.0677865], [77.5241688, 13.0675749], [77.5243834, 13.0675827], [77.5246972, 13.0675749], [77.5248179, 13.0675278], [77.5250781, 13.0673998], [77.5253516, 13.067345], [77.5254884, 13.0673528], [77.5255582, 13.0674155], [77.5257003, 13.0678623], [77.5255877, 13.0681], [77.5256494, 13.0688107], [77.5256494, 13.0692026], [77.5256225, 13.069362], [77.5255448, 13.0694351], [77.5250244, 13.0695684], [77.5246569, 13.0696389], [77.5237906, 13.0698062], [77.5234473, 13.069767], [77.5233614, 13.0697069], [77.5229323, 13.0688055], [77.5224388, 13.0682202], [77.5223127, 13.0679563], [77.5221142, 13.0675043], [77.5219828, 13.0671255], [77.5221974, 13.067021]]]}}, {"type": "Feature", "properties": {"id": "way/135398428", "name": "B Narayanapura Lake", "kind": "lake", "source": "OpenStreetMap"}, "geometry": {"type": "Polygon", "coordinates": [[[77.6825701, 12.9973358], [77.682512, 12.9972449], [77.682435, 12.9970284], [77.6823973, 12.9968845], [77.682372, 12.996526], [77.6823812, 12.9961477], [77.6823881, 12.9959757], [77.6824326, 12.9959484], [77.6826715, 12.995872], [77.6828082, 12.995715], [77.6828311, 12.9955262], [77.6828492, 12.9954198], [77.682886, 12.9953203], [77.6829337, 12.9952596], [77.6829828, 12.9953368], [77.6830273, 12.9954521], [77.6830391, 12.9955675], [77.6830528, 12.9957225], [77.6830688, 12.9958866], [77.683168, 12.9960634], [77.6832836, 12.9961708], [77.683316, 12.9962027], [77.6833188, 12.99625], [77.6832833, 12.9963451], [77.6832062, 12.9964528], [77.6830914, 12.9966225], [77.6829807, 12.9968001], [77.6828478, 12.9970197], [77.6827825, 12.9971201], [77.6827131, 12.9972264], [77.6826561, 12.9973126], [77.6825701, 12.9973358]]]}}, {"type": "Feature", "properties": {"id": "way/137539703", "name": "Basavanapura Kere", "kind": "lake", "source": "OpenStreetMap"}, "geometry": {"type": "Polygon", "coordinates": [[[77.7141066, 13.0106319], [77.7141309, 13.0105372], [77.7142167, 13.0101608], [77.7143052, 13.0099074], [77.7143038, 13.0098769], [77.7142975, 13.009847], [77.7142864, 13.0098185], [77.7142686, 13.0097888], [77.7142456, 13.0097627], [77.7142182, 13.009741], [77.7141872, 13.0097244], [77.7136695, 13.0096617], [77.7125055, 13.0094343], [77.7123526, 13.0093925], [77.7119985, 13.0093376], [77.7119207, 13.0093951], [77.7118161, 13.0094448], [77.7118022, 13.009492], [77.7119046, 13.0097149], [77.7122441, 13.0104561], [77.7123402, 13.0108106], [77.7124306, 13.0108474], [77.712493, 13.0108425], [77.7125248, 13.0108767], [77.7125821, 13.0108811], [77.7129051, 13.010937], [77.7133262, 13.0109775], [77.7136025, 13.0110193], [77.7137079, 13.011055], [77.7138439, 13.0111278], [77.7138975, 13.0111709], [77.7139404, 13.0111853], [77.713974, 13.0111722], [77.7140343, 13.010805], [77.7141066, 13.0106319]]]}}, {"type": "Feature", "properties": {"id": "way/137539770", "name": "Bhattarahalli Lake", "kind": "lake", "source": "OpenStreetMap"}, "geometry": {"type": "Polygon", "coordinates": [[[77.7095207, 13.0250837], [77.7099198, 13.0250356], [77.7101317, 13.0249755], [77.7101746, 13.0249207], [77.71018, 13.0248187], [77.7101022, 13.0246672], [77.7098796, 13.0243719], [77.7098232, 13.0242177], [77.7097481, 13.0239459], [77.7097347, 13.0234991], [77.7097106, 13.0233971], [77.7096194, 13.0233553], [77.7092841, 13.0234128], [77.7090508, 13.0234808], [77.7089569, 13.0235722], [77.7087504, 13.0238937], [77.7086833, 13.0240844], [77.7086189, 13.024202], [77.708509, 13.024283], [77.7080852, 13.0244503], [77.7077553, 13.0247691], [77.7077633, 13.024905], [77.7078599, 13.0251637], [77.7079377, 13.0253179], [77.7080664, 13.0253884], [77.7082117, 13.025382], [77.7084162, 13.0253557], [77.7089264, 13.0251864], [77.7091534, 13.0251024], [77.7095207, 13.0250837]]]}}, {"type": "Feature", "properties": {"id": "way/138980171", "name": "Subramanya Swamy Temple Kalyani", "kind": "lake", "source": "OpenStreetMap"}, "geometry": {"type": "Polygon", "coordinates": [[[77.6278024, 12.9772766], [77.6278081, 12.9775356], [77.6281239, 12.977529], [77.6281182, 12.97727], [77.6278024, 12.9772766]]]}}, {"type": "Feature", "properties": {"id": "way/145513549", "name": "Andrahalli Lake", "kind": "lake", "source": "OpenStreetMap"}, "geometry": {"type": "Polygon", "coordinates": [[[77.485384, 13.0117707], [77.4853733, 13.0111853], [77.4852821, 13.0105058], [77.4852231, 13.0100929], [77.4853143, 13.009991], [77.4862164, 13.0099431], [77.4863657, 13.0100615], [77.4864677, 13.0102523], [77.4866581, 13.0103908], [77.4870465, 13.0105288], [77.4871087, 13.0106652], [77.4872482, 13.0110154], [77.4872482, 13.0112402], [77.487106, 13.0115799], [77.4855798, 13.0119196], [77.4854807, 13.0118442], [77.485384, 13.0117707]]]}}, {"type": "Feature", "properties": {"id": "way/146003047", "name": "Kachohalli Kere", "kind": "lake", "source": "OpenStreetMap"}, "geometry": {"type": "Polygon", "coordinates": [[[77.4643638, 13.0020704], [77.4643853, 13.0015268], [77.4641064, 13.0002096], [77.4637201, 12.9991224], [77.4638703, 12.9988297], [77.4642566, 12.9985788], [77.4645999, 12.998537], [77.4649861, 12.9983906], [77.4652222, 12.9981188], [77.4652007, 12.9979307], [77.4656513, 12.9977634], [77.4665525, 12.9975334], [77.4668959, 12.9975125], [77.4674237, 12.997823], [77.4679172, 12.9980739], [77.4682691, 12.9978261], [77.4687841, 12.9975125], [77.4694836, 12.9974048], [77.4691489, 12.9978679], [77.4690509, 12.9980828], [77.4688914, 12.9984324], [77.4688056, 12.9989761], [77.4679687, 13.0000423], [77.4676469, 13.0011923], [77.4679044, 13.0020077], [77.46681, 13.002384], [77.4664667, 13.0020704], [77.4660375, 13.0015895], [77.465544, 13.0014223], [77.4652222, 13.0015059], [77.4643638, 13.0020704]]]}}, {"type": "Feature", "properties": {"id": "way/146447604", "name": "Ullal Lake", "kind": "lake", "source": "OpenStreetMap"}, "geometry": {"type": "Polygon", "coordinates": [[[77.4795602, 12.959332], [77.4795751, 12.9619091], [77.4797761, 12.9626208], [77.4800056, 12.96273], [77.4802519, 12.9635165], [77.4808112, 12.9633389], [77.481239, 12.9632009], [77.4814044, 12.9625328], [77.4814701, 12.962008], [77.481679, 12.9614015], [77.4826929, 12.9602266], [77.4832355, 12.9597514], [77.4838033, 12.9594986], [77.4835888, 12.959415], [77.4832669, 12.9593941], [77.4828041, 12.9595782], [77.4822155, 12.9598123], [77.4815074, 12.9599587], [77.4807242, 12.9597694], [77.4800279, 12.9594777], [77.4795602, 12.959332]]]}}, {"type": "Feature", "properties": {"id": "way/146752354", "name": "Manganahalli Lake", "kind": "lake", "source": "OpenStreetMap"}, "geometry": {"type": "Polygon", "coordinates": [[[77.471981, 12.9583561], [77.4719784, 12.9578647], [77.4722949, 12.9576503], [77.4725832, 12.9572177], [77.4726301, 12.9571798], [77.4727508, 12.9571445], [77.4727884, 12.9571615], [77.4728447, 12.9574295], [77.4728742, 12.9579901], [77.4728836, 12.9580424], [77.4729292, 12.9580869], [77.4730834, 12.9581143], [77.4732283, 12.9584345], [77.4731518, 12.9585168], [77.4729225, 12.9586384], [77.4728729, 12.9586319], [77.4728326, 12.958475], [77.4728141, 12.958446], [77.4727897, 12.9584214], [77.4727676, 12.9584063], [77.4727433, 12.9583949], [77.4727173, 12.9583875], [77.471981, 12.9583561]]]}}, {"type": "Feature", "properties": {"id": "way/146767843", "name": "Sheegehalli Lake", "kind": "lake", "source": "OpenStreetMap"}, "geometry": {"type": "Polygon", "coordinates": [[[77.4490752, 12.9757455], [77.4503192, 12.9765197], [77.4505123, 12.9765197], [77.4505659, 12.9766033], [77.4504587, 12.9767602], [77.450309, 12.9768119], [77.4502017, 12.9769792], [77.4501373, 12.9771778], [77.4501588, 12.9774183], [77.4503192, 12.9781193], [77.4503948, 12.9783906], [77.4501802, 12.9786101], [77.4499227, 12.9785892], [77.4498653, 12.9785724], [77.4497082, 12.9785265], [77.4495794, 12.9784115], [77.4496223, 12.9782024], [77.4496003, 12.9779834], [77.4494614, 12.9778783], [77.4493541, 12.9777738], [77.449397, 12.9775437], [77.4494185, 12.9771778], [77.4493863, 12.9769269], [77.4493005, 12.9767805], [77.4492254, 12.9766865], [77.4490859, 12.9766133], [77.4491825, 12.9764251], [77.4491825, 12.9762787], [77.4491175, 12.9760597], [77.4490859, 12.9759755], [77.4490752, 12.9757455]]]}}, {"type": "Feature", "properties": {"id": "way/148213771", "name": "Gudahatti Lake", "kind": "lake", "source": "OpenStreetMap"}, "geometry": {"type": "Polygon", "coordinates": [[[77.7402987, 12.7977507], [77.740288, 12.7980855], [77.7401195, 12.7983449], [77.7399768, 12.7984412], [77.739744, 12.7985856], [77.7395294, 12.7990668], [77.7393546, 12.7995292], [77.7395048, 12.8], [77.7396367, 12.8001863], [77.7399339, 12.8002093], [77.7403523, 12.8003035], [77.740656, 12.8003641], [77.7410497, 12.8005022], [77.7411924, 12.8005315], [77.7411463, 12.8003348], [77.7409639, 12.8000314], [77.7408566, 12.799749], [77.7406957, 12.799456], [77.7405809, 12.7992133], [77.7405058, 12.7988262], [77.7404811, 12.7985249], [77.7404596, 12.7981064], [77.740406, 12.7977925], [77.7402987, 12.7977507]]]}}, {"type": "Feature", "properties": {"id": "way/148216683", "name": "Gunjuru Lake", "kind": "lake", "source": "OpenStreetMap"}, "geometry": {"type": "Polygon", "coordinates": [[[77.7376378, 12.9184151], [77.7379106, 12.918389], [77.7381841, 12.9183707], [77.738458, 12.9183602], [77.7387321, 12.9183576], [77.7389971, 12.9183625], [77.7392618, 12.9183747], [77.739526, 12.9183942], [77.7396571, 12.918431], [77.739786, 12.9184747], [77.7399123, 12.9185249], [77.7400526, 12.91859], [77.7401887, 12.9186633], [77.74032, 12.9187445], [77.7411685, 12.9191977], [77.7415699, 12.9195654], [77.7415878, 12.9195954], [77.741612, 12.9196208], [77.7416413, 12.9196406], [77.7416742, 12.9196537], [77.7417093, 12.9196595], [77.7417446, 12.9196578], [77.7417787, 12.9196487], [77.74181, 12.9196327], [77.741837, 12.9196105], [77.7418584, 12.9195831], [77.7418733, 12.9195519], [77.741881, 12.9195183], [77.7419025, 12.9193955], [77.7419328, 12.9192744], [77.7419716, 12.9191556], [77.7420188, 12.9190398], [77.7420741, 12.9189275], [77.7421293, 12.918832], [77.7421904, 12.91874], [77.7422572, 12.9186519], [77.7423294, 12.9185678], [77.7424067, 12.9184883], [77.7425304, 12.918364], [77.7426607, 12.9182464], [77.7427975, 12.9181359], [77.7428984, 12.9180618], [77.7430022, 12.9179916], [77.7430558, 12.917751], [77.7430653, 12.9177156], [77.7430826, 12.9176831], [77.7431027, 12.9176593], [77.7431269, 12.9176396], [77.7431546, 12.9176247], [77.7431846, 12.9176151], [77.7437156, 12.9177354], [77.7439731, 12.9176517], [77.74398, 12.9176361], [77.7439845, 12.9176196], [77.7439861, 12.9175896], [77.7439797, 12.9175603], [77.7439658, 12.9175336], [77.7439452, 12.9175112], [77.7439195, 12.9174948], [77.7437371, 12.9172648], [77.7434424, 12.917152], [77.7431509, 12.9170317], [77.7428627, 12.916904], [77.7425629, 12.9167616], [77.7422672, 12.9166112], [77.7416171, 12.9160629], [77.7413875, 12.9156177], [77.7409744, 12.9157014], [77.7409148, 12.9157016], [77.7408557, 12.9156936], [77.7407983, 12.9156778], [77.7407438, 12.9156543], [77.7407031, 12.9156306], [77.7406654, 12.9156026], [77.7406311, 12.9155707], [77.7405024, 12.915074], [77.7405453, 12.9147132], [77.7407223, 12.9145694], [77.7406928, 12.9143759], [77.7406257, 12.9142897], [77.7398077, 12.9140936], [77.7395314, 12.9140047], [77.7394482, 12.9140282], [77.738826, 12.9152047], [77.7377424, 12.9171184], [77.7374366, 12.9176465], [77.7373937, 12.917772], [77.7375653, 12.9179602], [77.7374902, 12.9182687], [77.7376378, 12.9184151]]]}}, {"type": "Feature", "properties": {"id": "way/149418899", "name": "Brigade Gateway Lake", "kind": "lake", "source": "OpenStreetMap"}, "geometry": {"type": "Polygon", "coordinates": [[[77.5562301, 13.0117612], [77.5562144, 13.0117715], [77.5560822, 13.0118541], [77.555979, 13.0118843], [77.5558804, 13.0118989], [77.555803, 13.0118656], [77.5557817, 13.0118032], [77.5557892, 13.0111742], [77.5558383, 13.0110905], [77.5559163, 13.0110621], [77.5566336, 13.0113305], [77.5565498, 13.011469], [77.5565259, 13.0114972], [77.5564935, 13.0114797], [77.5564584, 13.0114682], [77.5564217, 13.011463], [77.5563847, 13.0114643], [77.5563485, 13.011472], [77.5563143, 13.0114859], [77.5562832, 13.0115055], [77.5562533, 13.0115336], [77.5562297, 13.0115669], [77.5562134, 13.0116042], [77.5562052, 13.0116438], [77.5562053, 13.0116843], [77.5562137, 13.011724], [77.5562301, 13.0117612]]]}}, {"type": "Feature", "properties": {"id": "way/170311560", "name": "Yarandahalli Kere", "kind": "lake", "source": "OpenStreetMap"}, "geometry": {"type": "Polygon", "coordinates": [[[77.6668379, 12.8059115], [77.6669455, 12.8060878], [77.6670407, 12.8066253], [77.6671869, 12.8067587], [77.6672485, 12.8070281], [77.6674143, 12.8070691], [77.6677981, 12.807078], [77.6684944, 12.8065769], [77.6690738, 12.8062814], [77.6691779, 12.8062151], [77.6690175, 12.8060669], [77.668587, 12.8058041], [77.6674776, 12.8050615], [77.6673706, 12.8050089], [77.6672754, 12.8050103], [77.6672107, 12.8050418], [77.6673035, 12.805264], [77.6673314, 12.8054825], [77.6672043, 12.8055804], [77.6669052, 12.8056301], [77.6667577, 12.8056301], [77.6664302, 12.8058317], [77.6667483, 12.8058629], [77.6668379, 12.8059115]]]}}, {"type": "Feature", "properties": {"id": "way/170447464", "name": "Vittasandra Lake", "kind": "lake", "source": "OpenStreetMap"}, "geometry": {"type": "Polygon", "coordinates": [[[77.6318734, 12.8536448], [77.6323026, 12.8542619], [77.632603, 12.8542933], [77.6329678, 12.8544084], [77.6334827, 12.8545444], [77.6336759, 12.8546908], [77.6338776, 12.8548853], [77.6339655, 12.8550255], [77.6339655, 12.8546176], [77.6340728, 12.8544502], [77.6339977, 12.8543456], [77.6338904, 12.85399], [77.6338368, 12.8533938], [77.6337617, 12.8529963], [77.6334827, 12.8525465], [77.6333433, 12.8519607], [77.6332038, 12.8513017], [77.6331501, 12.8518038], [77.6329248, 12.8519398], [77.6330643, 12.8520444], [77.6328927, 12.8522118], [77.6328068, 12.8524105], [77.6325279, 12.8528812], [77.6322275, 12.8535716], [77.6318734, 12.8536448]]]}}, {"type": "Feature", "properties": {"id": "way/171771792", "name": "Shikaripalya Lake", "kind": "lake", "source": "OpenStreetMap"}, "geometry": {"type": "Polygon", "coordinates": [[[77.6530035, 12.8338335], [77.6527655, 12.8337593], [77.6526165, 12.8337649], [77.6523814, 12.8337425], [77.6521996, 12.8336913], [77.6520476, 12.8336073], [77.6518672, 12.8334627], [77.6518169, 12.8333486], [77.6517883, 12.8332751], [77.6517117, 12.833101], [77.6516661, 12.8329766], [77.6516148, 12.8328738], [77.6515694, 12.8327619], [77.6514552, 12.8326768], [77.6513507, 12.8326246], [77.6513273, 12.8325469], [77.6513194, 12.8324164], [77.6513485, 12.8323344], [77.6512995, 12.8322007], [77.6515639, 12.8322007], [77.6516573, 12.8322232], [77.6519709, 12.8323676], [77.652263, 12.8324951], [77.6525237, 12.8325826], [77.6528075, 12.832596], [77.6531113, 12.8325826], [77.6533725, 12.8325593], [77.6536695, 12.8324967], [77.6537744, 12.832541], [77.6539209, 12.8327703], [77.6539535, 12.8329741], [77.6538809, 12.8332383], [77.6536679, 12.8334847], [77.6530035, 12.8338335]]]}}, {"type": "Feature", "properties": {"id": "way/172651048", "name": "Uttarahalli Lake", "kind": "lake", "source": "OpenStreetMap"}, "geometry": {"type": "Polygon", "coordinates": [[[77.5401532, 12.9081475], [77.5401555, 12.9082507], [77.541125, 12.9087783], [77.5415702, 12.9088669], [77.542157, 12.9091183], [77.542314, 12.9091508], [77.5424954, 12.9091318], [77.5426343, 12.9090873], [77.5427426, 12.9090107], [77.542861, 12.9089104], [77.5429268, 12.9088112], [77.5429489, 12.908716], [77.542937, 12.9086249], [77.5421359, 12.907673], [77.5420229, 12.9075136], [77.5419717, 12.9072408], [77.541895, 12.9070181], [77.5418225, 12.9069439], [77.5417254, 12.9069428], [77.5416146, 12.9069942], [77.5410995, 12.9074865], [77.5406597, 12.9078222], [77.5404735, 12.9079143], [77.5402401, 12.9080302], [77.5401532, 12.9081475]]]}}, {"type": "Feature", "properties": {"id": "way/172651056", "name": "Sunkalpalya Lake", "kind": "lake", "source": "OpenStreetMap"}, "geometry": {"type": "Polygon", "coordinates": [[[77.4951656, 12.9078007], [77.4957674, 12.9076466], [77.4959011, 12.9073859], [77.4959923, 12.9070897], [77.4961381, 12.9070305], [77.496284, 12.9070838], [77.4964299, 12.9074333], [77.4973356, 12.9069771], [77.4973815, 12.9065241], [77.4973418, 12.9058684], [77.4975516, 12.9054658], [77.497372, 12.9053182], [77.4966913, 12.9054367], [77.4958829, 12.9055671], [77.4957087, 12.9055896], [77.4948739, 12.9056974], [77.4950258, 12.9061418], [77.4951292, 12.9068527], [77.4951474, 12.9073563], [77.4951656, 12.9078007]]]}}, {"type": "Feature", "properties": {"id": "way/172651060", "name": "Mylasandra Tank", "kind": "lake", "source": "OpenStreetMap"}, "geometry": {"type": "Polygon", "coordinates": [[[77.4938406, 12.9069771], [77.4935488, 12.9070305], [77.4932267, 12.9071608], [77.4930565, 12.9072852], [77.4929593, 12.9075044], [77.4926736, 12.9077473], [77.4924791, 12.9077473], [77.4920354, 12.9076644], [77.4918105, 12.9076525], [77.4918863, 12.9077911], [77.4922147, 12.908559], [77.492343, 12.9091485], [77.4924044, 12.909259], [77.4926534, 12.9093514], [77.4928922, 12.9093933], [77.4929854, 12.9092753], [77.4939269, 12.9076203], [77.4939457, 12.9073589], [77.4938406, 12.9069771]]]}}, {"type": "Feature", "properties": {"id": "way/172671192", "name": "Konasandra Lake", "kind": "lake", "source": "OpenStreetMap"}, "geometry": {"type": "Polygon", "coordinates": [[[77.481627, 12.8937622], [77.4833217, 12.8932333], [77.4845763, 12.893039], [77.4849113, 12.893132], [77.4852033, 12.8932778], [77.4859116, 12.8932581], [77.4861727, 12.8929615], [77.4861456, 12.8922503], [77.4861094, 12.8920752], [77.4859006, 12.8910655], [77.4849019, 12.89124], [77.4840728, 12.8912217], [77.4831023, 12.8912676], [77.4823041, 12.8917681], [77.4819682, 12.8919906], [77.4817197, 12.8925324], [77.4814332, 12.892855], [77.4812273, 12.8932147], [77.4812839, 12.8935729], [77.481627, 12.8937622]]]}}, {"type": "Feature", "properties": {"id": "way/172845847", "name": "Lalbagh Tank", "kind": "lake", "source": "OpenStreetMap"}, "geometry": {"type": "Polygon", "coordinates": [[[77.5817593, 12.9462818], [77.5824275, 12.9461026], [77.5824765, 12.9460602], [77.5824806, 12.9459886], [77.5825146, 12.9459408], [77.5825541, 12.945905], [77.5826277, 12.9458367], [77.5826631, 12.9458341], [77.5827053, 12.9458553], [77.5827339, 12.9458168], [77.5827638, 12.9457426], [77.5828441, 12.9456962], [77.5829135, 12.945667], [77.5829802, 12.9456603], [77.5830483, 12.9456683], [77.5831367, 12.9456935], [77.5832032, 12.9457366], [77.5832769, 12.9457863], [77.5833436, 12.9458553], [77.5833933, 12.9459394], [77.583455, 12.9461292], [77.5834615, 12.9461417], [77.5834752, 12.946148], [77.5834975, 12.9461372], [77.5835367, 12.9461398], [77.5835911, 12.9461743], [77.5836374, 12.9462432], [77.5836483, 12.9463294], [77.583636, 12.9463971], [77.5835965, 12.9464462], [77.5835584, 12.946466], [77.5834999, 12.9464714], [77.5834346, 12.9464634], [77.5833761, 12.9464395], [77.5833298, 12.9464077], [77.583308, 12.9463546], [77.5832985, 12.9462896], [77.5832618, 12.9462167], [77.5831406, 12.9460735], [77.5830876, 12.9459886], [77.5830018, 12.9459488], [77.582893, 12.9459342], [77.5828181, 12.9459448], [77.5827609, 12.9460032], [77.5827501, 12.9460509], [77.5827541, 12.9461265], [77.5827759, 12.9461809], [77.5828316, 12.9463011], [77.5828688, 12.946348], [77.582916, 12.9463809], [77.5829621, 12.9463977], [77.5829921, 12.9464231], [77.5829968, 12.9464596], [77.5829894, 12.9464947], [77.5829636, 12.9465306], [77.5829078, 12.9465478], [77.5828492, 12.9465451], [77.5827907, 12.9465319], [77.5827024, 12.9464806], [77.5826356, 12.9464178], [77.5824301, 12.9462136], [77.5818559, 12.9463748], [77.5818079, 12.946435], [77.5817625, 12.9464594], [77.5817846, 12.9466838], [77.5818477, 12.9469834], [77.5818065, 12.9473499], [77.5817865, 12.9474528], [77.581758, 12.9474888], [77.5817114, 12.947528], [77.5816381, 12.9475877], [77.581569, 12.9476479], [77.5814921, 12.9477338], [77.5814469, 12.9478197], [77.5814027, 12.9479792], [77.5813791, 12.9480774], [77.5813859, 12.9481633], [77.581398, 12.9482239], [77.5814143, 12.9482497], [77.5814419, 12.9482684], [77.581481, 12.94828], [77.5815485, 12.9482835], [77.5815921, 12.9482804], [77.5816377, 12.9482683], [77.5817148, 12.9482376], [77.5817475, 12.9482392], [77.5817471, 12.9482224], [77.5817491, 12.9482045], [77.5817575, 12.9481835], [77.5817735, 12.9481726], [77.5817998, 12.9481595], [77.5818246, 12.9481634], [77.5818414, 12.9481797], [77.5818534, 12.9481657], [77.5818677, 12.9481205], [77.5819732, 12.9480427], [77.5820857, 12.9479425], [77.5824189, 12.9477205], [77.5830472, 12.9473739], [77.5833863, 12.9472403], [77.5836381, 12.9471683], [77.5838415, 12.9471385], [77.5843005, 12.9471498], [77.5846722, 12.9471675], [77.5850113, 12.94722], [77.5853644, 12.947299], [77.5854438, 12.9473304], [77.585527, 12.9473902], [77.5856948, 12.9474992], [77.5859697, 12.9476402], [77.5860816, 12.9476455], [77.5862222, 12.9476091], [77.5863409, 12.9475192], [77.5865086, 12.947331], [77.5864684, 12.9471694], [77.5863585, 12.9471265], [77.5863497, 12.9469395], [77.5863145, 12.9467781], [77.5863101, 12.946701], [77.5864464, 12.9465925], [77.5864619, 12.9464912], [77.5865255, 12.946534], [77.5865738, 12.9465454], [77.5866105, 12.9465383], [77.5866295, 12.9464854], [77.5866163, 12.946434], [77.5865445, 12.9463626], [77.5864391, 12.9462912], [77.5864098, 12.9461927], [77.5862647, 12.9461456], [77.5860633, 12.9460476], [77.5859339, 12.9461599], [77.5857982, 12.9463189], [77.5856964, 12.9463303], [77.5855632, 12.9464145], [77.5854982, 12.9464601], [77.5854552, 12.9465073], [77.5854378, 12.9465544], [77.5853836, 12.9468821], [77.5853551, 12.9471087], [77.5852422, 12.9470959], [77.5852488, 12.9468464], [77.5852513, 12.9465869], [77.5852213, 12.9465576], [77.5852275, 12.946493], [77.5852689, 12.9464486], [77.5852896, 12.9462941], [77.5852861, 12.9461292], [77.5852945, 12.9460736], [77.5852869, 12.9460272], [77.5852484, 12.9459957], [77.5851332, 12.9459702], [77.585056, 12.9459139], [77.5850098, 12.9458672], [77.5848027, 12.9458489], [77.5847643, 12.9459148], [77.5847689, 12.9460122], [77.5847812, 12.9460736], [77.5847458, 12.9461605], [77.5847389, 12.9462713], [77.584752, 12.9463777], [77.5847674, 12.946481], [77.5847535, 12.9465305], [77.584775, 12.9466069], [77.5848365, 12.9466653], [77.5849303, 12.9467087], [77.5849626, 12.9467118], [77.584991, 12.9467268], [77.5849979, 12.9467484], [77.5849764, 12.946756], [77.5848504, 12.9467252], [77.5847812, 12.9466713], [77.5847497, 12.9466368], [77.5847082, 12.946565], [77.5846844, 12.946496], [77.5846859, 12.9463702], [77.5846736, 12.9461889], [77.5846275, 12.9460781], [77.5845752, 12.9458923], [77.5844833, 12.9457464], [77.5843113, 12.9455327], [77.5842591, 12.9454841], [77.5841994, 12.9454496], [77.5841091, 12.9453999], [77.5840483, 12.945373], [77.5839772, 12.9453433], [77.5839072, 12.9452888], [77.5837851, 12.9451476], [77.5836884, 12.9450084], [77.5835485, 12.9446777], [77.5835092, 12.9446182], [77.5834362, 12.9445555], [77.5833828, 12.9445302], [77.5833102, 12.9444776], [77.5829519, 12.9441453], [77.5828545, 12.9440521], [77.5827871, 12.9440214], [77.5826857, 12.9440014], [77.5824266, 12.9439842], [77.5822443, 12.9439827], [77.5819171, 12.9442511], [77.5818804, 12.9442127], [77.5821066, 12.9439836], [77.5819578, 12.9439758], [77.581324, 12.9439428], [77.5812603, 12.9440957], [77.5813028, 12.9443887], [77.5813367, 12.9444906], [77.5813965, 12.9447068], [77.5815567, 12.9445748], [77.581666, 12.9444722], [77.5816979, 12.9444421], [77.5817286, 12.9444325], [77.5817498, 12.9444459], [77.5817614, 12.9444659], [77.5817432, 12.944513], [77.5815103, 12.9447275], [77.5814954, 12.94478], [77.5814935, 12.9448602], [77.5815351, 12.9450032], [77.5815521, 12.9450511], [77.5815761, 12.9451801], [77.581603, 12.9452516], [77.5816195, 12.9453726], [77.5816205, 12.9454707], [77.5816162, 12.9456589], [77.5816734, 12.9459547], [77.5816868, 12.9460758], [77.5817593, 12.9462818]]]}}, {"type": "Feature", "properties": {"id": "way/172938152", "name": "Byrasandra Melina Kere", "kind": "lake", "source": "OpenStreetMap"}, "geometry": {"type": "Polygon", "coordinates": [[[77.6562952, 12.9804831], [77.6552026, 12.9800427], [77.6545238, 12.9797866], [77.6542663, 12.9796559], [77.6541048, 12.9796447], [77.6543153, 12.9789249], [77.6544747, 12.9786721], [77.6546152, 12.9786073], [77.6549076, 12.978532], [77.6553341, 12.9784714], [77.6558738, 12.9783195], [77.6562412, 12.9781391], [77.6563619, 12.9780874], [77.6565872, 12.9779744], [77.6570506, 12.97775], [77.6570587, 12.9778943], [77.6570587, 12.9779936], [77.6569675, 12.9780929], [77.6567315, 12.9782916], [77.6565384, 12.9784484], [77.6563238, 12.9786522], [77.6561307, 12.9787777], [77.6560556, 12.9789032], [77.6560234, 12.9790338], [77.6561039, 12.9793423], [77.6562326, 12.9798598], [77.6562567, 12.9802173], [77.6562955, 12.9803753], [77.6562952, 12.9804831]]]}}, {"type": "Feature", "properties": {"id": "way/172954317", "name": "Kacharakanahalli Lake", "kind": "lake", "source": "OpenStreetMap"}, "geometry": {"type": "Polygon", "coordinates": [[[77.6261995, 13.0162407], [77.6274363, 13.015728], [77.6275877, 13.0165971], [77.6270288, 13.0170365], [77.6267996, 13.0174939], [77.6267391, 13.0179786], [77.6264047, 13.0180672], [77.6265975, 13.0192289], [77.6266413, 13.0195641], [77.6264047, 13.0196361], [77.6262724, 13.0196903], [77.626141, 13.0197843], [77.6260182, 13.0199744], [77.6258014, 13.019749], [77.6256683, 13.0196892], [77.6249781, 13.0178087], [77.6250445, 13.017761], [77.6252373, 13.0176226], [77.6255268, 13.0174416], [77.6256019, 13.0169241], [77.6261947, 13.0165295], [77.6261995, 13.0162407]]]}}, {"type": "Feature", "properties": {"id": "way/175293916", "name": "Palace Grounds Lake", "kind": "lake", "source": "OpenStreetMap"}, "geometry": {"type": "Polygon", "coordinates": [[[77.5867048, 13.0009856], [77.5866136, 13.0009961], [77.5865063, 13.0009961], [77.5864473, 13.0009961], [77.5863561, 13.0009804], [77.5862534, 13.0010149], [77.5852189, 13.0016286], [77.5851491, 13.0017697], [77.5851491, 13.0020049], [77.5851974, 13.0021931], [77.5853691, 13.0024126], [77.5855032, 13.002538], [77.5858572, 13.0027262], [77.5861308, 13.0027785], [77.5863293, 13.0028046], [77.58656, 13.0029144], [77.5866726, 13.0029666], [77.5867853, 13.0031025], [77.5868121, 13.0032489], [77.5868872, 13.0033796], [77.5869408, 13.0034266], [77.5870588, 13.0034371], [77.5871339, 13.0033952], [77.587193, 13.0032698], [77.5872144, 13.0032071], [77.5872144, 13.0030503], [77.5871822, 13.0029719], [77.5871125, 13.0028255], [77.5871125, 13.0027053], [77.5871071, 13.0025851], [77.5871179, 13.0024492], [77.5871018, 13.0024074], [77.5869891, 13.0023708], [77.5869408, 13.0023655], [77.5869408, 13.0022453], [77.5869784, 13.0021565], [77.5870159, 13.0020415], [77.5870052, 13.0019317], [77.5869516, 13.0017906], [77.5868979, 13.0016756], [77.5868121, 13.0015606], [77.5867209, 13.0015136], [77.5866672, 13.0014299], [77.5866672, 13.0013411], [77.5866887, 13.0012156], [77.5866994, 13.0011425], [77.5867263, 13.0010588], [77.5867048, 13.0009856]]]}}, {"type": "Feature", "properties": {"id": "way/175396211", "name": "Virasandra", "kind": "lake", "source": "OpenStreetMap"}, "geometry": {"type": "Polygon", "coordinates": [[[77.6699595, 12.8419511], [77.6711511, 12.8422493], [77.6713512, 12.8419504], [77.6714424, 12.8414093], [77.67161, 12.8409259], [77.6722536, 12.8398137], [77.6720369, 12.8396149], [77.6715845, 12.8402984], [77.6708198, 12.8406898], [77.6694433, 12.8411434], [77.6696536, 12.8419324], [77.6699595, 12.8419511]]]}}, {"type": "Feature", "properties": {"id": "way/182177278", "name": "Kadiranpalaya Kere", "kind": "lake", "source": "OpenStreetMap"}, "geometry": {"type": "Polygon", "coordinates": [[[77.6348475, 12.9829831], [77.6349013, 12.9828419], [77.6350435, 12.9827609], [77.6352151, 12.9827818], [77.635384, 12.9828445], [77.6355665, 12.9828655], [77.635891, 12.9828785], [77.635993, 12.9828864], [77.6364141, 12.9829047], [77.6366823, 12.9829517], [77.6369344, 12.9830223], [77.6371648, 12.9831007], [77.6372348, 12.983281], [77.6373472, 12.9837489], [77.637366, 12.9842141], [77.6370578, 12.9843186], [77.6367412, 12.9843997], [77.6363496, 12.9843866], [77.6362369, 12.9844075], [77.6361003, 12.9848492], [77.6359124, 12.9851419], [77.6357836, 12.9850844], [77.6356066, 12.98481], [77.635419, 12.9846662], [77.6351774, 12.9844807], [77.6349201, 12.9842716], [77.6347644, 12.984073], [77.6347402, 12.9838795], [77.634786, 12.9837724], [77.6348691, 12.9836705], [77.6349012, 12.983579], [77.6348931, 12.9834953], [77.6348584, 12.9834039], [77.6348208, 12.9833019], [77.6348772, 12.9832105], [77.6349067, 12.9831399], [77.6348475, 12.9829831]]]}}, {"type": "Feature", "properties": {"id": "way/185479477", "name": "Nimbekaipura Lake", "kind": "lake", "source": "OpenStreetMap"}, "geometry": {"type": "Polygon", "coordinates": [[[77.7521535, 13.0563398], [77.7525395, 13.056936], [77.7535449, 13.0565679], [77.7538442, 13.0565606], [77.7541133, 13.0565824], [77.7544523, 13.0566078], [77.7545776, 13.0566082], [77.7545997, 13.0564966], [77.7545246, 13.0563398], [77.7542242, 13.0560576], [77.7539882, 13.0557754], [77.753795, 13.0554619], [77.7537521, 13.0551901], [77.7538165, 13.0548139], [77.7541384, 13.0539777], [77.7545782, 13.0530162], [77.7546963, 13.0528281], [77.7548035, 13.0526713], [77.7547392, 13.0525563], [77.754471, 13.0525563], [77.7526792, 13.0527026], [77.752794, 13.0532001], [77.752955, 13.0534092], [77.7531159, 13.0535764], [77.7533659, 13.0538001], [77.7535697, 13.0541136], [77.7536523, 13.0545797], [77.7535129, 13.0550814], [77.7533444, 13.0554096], [77.753044, 13.0557649], [77.7526578, 13.056068], [77.7521535, 13.0563398]]]}}, {"type": "Feature", "properties": {"id": "way/190584885", "name": "Mallasandra Lake", "kind": "lake", "source": "OpenStreetMap"}, "geometry": {"type": "Polygon", "coordinates": [[[77.5180291, 13.0596008], [77.518052, 13.0595803], [77.518426, 13.0592455], [77.5187694, 13.0587856], [77.5188316, 13.0587192], [77.519102, 13.0584303], [77.5195848, 13.0580331], [77.5196706, 13.0575419], [77.5194667, 13.0572284], [77.519102, 13.0570716], [77.5185977, 13.0572597], [77.5181149, 13.0574165], [77.5177765, 13.0575742], [77.5176214, 13.0576464], [77.5164519, 13.0578137], [77.5163446, 13.0578659], [77.5163554, 13.0580645], [77.5168768, 13.0580723], [77.517424, 13.0584381], [77.5177179, 13.0588065], [77.5178789, 13.059235], [77.5180291, 13.0596008]]]}}, {"type": "Feature", "properties": {"id": "way/193671225", "name": "Katamanallur Lake", "kind": "lake", "source": "OpenStreetMap"}, "geometry": {"type": "Polygon", "coordinates": [[[77.7609315, 13.0485833], [77.7608791, 13.0485165], [77.7608093, 13.0480567], [77.7607745, 13.0476558], [77.7608307, 13.0475503], [77.7612822, 13.0474356], [77.7620063, 13.0472501], [77.7624769, 13.047115], [77.7626651, 13.0471033], [77.762724, 13.0471778], [77.7627586, 13.0473389], [77.7628032, 13.0477713], [77.7627915, 13.0486001], [77.7627754, 13.0491358], [77.7627539, 13.0492768], [77.7627137, 13.0493187], [77.7626386, 13.0492926], [77.7622819, 13.0490757], [77.7619198, 13.0489424], [77.7617133, 13.0489178], [77.7616757, 13.0488825], [77.7615818, 13.0486605], [77.7614585, 13.0486212], [77.7610534, 13.0486147], [77.7609315, 13.0485833]]]}}, {"type": "Feature", "properties": {"id": "way/227097881", "name": "Doddkammanahalli Lake", "kind": "lake", "source": "OpenStreetMap"}, "geometry": {"type": "Polygon", "coordinates": [[[77.6046334, 12.8542354], [77.6038566, 12.8541317], [77.6035601, 12.8541443], [77.6035246, 12.8541789], [77.6033216, 12.8553918], [77.6032668, 12.8554861], [77.6029541, 12.8555584], [77.6028767, 12.8556564], [77.6026673, 12.8559103], [77.6024997, 12.8559983], [77.6023417, 12.8561303], [77.6022193, 12.8563439], [77.6020001, 12.8565356], [77.6019614, 12.856633], [77.6019904, 12.8569159], [77.6020001, 12.8571987], [77.6019389, 12.8573149], [77.6018486, 12.8574092], [77.6018422, 12.857516], [77.6018586, 12.8576011], [77.6019389, 12.8576386], [77.6020517, 12.8576103], [77.6021753, 12.8575019], [77.6022391, 12.8573686], [77.6023883, 12.8568189], [77.6025329, 12.8563433], [77.6025899, 12.8562528], [77.6028284, 12.8561648], [77.6031153, 12.8561334], [77.6034086, 12.8561585], [77.6040339, 12.8563125], [77.6042627, 12.8563691], [77.60444, 12.8564571], [77.6045722, 12.8565702], [77.6048213, 12.8569657], [77.6048655, 12.8569724], [77.6048989, 12.8569453], [77.6048429, 12.8565796], [77.6047817, 12.856146], [77.604772, 12.8557563], [77.6047817, 12.8553761], [77.6048268, 12.855109], [77.6047043, 12.8546125], [77.6046592, 12.8542826], [77.6046334, 12.8542354]]]}}, {"type": "Feature", "properties": {"id": "way/232981265", "name": "Ambalipura Lower Lake", "kind": "lake", "source": "OpenStreetMap"}, "geometry": {"type": "Polygon", "coordinates": [[[77.6644974, 12.9178726], [77.6645047, 12.9179847], [77.6645192, 12.9180179], [77.6645208, 12.9180383], [77.6645543, 12.9180539], [77.6645838, 12.9180474], [77.6646214, 12.9180409], [77.6646764, 12.9180291], [77.6647341, 12.9179965], [77.6648051, 12.917888], [77.6648681, 12.9178216], [77.6654985, 12.9177011], [77.6656336, 12.9177303], [77.6656583, 12.9176995], [77.6656948, 12.917644], [77.6652801, 12.916499], [77.6650538, 12.9160833], [77.6650331, 12.9160148], [77.6648933, 12.9160023], [77.6642296, 12.9161205], [77.6643008, 12.9165194], [77.6644027, 12.9167941], [77.664439, 12.9168828], [77.6644974, 12.9178726]]]}}, {"type": "Feature", "properties": {"id": "way/251505658", "name": "Sarjapura Lake", "kind": "lake", "source": "OpenStreetMap"}, "geometry": {"type": "Polygon", "coordinates": [[[77.7870977, 12.8517515], [77.7865237, 12.8519816], [77.7863091, 12.8520862], [77.7863145, 12.852217], [77.7864701, 12.8525831], [77.7865934, 12.8527243], [77.7868777, 12.8528132], [77.7871513, 12.8533728], [77.7875593, 12.8539233], [77.7877521, 12.8540736], [77.788096, 12.8548591], [77.7882028, 12.8552085], [77.7882349, 12.8557054], [77.7881164, 12.8560322], [77.7881489, 12.8560823], [77.788475, 12.8560945], [77.7885163, 12.8560608], [77.7886184, 12.855355], [77.7888725, 12.8544379], [77.7889977, 12.8543195], [77.7892215, 12.8542419], [77.7903861, 12.8545077], [77.7916199, 12.8546594], [77.7920258, 12.8547758], [77.792176, 12.8548591], [77.7922554, 12.8549474], [77.7923816, 12.8552451], [77.7925265, 12.8554229], [77.7928054, 12.8555642], [77.7935404, 12.8554596], [77.7939212, 12.8553079], [77.7939802, 12.8552294], [77.7939481, 12.8551667], [77.7938837, 12.8551353], [77.793476, 12.8552399], [77.793358, 12.8551562], [77.7930897, 12.8542148], [77.7929804, 12.8535448], [77.7928857, 12.8534089], [77.7920759, 12.8527766], [77.7916414, 12.8523372], [77.7910888, 12.8515475], [77.7905309, 12.8506846], [77.7898604, 12.8495653], [77.7895814, 12.8488959], [77.7894473, 12.8488017], [77.788707, 12.8488645], [77.7886425, 12.8489023], [77.7885027, 12.8491866], [77.7882317, 12.8496816], [77.7881849, 12.8497222], [77.787925, 12.8497938], [77.7878718, 12.8498651], [77.7879721, 12.8507682], [77.7878584, 12.8510758], [77.7876717, 12.8514063], [77.7870977, 12.8517515]]]}}, {"type": "Feature", "properties": {"id": "way/251803426", "name": "RWH 3", "kind": "lake", "source": "OpenStreetMap"}, "geometry": {"type": "Polygon", "coordinates": [[[77.698102, 13.1972241], [77.6989149, 13.1955464], [77.6988791, 13.1947913], [77.699715, 13.1947956], [77.6997223, 13.1949072], [77.6998289, 13.1949106], [77.6998109, 13.1952757], [77.6998682, 13.1953197], [77.6999574, 13.1953121], [77.6999956, 13.1964924], [77.6999894, 13.1969499], [77.6999707, 13.197203], [77.6999372, 13.197313], [77.6998681, 13.1975037], [77.6997664, 13.1975959], [77.6988879, 13.1975908], [77.698264, 13.1975888], [77.698102, 13.1972241]]]}}, {"type": "Feature", "properties": {"id": "way/253596652", "name": "Bheemanakuppa Lake", "kind": "lake", "source": "OpenStreetMap"}, "geometry": {"type": "Polygon", "coordinates": [[[77.4368114, 12.9117452], [77.4365768, 12.91112], [77.4362964, 12.9103727], [77.4358887, 12.9102472], [77.4356312, 12.9101845], [77.4353598, 12.9102797], [77.4349875, 12.9103936], [77.4345154, 12.91031], [77.4343438, 12.9101845], [77.4341292, 12.9098708], [77.4338717, 12.9096616], [77.4336357, 12.9097244], [77.4335574, 12.9099868], [77.4338578, 12.9103215], [77.4339651, 12.9105934], [77.4340005, 12.9111048], [77.4339007, 12.9112836], [77.4335069, 12.9115021], [77.4327559, 12.9121714], [77.432434, 12.9125688], [77.4321336, 12.9126525], [77.4318761, 12.9128825], [77.4317549, 12.9132078], [77.4319695, 12.9135215], [77.431962, 12.9138655], [77.4318622, 12.914128], [77.4313826, 12.9141793], [77.430932, 12.9141793], [77.4303741, 12.9143466], [77.4298666, 12.9147973], [77.4293731, 12.9154875], [77.4293087, 12.9158221], [77.4295802, 12.9157479], [77.4305458, 12.9148276], [77.4308462, 12.914744], [77.4308789, 12.9148805], [77.4309862, 12.9149537], [77.4321663, 12.915508], [77.4324345, 12.9158217], [77.4327028, 12.9163132], [77.4330246, 12.9166478], [77.4334967, 12.9169511], [77.4339366, 12.9178295], [77.4343657, 12.9190739], [77.4345803, 12.9194294], [77.4347198, 12.9194504], [77.4348378, 12.9193772], [77.434988, 12.9190216], [77.4351168, 12.9178713], [77.4348593, 12.9170452], [77.4347308, 12.9168516], [77.4345319, 12.9165521], [77.4343872, 12.9163341], [77.4343657, 12.9159053], [77.4345195, 12.9157416], [77.4345852, 12.9156716], [77.4349451, 12.9152883], [77.4358892, 12.9149642], [77.4359751, 12.9147132], [77.4360797, 12.9139621], [77.4363841, 12.9139042], [77.4363396, 12.9132528], [77.4371687, 12.913155], [77.4372977, 12.9131049], [77.4374771, 12.9126374], [77.4373537, 12.9124753], [77.4372411, 12.9124491], [77.4370882, 12.9125067], [77.4369889, 12.9123446], [77.4368114, 12.9117452]]]}}, {"type": "Feature", "properties": {"id": "way/257454069", "name": "Kalyani", "kind": "lake", "source": "OpenStreetMap"}, "geometry": {"type": "Polygon", "coordinates": [[[77.6285478, 12.8407466], [77.6286954, 12.8407179], [77.6286498, 12.8405649], [77.6285411, 12.8405753], [77.6285478, 12.8407466]]]}}, {"type": "Feature", "properties": {"id": "way/259175023", "name": "Yelenahalli Lake", "kind": "lake", "source": "OpenStreetMap"}, "geometry": {"type": "Polygon", "coordinates": [[[77.614314, 12.8669706], [77.6139497, 12.8670062], [77.6132908, 12.8671965], [77.6130744, 12.8672966], [77.6130602, 12.8672869], [77.6130378, 12.8672716], [77.6130231, 12.8672287], [77.6130451, 12.8671429], [77.6139617, 12.8664209], [77.6140074, 12.8663823], [77.6140469, 12.8663376], [77.6140753, 12.8662953], [77.6140981, 12.8662499], [77.614115, 12.8662021], [77.6141257, 12.8661527], [77.6141301, 12.8661023], [77.6141456, 12.8660658], [77.6141673, 12.8660323], [77.6141945, 12.8660029], [77.6142272, 12.8659778], [77.6142639, 12.8659587], [77.6143034, 12.865946], [77.6143447, 12.8659402], [77.6143756, 12.8659178], [77.6144105, 12.8659019], [77.6144479, 12.8658932], [77.6144864, 12.865892], [77.6145244, 12.8658983], [77.6145536, 12.8659088], [77.6145806, 12.8659237], [77.6146048, 12.8659428], [77.6146714, 12.8663192], [77.6147074, 12.8666261], [77.6147068, 12.8668083], [77.6145941, 12.866994], [77.614314, 12.8669706]]]}}, {"type": "Feature", "properties": {"id": "way/261178468", "name": "Hosakere Lake", "kind": "lake", "source": "OpenStreetMap"}, "geometry": {"type": "Polygon", "coordinates": [[[77.4327484, 12.9349046], [77.4327907, 12.934991], [77.4327599, 12.9351149], [77.4327175, 12.9352764], [77.4327291, 12.9353778], [77.4328755, 12.9354304], [77.4331645, 12.9354754], [77.4333148, 12.9355393], [77.4329526, 12.935528], [77.4327445, 12.935498], [77.432575, 12.9354379], [77.4324863, 12.9355618], [77.4323939, 12.9358209], [77.432363, 12.9361627], [77.4322975, 12.9364181], [77.4323284, 12.9365946], [77.4323284, 12.9367523], [77.4323245, 12.936865], [77.4323521, 12.9369381], [77.4323918, 12.9369385], [77.4324528, 12.9369088], [77.4325091, 12.9368968], [77.4325558, 12.9368705], [77.4327137, 12.9367786], [77.4328293, 12.9366997], [77.4331106, 12.9366884], [77.4332185, 12.9367298], [77.4333495, 12.9367711], [77.4334805, 12.9368725], [77.433573, 12.9369851], [77.4336038, 12.937094], [77.4336385, 12.9373907], [77.4336385, 12.9375146], [77.4336847, 12.9376573], [77.4337733, 12.93774], [77.4338119, 12.9378752], [77.4338812, 12.9379803], [77.4339236, 12.9381193], [77.4339698, 12.9380667], [77.4340777, 12.9382094], [77.434201, 12.9382807], [77.4342858, 12.9384422], [77.4342935, 12.9385737], [77.4342241, 12.9386901], [77.4341895, 12.9387539], [77.4341741, 12.9388478], [77.4341972, 12.9390731], [77.4342164, 12.9391182], [77.4342319, 12.9391858], [77.4342434, 12.9392722], [77.4343243, 12.9392722], [77.4344476, 12.9392346], [77.4345555, 12.9391895], [77.4346403, 12.939182], [77.4346942, 12.9392571], [77.4348407, 12.9392571], [77.4349331, 12.9392496], [77.4349717, 12.9391069], [77.4350603, 12.9391445], [77.4351181, 12.9392496], [77.4351605, 12.9393398], [77.4352298, 12.93949], [77.4352337, 12.939659], [77.4351797, 12.9398242], [77.4351566, 12.9399256], [77.4352337, 12.9400833], [77.4352144, 12.940196], [77.4351065, 12.9402786], [77.4349755, 12.94038], [77.4349177, 12.9404664], [77.435068, 12.9405715], [77.435199, 12.9405828], [77.4352568, 12.940748], [77.4352761, 12.940932], [77.4352684, 12.9410447], [77.4350102, 12.9410409], [77.4350333, 12.9411085], [77.4351181, 12.9412024], [77.4351952, 12.9413376], [77.435172, 12.9414127], [77.4353146, 12.9415066], [77.4353416, 12.9416005], [77.4353339, 12.9417582], [77.435303, 12.9418896], [77.4353647, 12.9419723], [77.435384, 12.9421488], [77.4353955, 12.9422877], [77.435488, 12.9423328], [77.4356884, 12.9424454], [77.4359085, 12.9424401], [77.4361482, 12.9423843], [77.4362381, 12.942363], [77.4363226, 12.9424135], [77.4363553, 12.9425675], [77.4363635, 12.9426711], [77.4363553, 12.9428224], [77.4363471, 12.9429101], [77.4363608, 12.9430296], [77.4363935, 12.9433004], [77.4363962, 12.9435899], [77.4363717, 12.9438952], [77.4363662, 12.9443095], [77.4363335, 12.9443838], [77.4361019, 12.9446281], [77.4360147, 12.9448538], [77.4360883, 12.9448857], [77.436279, 12.9446865], [77.436467, 12.9445166], [77.4365297, 12.9443971], [77.4365188, 12.9442165], [77.4365488, 12.9436881], [77.4365488, 12.9433163], [77.4365787, 12.9428941], [77.4365488, 12.9424879], [77.4365869, 12.9422568], [77.4365518, 12.9420035], [77.4364234, 12.9418691], [77.4361891, 12.9418638], [77.4360828, 12.9417204], [77.4359929, 12.9416009], [77.4361292, 12.9413726], [77.4363144, 12.9414177], [77.4363717, 12.9413221], [77.4364016, 12.9411734], [77.436358, 12.9410645], [77.4364261, 12.9409636], [77.4364997, 12.9408309], [77.4364016, 12.9407379], [77.4362218, 12.9406848], [77.4362354, 12.9405096], [77.4362545, 12.9403157], [77.4362082, 12.9401298], [77.4362027, 12.9399201], [77.436249, 12.9397262], [77.4362518, 12.9395828], [77.4362627, 12.9394792], [77.4362191, 12.9393916], [77.4361128, 12.9392509], [77.4360529, 12.9391686], [77.4359875, 12.9390809], [77.4360229, 12.9389375], [77.4360284, 12.938826], [77.4360393, 12.9387198], [77.4360147, 12.9386136], [77.4359657, 12.9385153], [77.4359575, 12.9383985], [77.4359902, 12.9383055], [77.4361264, 12.9382073], [77.436339, 12.9381648], [77.4364697, 12.9380612], [77.4365242, 12.9379948], [77.4365215, 12.937886], [77.4365161, 12.9376656], [77.4364779, 12.9375886], [77.4362599, 12.9376018], [77.4361155, 12.9375673], [77.4360556, 12.9373974], [77.4360038, 12.937177], [77.4359466, 12.937007], [77.4358894, 12.9368105], [77.435854, 12.9366937], [77.4359493, 12.9365848], [77.4360965, 12.9364547], [77.4362055, 12.9364308], [77.4362736, 12.936367], [77.4363499, 12.9362768], [77.4363962, 12.9360882], [77.4364153, 12.9359528], [77.4365079, 12.9358466], [77.4365507, 12.9357235], [77.4365651, 12.9356819], [77.4365624, 12.9355545], [77.4365324, 12.9353819], [77.4364452, 12.9353208], [77.4362409, 12.9352385], [77.4359902, 12.9352172], [77.4354807, 12.9351747], [77.4348622, 12.9351057], [77.4343854, 12.9350473], [77.4337506, 12.9349862], [77.4332683, 12.9349171], [77.4328542, 12.9348693], [77.4327833, 12.9348534], [77.4327484, 12.9349046]]]}}, {"type": "Feature", "properties": {"id": "way/287327440", "name": "Somasundarapalya Lake", "kind": "lake", "source": "OpenStreetMap"}, "geometry": {"type": "Polygon", "coordinates": [[[77.6473116, 12.8992482], [77.6474654, 12.8993012], [77.6476691, 12.8993083], [77.6481861, 12.8993324], [77.6485924, 12.8993364], [77.6487695, 12.8993037], [77.6488647, 12.8992605], [77.648884, 12.8992064], [77.6488861, 12.8990553], [77.6488208, 12.8986034], [77.6487534, 12.8982905], [77.6486729, 12.8981415], [77.6486608, 12.8980003], [77.6486246, 12.8979272], [77.6483529, 12.8979214], [77.6475075, 12.8978788], [77.6474181, 12.8978935], [77.6473774, 12.8982199], [77.647341, 12.8985193], [77.6472861, 12.8987785], [77.6472482, 12.8990684], [77.6473116, 12.8992482]]]}}, {"type": "Feature", "properties": {"id": "way/295768621", "name": "Bheemanakatte Lake", "kind": "lake", "source": "OpenStreetMap"}, "geometry": {"type": "Polygon", "coordinates": [[[77.5289322, 12.9156157], [77.5291123, 12.9154532], [77.5291741, 12.9153248], [77.5291283, 12.9152152], [77.528781, 12.914734], [77.5283593, 12.9144313], [77.5283543, 12.914773], [77.5284111, 12.9152135], [77.5285288, 12.9154847], [77.5286564, 12.9156996], [77.5289322, 12.9156157]]]}}, {"type": "Feature", "properties": {"id": "way/295768760", "name": "Kenchanahalli Lake", "kind": "lake", "source": "OpenStreetMap"}, "geometry": {"type": "Polygon", "coordinates": [[[77.5082021, 12.9269795], [77.5084332, 12.9269383], [77.5087192, 12.926762], [77.5089341, 12.9259151], [77.5091363, 12.9254094], [77.5091632, 12.9253421], [77.5090613, 12.9250986], [77.5089999, 12.9250078], [77.5089034, 12.9249412], [77.5087203, 12.9249346], [77.5086734, 12.9249329], [77.5083551, 12.9249731], [77.5082593, 12.9251596], [77.5081893, 12.9253141], [77.5081619, 12.9254918], [77.5081907, 12.9256114], [77.5082469, 12.9257168], [77.5083509, 12.9259819], [77.5084546, 12.9262078], [77.5084479, 12.9264586], [77.5084094, 12.9265277], [77.5081691, 12.9266513], [77.508046, 12.9267857], [77.5080254, 12.9268764], [77.5080158, 12.9269184], [77.5082021, 12.9269795]]]}}, {"type": "Feature", "properties": {"id": "way/324216294", "name": "Immersion Tank", "kind": "lake", "source": "OpenStreetMap"}, "geometry": {"type": "Polygon", "coordinates": [[[77.6198101, 12.9864887], [77.619978, 12.9867865], [77.6202663, 12.9866271], [77.6201114, 12.9863252], [77.6198101, 12.9864887]]]}}, {"type": "Feature", "properties": {"id": "way/326284753", "name": "Neraluru Lake", "kind": "lake", "source": "OpenStreetMap"}, "geometry": {"type": "Polygon", "coordinates": [[[77.7188039, 12.8007933], [77.7188611, 12.8008937], [77.7189526, 12.800955], [77.7190613, 12.8009829], [77.7191699, 12.8009773], [77.7192843, 12.8009495], [77.7193758, 12.8008881], [77.7197933, 12.8005535], [77.7201421, 12.8001018], [77.7203327, 12.7997635], [77.7204398, 12.7997004], [77.7207229, 12.7994184], [77.7208947, 12.7993159], [77.7210909, 12.7992922], [77.7211151, 12.7990537], [77.7211313, 12.7990655], [77.7211495, 12.7992942], [77.7212344, 12.7993534], [77.721659, 12.7994914], [77.7229753, 12.7998128], [77.723046, 12.7998463], [77.7231249, 12.7999172], [77.7231734, 12.800489], [77.7232867, 12.8009228], [77.7233648, 12.8011056], [77.7233191, 12.8011781], [77.7233133, 12.8012366], [77.7233763, 12.8015824], [77.7233591, 12.8016381], [77.7235164, 12.8017134], [77.7235707, 12.801719], [77.7236279, 12.8016995], [77.7236908, 12.8016075], [77.7236879, 12.8015517], [77.7236736, 12.8014987], [77.7236279, 12.8008909], [77.7236079, 12.8008351], [77.7235507, 12.8008351], [77.7234992, 12.8008128], [77.7234592, 12.8007682], [77.7235707, 12.8007598], [77.723625, 12.8007403], [77.7236565, 12.8006957], [77.7236336, 12.8002691], [77.7237308, 12.7998146], [77.723951, 12.7993071], [77.723991, 12.7992625], [77.7241254, 12.7990032], [77.7241626, 12.7989613], [77.7241998, 12.7988247], [77.7240797, 12.7988135], [77.7240911, 12.7987606], [77.7241397, 12.7987299], [77.724194, 12.7987215], [77.7242112, 12.7986072], [77.7242598, 12.798504], [77.724357, 12.7984511], [77.7243656, 12.7983981], [77.7244371, 12.7982391], [77.7244771, 12.7981945], [77.7246901, 12.7980825], [77.7249417, 12.7978539], [77.7251304, 12.7977256], [77.7252162, 12.7976475], [77.725342, 12.7974579], [77.7254278, 12.7973799], [77.7255365, 12.797352], [77.7255422, 12.7972404], [77.7254621, 12.7971512], [77.7254049, 12.7970508], [77.7256394, 12.7968054], [77.7257023, 12.7967162], [77.7257995, 12.7966716], [77.725891, 12.7966103], [77.7258739, 12.7964987], [77.725811, 12.7963983], [77.7257424, 12.7963035], [77.7256566, 12.796231], [77.7254393, 12.7961362], [77.7254564, 12.7960247], [77.7254507, 12.7959076], [77.7253821, 12.7958128], [77.7251762, 12.7957124], [77.7250561, 12.7956845], [77.7249417, 12.7956455], [77.7248388, 12.7955897], [77.724713, 12.7955451], [77.7245929, 12.7955172], [77.7244728, 12.7955061], [77.7243584, 12.7955339], [77.7242898, 12.7956288], [77.7242498, 12.7957459], [77.7241926, 12.795863], [77.724021, 12.796047], [77.7239238, 12.7961195], [77.7237122, 12.7962255], [77.7236321, 12.7961362], [77.7236092, 12.7960247], [77.7235463, 12.7959299], [77.723432, 12.795902], [77.7231918, 12.795902], [77.7230774, 12.7959243], [77.7228372, 12.7958797], [77.7227171, 12.7958741], [77.7226027, 12.7958407], [77.7224884, 12.7958295], [77.7222996, 12.7959745], [77.7222196, 12.7960637], [77.7221109, 12.7961028], [77.7219908, 12.7960805], [77.7219279, 12.7959801], [77.7219451, 12.7958686], [77.7220194, 12.7957682], [77.7220595, 12.7956622], [77.7219908, 12.7955674], [77.7218993, 12.7954893], [77.7217735, 12.795467], [77.7214132, 12.7955228], [77.721173, 12.7955395], [77.720767, 12.7956064], [77.7207956, 12.7958128], [77.72087, 12.7960414], [77.7209214, 12.796153], [77.7209843, 12.7962534], [77.7210358, 12.7963593], [77.7212188, 12.7972181], [77.7210701, 12.7979933], [77.7211387, 12.7980825], [77.7212474, 12.7980658], [77.7212531, 12.7981829], [77.7211387, 12.7982219], [77.7210415, 12.7982944], [77.7208299, 12.7985287], [77.7205497, 12.79888], [77.7204582, 12.7989636], [77.7204582, 12.7990807], [77.7204468, 12.7991923], [77.7203896, 12.7992927], [77.7203495, 12.7994098], [77.7202981, 12.7995102], [77.7202123, 12.7995938], [77.7201094, 12.7996496], [77.7199893, 12.7996663], [77.7198863, 12.7997276], [77.7196862, 12.8001124], [77.7196004, 12.8002017], [77.7195089, 12.8002742], [77.7193659, 12.8004638], [77.7192744, 12.800553], [77.7190628, 12.8006924], [77.71881, 12.8007403], [77.7187968, 12.8007831], [77.7188039, 12.8007933]]]}}, {"type": "Feature", "properties": {"id": "way/326284756", "name": "Huskur Lake", "kind": "lake", "source": "OpenStreetMap"}, "geometry": {"type": "Polygon", "coordinates": [[[77.7177515, 12.8601773], [77.7177209, 12.8601266], [77.717675, 12.8600848], [77.7176352, 12.8600371], [77.7175863, 12.8600013], [77.7175251, 12.8599685], [77.7174731, 12.8599357], [77.7174211, 12.8598969], [77.7173262, 12.859882], [77.7165186, 12.8601564], [77.7157813, 12.860219], [77.7150597, 12.8601147], [77.7137817, 12.8596924], [77.7134174, 12.8595781], [77.713168, 12.8592643], [77.7128917, 12.8586341], [77.7128246, 12.8585766], [77.7127066, 12.8585217], [77.7126476, 12.8585609], [77.712779, 12.858757], [77.7128273, 12.8589845], [77.71283, 12.859518], [77.7127951, 12.8599703], [77.7126047, 12.8604149], [77.7123955, 12.8606032], [77.7123043, 12.8607862], [77.7121943, 12.8611288], [77.7119154, 12.8615602], [77.7115989, 12.8619342], [77.7113146, 12.8623708], [77.7111348, 12.8630533], [77.71088, 12.8637489], [77.7107137, 12.8640784], [77.7104884, 12.8642431], [77.7103382, 12.8643712], [77.7102122, 12.865561], [77.7100915, 12.86605], [77.710019, 12.8667612], [77.710129, 12.8670489], [77.7103758, 12.867245], [77.7106655, 12.8672188], [77.7115586, 12.8667089], [77.7120575, 12.8664344], [77.7121943, 12.8659036], [77.7133986, 12.8655662], [77.7140424, 12.8654564], [77.7149597, 12.8654878], [77.7153271, 12.8655584], [77.7154693, 12.8655401], [77.7159145, 12.8648079], [77.7160111, 12.8646197], [77.7159896, 12.8641071], [77.7158529, 12.8640365], [77.7155444, 12.8641385], [77.7154586, 12.8640261], [77.715362, 12.8636391], [77.7155095, 12.8637097], [77.7156007, 12.8637201], [77.7158663, 12.8634508], [77.7158233, 12.8633985], [77.7152359, 12.8633645], [77.7151743, 12.8633331], [77.7151716, 12.8632599], [77.7152494, 12.8632573], [77.7154505, 12.8633201], [77.7159521, 12.8632435], [77.7159608, 12.8631839], [77.7160819, 12.8630405], [77.716345, 12.8619443], [77.7164403, 12.861874], [77.7166817, 12.8619315], [77.7167836, 12.8619263], [77.7168211, 12.8614426], [77.7171886, 12.8604227], [77.7173093, 12.8602135], [77.7176017, 12.8601534], [77.7177515, 12.8601773]]]}}, {"type": "Feature", "properties": {"id": "way/326284762", "name": "Muthanalluru Lake", "kind": "lake", "source": "OpenStreetMap"}, "geometry": {"type": "Polygon", "coordinates": [[[77.7201125, 12.817786], [77.7207073, 12.8182321], [77.7208445, 12.8184105], [77.7207073, 12.8186001], [77.7210161, 12.8187451], [77.7212105, 12.8188678], [77.7216795, 12.8190128], [77.7218968, 12.819102], [77.7221141, 12.8191354], [77.7223428, 12.8190797], [77.722583, 12.8191243], [77.7228118, 12.8192023], [77.7234866, 12.8197934], [77.7236239, 12.819983], [77.7240127, 12.8202395], [77.7246418, 12.8205853], [77.7252251, 12.8209867], [77.7256483, 12.8212209], [77.7259457, 12.8219682], [77.7259914, 12.8222024], [77.7259686, 12.8224254], [77.7258427, 12.8228826], [77.7256597, 12.8230722], [77.7250078, 12.8241763], [77.7249506, 12.8243994], [77.725065, 12.8246001], [77.7248968, 12.8250504], [77.7248224, 12.8251452], [77.7243961, 12.8255141], [77.7243961, 12.8258374], [77.7243556, 12.826003], [77.7244122, 12.8261528], [77.7246468, 12.8263815], [77.7247924, 12.8264683], [77.7249622, 12.8265235], [77.7253019, 12.8265787], [77.7262077, 12.8266418], [77.7268628, 12.8265629], [77.7275179, 12.826626], [77.7276715, 12.8265708], [77.7277362, 12.8264288], [77.7278575, 12.8263263], [77.7283913, 12.8259794], [77.7289413, 12.8257349], [77.7300008, 12.8253406], [77.7312705, 12.8254983], [77.7328223, 12.8260865], [77.7338535, 12.8271077], [77.7348847, 12.8278529], [77.7360331, 12.8284719], [77.7364011, 12.8289411], [77.7368742, 12.8293946], [77.7367853, 12.83012], [77.7368213, 12.8309176], [77.7367323, 12.8311148], [77.736702, 12.831241], [77.7366393, 12.8313513], [77.7366292, 12.8314302], [77.736698, 12.8314677], [77.737072, 12.8314617], [77.7371489, 12.8314341], [77.737161, 12.8312686], [77.7372694, 12.8309732], [77.7373692, 12.830758], [77.7376604, 12.8304662], [77.737994, 12.8302552], [77.7381012, 12.8300916], [77.7381214, 12.8299733], [77.7377473, 12.8288536], [77.7375654, 12.8285539], [77.7365868, 12.8279408], [77.736241, 12.8276668], [77.7360247, 12.8274341], [77.7348237, 12.8265253], [77.734581, 12.8263065], [77.7341807, 12.8260975], [77.7341261, 12.8260344], [77.7340675, 12.8258866], [77.7336874, 12.8253976], [77.7334185, 12.8250999], [77.7331212, 12.8246406], [77.7328948, 12.824197], [77.7328584, 12.8241734], [77.732818, 12.8239782], [77.7325531, 12.823367], [77.7323893, 12.823164], [77.7322255, 12.8230417], [77.7321507, 12.8229451], [77.7321062, 12.8228288], [77.7320577, 12.8220935], [77.7321164, 12.8218273], [77.7320597, 12.8209539], [77.7321002, 12.8205794], [77.7321871, 12.8203881], [77.7323064, 12.82026], [77.7324095, 12.820189], [77.7327917, 12.8201397], [77.732917, 12.8200392], [77.7328725, 12.8199682], [77.7325046, 12.8198223], [77.7320777, 12.8198054], [77.7316208, 12.8197107], [77.7312447, 12.8195215], [77.7307352, 12.8193598], [77.7305128, 12.81921], [77.7303349, 12.8189734], [77.729607, 12.8188117], [77.7278864, 12.8182029], [77.7275953, 12.8180057], [77.7271423, 12.8178086], [77.7270453, 12.8176745], [77.7269968, 12.8175168], [77.7265439, 12.8172171], [77.7258726, 12.8168307], [77.7255087, 12.816468], [77.7254197, 12.816326], [77.725169, 12.8160973], [77.7250315, 12.8160027], [77.724433, 12.815703], [77.7241176, 12.8155689], [77.723883, 12.8153402], [77.7235515, 12.8152141], [77.7227184, 12.8151037], [77.7223707, 12.8150879], [77.7216994, 12.8149617], [77.7208502, 12.8147093], [77.7207046, 12.8146384], [77.7203649, 12.8142835], [77.7198312, 12.8142519], [77.7193136, 12.8141415], [77.7188202, 12.813968], [77.7186746, 12.8138813], [77.7181732, 12.8137472], [77.7180034, 12.8137236], [77.7180276, 12.8138892], [77.7183269, 12.8144806], [77.7183107, 12.8146384], [77.7182541, 12.8147882], [77.7180843, 12.8147724], [77.7181813, 12.8149302], [77.7183107, 12.8152377], [77.7187474, 12.8164443], [77.7187717, 12.816602], [77.7192165, 12.817091], [77.7194268, 12.8175326], [77.7195481, 12.8176509], [77.7201125, 12.817786]]]}}, {"type": "Feature", "properties": {"id": "way/326284776", "name": "Bidaraguppe Lake", "kind": "lake", "source": "OpenStreetMap"}, "geometry": {"type": "Polygon", "coordinates": [[[77.7795415, 12.7948822], [77.7794271, 12.7952554], [77.7793988, 12.7953757], [77.7794255, 12.7956601], [77.7794827, 12.7957549], [77.7794655, 12.795978], [77.7793225, 12.796268], [77.7790652, 12.7966193], [77.7789737, 12.7966974], [77.7783847, 12.7968759], [77.7775151, 12.7968111], [77.7767873, 12.7967569], [77.7726138, 12.7976148], [77.771101, 12.7977613], [77.769438, 12.798954], [77.7691376, 12.8008843], [77.76645, 12.8039549], [77.7654254, 12.8059218], [77.764206, 12.8073782], [77.7649902, 12.8079588], [77.7647442, 12.8082757], [77.7665734, 12.8087883], [77.7679789, 12.8076166], [77.7681291, 12.8069261], [77.769202, 12.8045722], [77.7726352, 12.8022182], [77.7737725, 12.8017683], [77.7751779, 12.801873], [77.7758109, 12.8034109], [77.7762294, 12.8041955], [77.7774739, 12.8039235], [77.7784395, 12.8018102], [77.7799415, 12.8003246], [77.7810466, 12.8001467], [77.7818431, 12.8000834], [77.7821457, 12.8001758], [77.7822901, 12.8002092], [77.7823741, 12.8002394], [77.7822963, 12.8000662], [77.7815305, 12.7994822], [77.781216, 12.799209], [77.7808443, 12.7987127], [77.7805195, 12.7979844], [77.7803136, 12.797647], [77.7802536, 12.7974714], [77.7802205, 12.7970394], [77.7800542, 12.796396], [77.7799952, 12.7959408], [77.779845, 12.7954543], [77.7795415, 12.7948822]]]}}, {"type": "Feature", "properties": {"id": "way/350096397", "name": "K100", "kind": "lake", "source": "OpenStreetMap"}, "geometry": {"type": "Polygon", "coordinates": [[[77.6427871, 12.9289343], [77.6427358, 12.9289636], [77.642591, 12.9290342], [77.6423952, 12.9290996], [77.6423, 12.929093], [77.6420854, 12.9291113], [77.6419768, 12.9292708], [77.6419204, 12.9293205], [77.6417488, 12.9293126], [77.6414779, 12.9292617], [77.6409361, 12.9291205], [77.6408409, 12.9291048], [77.6407295, 12.929093], [77.6406424, 12.9291205], [77.6405324, 12.9291649], [77.6403742, 12.9292512], [77.6386467, 12.9301764], [77.638412, 12.9301751], [77.6382317, 12.9301456], [77.6380154, 12.9299457], [77.6372978, 12.9292236], [77.6369464, 12.9285962], [77.6368657, 12.9285515], [77.636726, 12.9285281], [77.6365422, 12.9284805], [77.6355759, 12.9289556], [77.6354319, 12.9290705], [77.635237, 12.9294057], [77.6351453, 12.9295027], [77.6338673, 12.9306308], [77.633812, 12.9306863], [77.6333378, 12.931157], [77.6332452, 12.9314208], [77.633096, 12.9315674], [77.6313379, 12.933295], [77.6306729, 12.9339486], [77.6300989, 12.9345436], [77.6300061, 12.9345939], [77.6299015, 12.9347554], [77.6298626, 12.9348729], [77.6297016, 12.9355161], [77.6295443, 12.9359404], [77.6294102, 12.936276], [77.6288951, 12.9371856], [77.6286697, 12.9377244], [77.6285963, 12.9380212], [77.6285259, 12.9383512], [77.6285068, 12.9384408], [77.628638, 12.9384769], [77.628746, 12.9380527], [77.6288524, 12.9375955], [77.6292305, 12.9368496], [77.6296348, 12.9359276], [77.6300175, 12.9348312], [77.630161, 12.934574], [77.63338, 12.9313976], [77.6333875, 12.9312313], [77.6338842, 12.9307556], [77.6339388, 12.9307068], [77.6347839, 12.9299512], [77.6352874, 12.929501], [77.6355421, 12.9291443], [77.6356642, 12.9290231], [77.6365605, 12.9285971], [77.6366175, 12.9286016], [77.6367981, 12.9286046], [77.6368907, 12.9286798], [77.6371744, 12.9292525], [77.6371962, 12.9292965], [77.6378679, 12.9301148], [77.6379241, 12.9301014], [77.6380829, 12.9302528], [77.6382351, 12.9303054], [77.6384108, 12.9303473], [77.6385865, 12.9303544], [77.6388182, 12.9302855], [77.6404933, 12.9293758], [77.6406048, 12.9293153], [77.6407228, 12.9292904], [77.6407739, 12.9292992], [77.6408972, 12.9293205], [77.641101, 12.9293754], [77.641321, 12.9294185], [77.6416254, 12.9294891], [77.6418306, 12.9295362], [77.6419781, 12.9295309], [77.6421055, 12.9294878], [77.6422678, 12.9293963], [77.6425132, 12.9292826], [77.6427649, 12.929148], [77.6428272, 12.9291438], [77.6427871, 12.9289343]]]}}, {"type": "Feature", "properties": {"id": "way/350098022", "name": "Saul Kere", "kind": "lake", "source": "OpenStreetMap"}, "geometry": {"type": "Polygon", "coordinates": [[[77.677451, 12.9206973], [77.6783001, 12.9204112], [77.6789826, 12.9203478], [77.6805752, 12.9199149], [77.6809092, 12.9198653], [77.6811819, 12.9198779], [77.6821668, 12.9199463], [77.6822662, 12.9198909], [77.6825469, 12.9195822], [77.6826011, 12.9195189], [77.6821625, 12.9179933], [77.6817831, 12.917407], [77.6817777, 12.9169265], [77.6817377, 12.9167177], [77.6817181, 12.916615], [77.6808352, 12.9160448], [77.6802556, 12.9160343], [77.6794972, 12.9159551], [77.6793761, 12.9163325], [77.6794155, 12.9165894], [77.6795764, 12.9168561], [77.6796326, 12.9172539], [77.6792751, 12.9175971], [77.6785143, 12.9183667], [77.6785054, 12.9183896], [77.6785384, 12.9186391], [77.6785652, 12.9189397], [77.6784448, 12.9189567], [77.6778953, 12.9189583], [77.6778234, 12.9195822], [77.6775851, 12.9199096], [77.6773634, 12.9203161], [77.6772891, 12.9205322], [77.6773716, 12.9206097], [77.677451, 12.9206973]]]}}, {"type": "Feature", "properties": {"id": "way/350153647", "name": "Parappana Agrahara Lake", "kind": "lake", "source": "OpenStreetMap"}, "geometry": {"type": "Polygon", "coordinates": [[[77.6616105, 12.8777748], [77.6599368, 12.8779866], [77.6602024, 12.8789253], [77.6603284, 12.8796391], [77.660307, 12.8800208], [77.6603365, 12.8803764], [77.6603244, 12.8805712], [77.6603202, 12.8805852], [77.6603212, 12.8805998], [77.6603273, 12.8806131], [77.6603378, 12.8806235], [77.66035, 12.8806294], [77.6603634, 12.8806312], [77.6603767, 12.8806288], [77.6604518, 12.8805922], [77.6605175, 12.8804784], [77.6605323, 12.8801529], [77.6605375, 12.8801047], [77.6605493, 12.8800575], [77.6605673, 12.8800123], [77.6605913, 12.8799699], [77.660626, 12.8799251], [77.6606673, 12.8798861], [77.6607142, 12.8798537], [77.6607656, 12.8798287], [77.6614322, 12.8794155], [77.6620169, 12.8792194], [77.6621604, 12.8791848], [77.6621988, 12.8791851], [77.6622366, 12.8791913], [77.662273, 12.8792031], [77.6623119, 12.8792231], [77.6623464, 12.8792496], [77.6623756, 12.8792815], [77.6624568, 12.8795208], [77.6625493, 12.879675], [77.6625679, 12.8796974], [77.6625917, 12.8797144], [77.6626191, 12.879725], [77.6626484, 12.8797285], [77.6626776, 12.8797246], [77.6627049, 12.8797136], [77.6627287, 12.8796959], [77.662747, 12.8796729], [77.6627587, 12.879646], [77.6627628, 12.8796171], [77.6627592, 12.8795881], [77.662615, 12.8793358], [77.6625372, 12.8791658], [77.6623991, 12.8790285], [77.6621202, 12.8786926], [77.6619136, 12.8783579], [77.6617548, 12.8779882], [77.6616575, 12.8777617], [77.6616105, 12.8777748]]]}}, {"type": "Feature", "properties": {"id": "way/380102739", "name": "Nelamangala Kere", "kind": "lake", "source": "OpenStreetMap"}, "geometry": {"type": "Polygon", "coordinates": [[[77.4112527, 13.0913212], [77.4118795, 13.0912903], [77.4121889, 13.0911976], [77.4124904, 13.0911667], [77.4126094, 13.0910507], [77.4132297, 13.0913598], [77.4132852, 13.0918313], [77.4135312, 13.0922563], [77.4135708, 13.092519], [77.414753, 13.0925731], [77.414753, 13.0924108], [77.4146261, 13.0921172], [77.4145705, 13.0918003], [77.4146737, 13.0916767], [77.4148165, 13.0916226], [77.4160225, 13.0914835], [77.4158003, 13.0911744], [77.4154909, 13.0910816], [77.4153481, 13.0909889], [77.4145229, 13.0895824], [77.4141183, 13.0882068], [77.4140389, 13.0880677], [77.414031, 13.0879209], [77.4141715, 13.0872247], [77.4143738, 13.0870354], [77.4149689, 13.0867726], [77.4152426, 13.0862085], [77.41508, 13.0861273], [77.414596, 13.0865678], [77.4134098, 13.0874952], [77.4127751, 13.0881598], [77.4114779, 13.0888708], [77.4106184, 13.0899306], [77.4103487, 13.090116], [77.4101979, 13.0900465], [77.4101027, 13.0901779], [77.4101106, 13.0904947], [77.4098488, 13.0906879], [77.4097853, 13.0908502], [77.4096584, 13.0909661], [77.409341, 13.0910898], [77.4091744, 13.0913834], [77.4088888, 13.0915766], [77.4093966, 13.0921098], [77.4107454, 13.0914993], [77.4112527, 13.0913212]]]}}, {"type": "Feature", "properties": {"id": "way/395505152", "name": "Kengeri Lake", "kind": "lake", "source": "OpenStreetMap"}, "geometry": {"type": "Polygon", "coordinates": [[[77.4906387, 12.9183159], [77.4904869, 12.9185313], [77.4903919, 12.9185826], [77.4902793, 12.918593], [77.490172, 12.9185251], [77.4899021, 12.9184268], [77.4895765, 12.9184205], [77.4894585, 12.918478], [77.4893137, 12.9184519], [77.4892439, 12.9183787], [77.489135, 12.9182647], [77.4890562, 12.9181904], [77.4889258, 12.9180973], [77.4888523, 12.9179447], [77.4887987, 12.9178558], [77.4887166, 12.9177209], [77.4886147, 12.9176634], [77.488509, 12.9176362], [77.4884162, 12.9176163], [77.4880423, 12.9176414], [77.4876292, 12.9174898], [77.4875096, 12.9174281], [77.4873825, 12.9172806], [77.4872537, 12.9171395], [77.4871679, 12.9171133], [77.4870284, 12.9171604], [77.4869211, 12.9171447], [77.4867924, 12.9171185], [77.4867441, 12.9170506], [77.4866475, 12.9169408], [77.486272, 12.9158114], [77.4859984, 12.9148284], [77.4858, 12.9141643], [77.4856551, 12.9139081], [77.4855907, 12.9138192], [77.4855425, 12.9137094], [77.4855462, 12.9135954], [77.4856481, 12.9135432], [77.4857678, 12.9135578], [77.4859609, 12.913699], [77.4864008, 12.9142584], [77.486846, 12.9147447], [77.4873664, 12.9153251], [77.4876346, 12.915597], [77.4878974, 12.9158114], [77.4883894, 12.9160425], [77.4888008, 12.9162982], [77.4896248, 12.9167682], [77.489834, 12.9169721], [77.4903383, 12.9174793], [77.4906762, 12.9179342], [77.4907352, 12.9181172], [77.4907068, 12.9182072], [77.4906387, 12.9183159]]]}}, {"type": "Feature", "properties": {"id": "way/402023995", "name": "Acchegowdana Katte", "kind": "lake", "source": "OpenStreetMap"}, "geometry": {"type": "Polygon", "coordinates": [[[77.4662033, 12.9826617], [77.4663208, 12.9827725], [77.4663798, 12.9828666], [77.4663589, 12.9830538], [77.4662945, 12.9832001], [77.4662189, 12.9833371], [77.4661014, 12.9833517], [77.4659085, 12.9832681], [77.4657575, 12.983175], [77.4656135, 12.9830329], [77.4655867, 12.9829126], [77.4656403, 12.982829], [77.465779, 12.9827516], [77.4659407, 12.9826565], [77.4660102, 12.982484], [77.4660799, 12.9822226], [77.4661228, 12.982301], [77.4661658, 12.9824631], [77.4662033, 12.9826617]]]}}, {"type": "Feature", "properties": {"id": "way/403081764", "name": "Konanakunte Lake", "kind": "lake", "source": "OpenStreetMap"}, "geometry": {"type": "Polygon", "coordinates": [[[77.5678995, 12.8913476], [77.5680739, 12.8921241], [77.5680823, 12.8921617], [77.5680963, 12.8921977], [77.5681154, 12.8922313], [77.5681356, 12.8922576], [77.568159, 12.8922812], [77.5681852, 12.8923019], [77.5685875, 12.8924078], [77.5686109, 12.8924135], [77.568635, 12.8924117], [77.5686572, 12.8924025], [77.5686755, 12.8923867], [77.5686876, 12.8923659], [77.5686921, 12.8923424], [77.5687377, 12.8918352], [77.5688325, 12.8915425], [77.5690475, 12.8905932], [77.5690437, 12.8905574], [77.5690341, 12.8905226], [77.5690155, 12.8904841], [77.5689897, 12.8904497], [77.5689577, 12.8904207], [77.5689115, 12.8903954], [77.568862, 12.8903774], [77.5688101, 12.8903671], [77.5687591, 12.8903647], [77.5687082, 12.8903697], [77.5684091, 12.8903769], [77.5683947, 12.8903782], [77.568381, 12.8903828], [77.5683641, 12.8903943], [77.568352, 12.8904106], [77.5683461, 12.8904298], [77.5683387, 12.8905501], [77.5683297, 12.8905658], [77.5683186, 12.8905802], [77.5682935, 12.8906022], [77.5682636, 12.8906174], [77.567921, 12.8906678], [77.567902, 12.8906803], [77.5678861, 12.8906965], [77.5678732, 12.8907173], [77.5678655, 12.8907403], [77.5678633, 12.8907645], [77.5678727, 12.8910521], [77.5678995, 12.8913476]]]}}, {"type": "Feature", "properties": {"id": "way/408869068", "name": "K100", "kind": "lake", "source": "OpenStreetMap"}, "geometry": {"type": "Polygon", "coordinates": [[[77.583097, 12.9607177], [77.5831345, 12.9607648], [77.5821019, 12.9614993], [77.5818928, 12.961663], [77.5818015, 12.9617345], [77.5814085, 12.9620064], [77.5811121, 12.9622076], [77.5806669, 12.9624873], [77.5806173, 12.9624494], [77.5811108, 12.9621384], [77.5815131, 12.961843], [77.5817787, 12.9616639], [77.5822574, 12.9613372], [77.5823915, 12.9612383], [77.583097, 12.9607177]]]}}, {"type": "Feature", "properties": {"id": "way/408869069", "name": "K100", "kind": "lake", "source": "OpenStreetMap"}, "geometry": {"type": "Polygon", "coordinates": [[[77.586683, 12.9591481], [77.5867421, 12.9592239], [77.5859052, 12.9593938], [77.5854063, 12.9595167], [77.5850485, 12.9596556], [77.5850362, 12.9596604], [77.5842637, 12.959995], [77.5840184, 12.9601534], [77.583911, 12.9602284], [77.5838744, 12.9601699], [77.5841323, 12.9599872], [77.5850186, 12.9595879], [77.5852695, 12.9594748], [77.5855109, 12.959399], [77.585814, 12.9593232], [77.586683, 12.9591481]]]}}, {"type": "Feature", "properties": {"id": "way/408869070", "name": "K100", "kind": "lake", "source": "OpenStreetMap"}, "geometry": {"type": "Polygon", "coordinates": [[[77.5920045, 12.956678], [77.591959, 12.9568087], [77.591562, 12.9575824], [77.5914306, 12.9577261], [77.591275, 12.9578098], [77.5906152, 12.958012], [77.5890997, 12.9584763], [77.5879014, 12.958832], [77.5874394, 12.9589834], [77.5874153, 12.9589102], [77.5890112, 12.9583979], [77.5905901, 12.9579207], [77.5912079, 12.957734], [77.5913715, 12.9576634], [77.5914922, 12.9575353], [77.5916934, 12.9571589], [77.5918865, 12.9567564], [77.5920099, 12.9563408], [77.5920535, 12.9561429], [77.5923475, 12.9558822], [77.5923694, 12.9559189], [77.5923884, 12.9559485], [77.5921297, 12.9561753], [77.5920931, 12.9563617], [77.5920045, 12.956678]]]}}, {"type": "Feature", "properties": {"id": "way/408869071", "name": "K100", "kind": "lake", "source": "OpenStreetMap"}, "geometry": {"type": "Polygon", "coordinates": [[[77.6032547, 12.9502621], [77.6033188, 12.9504992], [77.6025378, 12.9502922], [77.6005668, 12.9497699], [77.6004803, 12.9497405], [77.6003865, 12.9497464], [77.6002952, 12.9497856], [77.6001511, 12.9498849], [77.5988475, 12.9509044], [77.5987708, 12.9509812], [77.5983587, 12.9513223], [77.5975333, 12.9519637], [77.5965143, 12.9527551], [77.5964691, 12.9527898], [77.5954478, 12.9535736], [77.5944955, 12.9542945], [77.5944777, 12.9542735], [77.5944445, 12.9542345], [77.5946121, 12.9541058], [77.5954235, 12.9534766], [77.5956161, 12.9533139], [77.5965257, 12.9526163], [77.5965361, 12.9526083], [77.5965606, 12.9525895], [77.5977565, 12.9516723], [77.5983478, 12.9511989], [77.598816, 12.9508241], [77.6000978, 12.9497995], [77.6002587, 12.9496923], [77.6004143, 12.9496661], [77.6006181, 12.9496792], [77.6023025, 12.9501157], [77.6032547, 12.9502621]]]}}, {"type": "Feature", "properties": {"id": "way/408869072", "name": "K100", "kind": "lake", "source": "OpenStreetMap"}, "geometry": {"type": "Polygon", "coordinates": [[[77.5838744, 12.9601699], [77.583911, 12.9602284], [77.5836597, 12.9604331], [77.5836469, 12.9604435], [77.5831345, 12.9607648], [77.583097, 12.9607177], [77.5838744, 12.9601699]]]}}, {"type": "Feature", "properties": {"id": "way/408869074", "name": "K100", "kind": "lake", "source": "OpenStreetMap"}, "geometry": {"type": "Polygon", "coordinates": [[[77.6212761, 12.9515094], [77.6213115, 12.9515758], [77.6213423, 12.9516493], [77.6206062, 12.9519254], [77.6202661, 12.9520453], [77.6199666, 12.9521764], [77.6197172, 12.9522396], [77.6192078, 12.9522342], [77.6189151, 12.9521983], [77.6187824, 12.9521944], [77.6186961, 12.9522163], [77.6185582, 12.9521791], [77.6184947, 12.9521415], [77.6183821, 12.9520598], [77.6182386, 12.9519408], [77.6180199, 12.9515932], [77.6175767, 12.9508841], [77.6175083, 12.9508044], [77.6174064, 12.9507515], [77.6171254, 12.9507567], [77.616933, 12.9507913], [77.6165628, 12.9508384], [77.6155302, 12.9510005], [77.6152325, 12.9509952], [77.6149106, 12.9508175], [77.6141511, 12.9505927], [77.6136135, 12.9504335], [77.6128026, 12.9501216], [77.6126351, 12.9500723], [77.6124318, 12.950031], [77.6122519, 12.9499804], [77.6119494, 12.9499261], [77.6117546, 12.9498902], [77.6115464, 12.9498915], [77.6114551, 12.9498716], [77.6112802, 12.9498195], [77.6112494, 12.9498006], [77.6112116, 12.949744], [77.6112015, 12.9496405], [77.6111687, 12.9494144], [77.6111474, 12.9493762], [77.6107381, 12.9493926], [77.6104281, 12.9494248], [77.6101087, 12.9494448], [77.6096768, 12.9495252], [77.6089749, 12.9496673], [77.6079406, 12.9498201], [77.6074678, 12.9498899], [77.6072968, 12.9499152], [77.6072614, 12.9499212], [77.6063688, 12.950072], [77.6056678, 12.950103], [77.6055014, 12.9501117], [77.6053029, 12.9501405], [77.6044044, 12.9502868], [77.6037928, 12.950394], [77.6036131, 12.9504411], [77.6035712, 12.9502027], [77.6038599, 12.9502032], [77.6057121, 12.9498855], [77.6059761, 12.9499235], [77.6089614, 12.9495262], [77.6106995, 12.9492569], [77.6110563, 12.9492752], [77.6112789, 12.9493353], [77.6113325, 12.9494451], [77.6113473, 12.9497262], [77.6120648, 12.949832], [77.6139048, 12.9503391], [77.6153397, 12.9507652], [77.6155436, 12.9507887], [77.6173273, 12.9505691], [77.6175037, 12.9505828], [77.6176726, 12.950692], [77.6178522, 12.9510497], [77.617864, 12.9510716], [77.6180354, 12.9513899], [77.6183599, 12.9518709], [77.6184877, 12.9519768], [77.6185933, 12.9520643], [77.6186778, 12.9520918], [77.6187581, 12.9520728], [77.6188953, 12.9520769], [77.6196336, 12.9521077], [77.6197554, 12.9520975], [77.6199103, 12.9520574], [77.6201469, 12.9519422], [77.6206964, 12.9517442], [77.6212761, 12.9515094]]]}}, {"type": "Feature", "properties": {"id": "way/408869075", "name": "K100", "kind": "lake", "source": "OpenStreetMap"}, "geometry": {"type": "Polygon", "coordinates": [[[77.6285068, 12.9384408], [77.628638, 12.9384769], [77.6285362, 12.9388321], [77.6284343, 12.9389811], [77.6281929, 12.9390726], [77.6279166, 12.9393], [77.6278469, 12.9394752], [77.6276216, 12.9400006], [77.6275232, 12.9401746], [77.6274768, 12.9402568], [77.6272011, 12.9405826], [77.6270852, 12.9407195], [77.6270288, 12.9408031], [77.6269698, 12.9413965], [77.6269242, 12.9414645], [77.6268706, 12.9415142], [77.6262617, 12.9417494], [77.6262134, 12.9418383], [77.6262108, 12.9419455], [77.6261357, 12.9429101], [77.6261678, 12.943012], [77.6261088, 12.94417], [77.626074, 12.9444315], [77.6256555, 12.9450013], [77.6254168, 12.9452313], [77.6240462, 12.9459685], [77.6239711, 12.9460888], [77.6240033, 12.9462182], [77.6240516, 12.9465802], [77.6240355, 12.9467083], [77.6237999, 12.9473333], [77.6236936, 12.9474554], [77.6236302, 12.947487], [77.6233408, 12.9477121], [77.6230458, 12.9479813], [77.6227936, 12.9482898], [77.6225388, 12.9486766], [77.6220641, 12.9491837], [77.6219434, 12.9493118], [77.6215786, 12.9494634], [77.621474, 12.9495471], [77.6214667, 12.9496678], [77.6215197, 12.9498503], [77.6215523, 12.9499967], [77.6215931, 12.9500492], [77.6216703, 12.9501441], [77.6217726, 12.9502766], [77.6220066, 12.9503818], [77.6220721, 12.950462], [77.6221043, 12.9505953], [77.6220748, 12.9507652], [77.6219594, 12.951071], [77.6218977, 12.9510371], [77.6220131, 12.9506894], [77.6220024, 12.950543], [77.6219541, 12.9504881], [77.6217073, 12.9503496], [77.6216116, 12.9502384], [77.621566, 12.9501854], [77.6214847, 12.9500594], [77.6214579, 12.9498947], [77.6214371, 12.9498232], [77.6214379, 12.9497584], [77.6214096, 12.9496732], [77.6213694, 12.9495557], [77.6213681, 12.9495354], [77.6213828, 12.9495], [77.6215137, 12.9494157], [77.6215491, 12.9493929], [77.6215676, 12.9493856], [77.6216753, 12.9493429], [77.6217427, 12.9493161], [77.6218656, 12.9492674], [77.6220426, 12.9490818], [77.6224798, 12.9485407], [77.6228204, 12.9480597], [77.6231651, 12.9477382], [77.6235404, 12.9474421], [77.6236845, 12.9473284], [77.6239413, 12.9465693], [77.6238789, 12.946292], [77.6238964, 12.9460568], [77.6239773, 12.9458801], [77.625382, 12.9451189], [77.6258157, 12.9446017], [77.6259973, 12.9443478], [77.6260049, 12.9434347], [77.6259622, 12.9431476], [77.6260133, 12.9425516], [77.6260754, 12.9418284], [77.6260339, 12.9417227], [77.6261806, 12.9416854], [77.6262456, 12.9416762], [77.6267619, 12.9414505], [77.6268035, 12.9414096], [77.626884, 12.9413416], [77.6269239, 12.9409995], [77.6269003, 12.940946], [77.6269511, 12.9407796], [77.6269586, 12.9407641], [77.6270181, 12.9406411], [77.6273722, 12.9402045], [77.6275733, 12.9398804], [77.6277906, 12.9392504], [77.6281071, 12.9390292], [77.6283404, 12.9388661], [77.6284316, 12.9387511], [77.6284719, 12.9385864], [77.6285068, 12.9384408]]]}}, {"type": "Feature", "properties": {"id": "way/412909369", "name": "Ramagondanahalli Lake", "kind": "lake", "source": "OpenStreetMap"}, "geometry": {"type": "Polygon", "coordinates": [[[77.5526725, 13.1206297], [77.5536462, 13.1202536], [77.5555666, 13.1189266], [77.5560682, 13.1186157], [77.5557222, 13.1180437], [77.5552019, 13.1169413], [77.5551066, 13.11636], [77.5549525, 13.1162974], [77.5546493, 13.116573], [77.5541022, 13.1169622], [77.5529328, 13.117678], [77.5523641, 13.1180201], [77.5519537, 13.1182892], [77.5522353, 13.1192191], [77.5525975, 13.1202928], [77.5524714, 13.1205958], [77.5526725, 13.1206297]]]}}, {"type": "Feature", "properties": {"id": "way/412922538", "name": "Leachate Pond", "kind": "lake", "source": "OpenStreetMap"}, "geometry": {"type": "Polygon", "coordinates": [[[77.7258146, 13.0824515], [77.7258009, 13.0826828], [77.7265466, 13.0827246], [77.7265602, 13.0824933], [77.7258146, 13.0824515]]]}}, {"type": "Feature", "properties": {"id": "way/412929449", "name": "Bingipura Lake", "kind": "lake", "source": "OpenStreetMap"}, "geometry": {"type": "Polygon", "coordinates": [[[77.6324196, 12.8328639], [77.6324526, 12.8329], [77.6324531, 12.8329205], [77.6324514, 12.832951], [77.632449, 12.8329819], [77.6324479, 12.8330202], [77.6324446, 12.8330585], [77.6324345, 12.8330899], [77.6324017, 12.8331105], [77.6316932, 12.8332431], [77.6314625, 12.8333947], [77.6310227, 12.8340904], [77.6309142, 12.8343548], [77.6308926, 12.8343728], [77.6308709, 12.8343828], [77.6308324, 12.8343822], [77.6305154, 12.8344084], [77.6303852, 12.8344364], [77.6301284, 12.8344787], [77.6300802, 12.8344658], [77.6300457, 12.8344143], [77.6300107, 12.8343171], [77.6299824, 12.834231], [77.6299595, 12.8341496], [77.6297065, 12.8332898], [77.6295575, 12.8322805], [77.6295884, 12.8318813], [77.6300869, 12.8317639], [77.6302659, 12.8317059], [77.6304267, 12.8316163], [77.6305819, 12.8314612], [77.6308086, 12.831216], [77.6309797, 12.8309226], [77.6310115, 12.830892], [77.6310469, 12.8308629], [77.6310715, 12.8308625], [77.6311255, 12.8308615], [77.6311806, 12.8308627], [77.6312518, 12.8308639], [77.6313305, 12.8308707], [77.6313885, 12.8308789], [77.6314044, 12.8308839], [77.6314275, 12.8309009], [77.6314339, 12.8309977], [77.6314375, 12.8311486], [77.6314335, 12.831303], [77.6314721, 12.8315355], [77.6315004, 12.8316089], [77.6315487, 12.8317487], [77.6315995, 12.8319075], [77.6316575, 12.8320274], [77.6317886, 12.8322057], [77.6322877, 12.8327456], [77.6324196, 12.8328639]]]}}, {"type": "Feature", "properties": {"id": "way/413529791", "name": "Singapura Kere", "kind": "lake", "source": "OpenStreetMap"}, "geometry": {"type": "Polygon", "coordinates": [[[77.5395486, 13.0859027], [77.5394037, 13.0865453], [77.5390175, 13.086676], [77.5389639, 13.0866368], [77.5387117, 13.0863965], [77.5380278, 13.0853827], [77.5378051, 13.085064], [77.5377139, 13.0847479], [77.5377434, 13.0846355], [77.5381887, 13.084518], [77.5385374, 13.0843743], [77.5386715, 13.0843769], [77.5388834, 13.0845258], [77.5391516, 13.0847792], [77.539342, 13.085111], [77.5395004, 13.0854507], [77.5395325, 13.0857903], [77.5395486, 13.0859027]]]}}, {"type": "Feature", "properties": {"id": "way/450307520", "name": "Kalyani", "kind": "lake", "source": "OpenStreetMap"}, "geometry": {"type": "Polygon", "coordinates": [[[77.6760663, 12.9140994], [77.6761009, 12.9141798], [77.6760178, 12.9142138], [77.6759832, 12.9141334], [77.6760663, 12.9140994]]]}}, {"type": "Feature", "properties": {"id": "way/457633317", "name": "Ganigarahalli Lake", "kind": "lake", "source": "OpenStreetMap"}, "geometry": {"type": "Polygon", "coordinates": [[[77.5101167, 13.0895942], [77.510165, 13.0895053], [77.5103527, 13.089521], [77.5105834, 13.0898084], [77.5111413, 13.0902003], [77.5113612, 13.0901794], [77.5117743, 13.0905138], [77.5118816, 13.0906705], [77.5127077, 13.091517], [77.5127721, 13.0920395], [77.5128418, 13.0922014], [77.5130671, 13.0928755], [77.5132281, 13.0938577], [77.5127943, 13.0939641], [77.5126498, 13.0940033], [77.5124395, 13.0940563], [77.5119191, 13.0942287], [77.5113934, 13.0932621], [77.5110555, 13.0929382], [77.5103688, 13.0926926], [77.5099665, 13.0927135], [77.5095642, 13.0927657], [77.5096232, 13.0925463], [77.5097305, 13.0921858], [77.5099343, 13.0908795], [77.5100899, 13.0901741], [77.5100899, 13.0898084], [77.5101167, 13.0895942]]]}}, {"type": "Feature", "properties": {"id": "way/468620532", "name": "Small Pool", "kind": "lake", "source": "OpenStreetMap"}, "geometry": {"type": "Polygon", "coordinates": [[[77.6535947, 12.9590427], [77.6535743, 12.958974], [77.6536051, 12.9589653], [77.6536106, 12.9589835], [77.6536421, 12.9589745], [77.6536373, 12.9589585], [77.6536866, 12.9589445], [77.6537065, 12.959011], [77.6535947, 12.9590427]]]}}, {"type": "Feature", "properties": {"id": "way/469279276", "name": "Kuppareddi Kere", "kind": "lake", "source": "OpenStreetMap"}, "geometry": {"type": "Polygon", "coordinates": [[[77.5242793, 12.844857], [77.5243431, 12.844968], [77.524209, 12.8452296], [77.524091, 12.8455434], [77.5241393, 12.8458363], [77.5243324, 12.8460036], [77.5244611, 12.8462494], [77.5244665, 12.8464116], [77.5244021, 12.8466208], [77.5242734, 12.8466731], [77.5241286, 12.846626], [77.5239569, 12.8464534], [77.5237584, 12.8462076], [77.5233883, 12.8460245], [77.5232005, 12.8457369], [77.5230718, 12.8453603], [77.5228004, 12.8445987], [77.5229377, 12.8442934], [77.5230074, 12.8439482], [77.5231093, 12.8436971], [77.5232971, 12.8434461], [77.5233936, 12.8435768], [77.5236136, 12.8436553], [77.5237101, 12.8439168], [77.5238872, 12.844194], [77.5240374, 12.8444816], [77.524091, 12.8446647], [77.5242793, 12.844857]]]}}, {"type": "Feature", "properties": {"id": "way/469890675", "name": "Vidyaranyapura Kere", "kind": "lake", "source": "OpenStreetMap"}, "geometry": {"type": "Polygon", "coordinates": [[[77.5540942, 13.0769179], [77.5537536, 13.0761994], [77.5547835, 13.0753372], [77.5549525, 13.075575], [77.5553924, 13.0761916], [77.5555935, 13.0762229], [77.5556713, 13.0762882], [77.5556445, 13.0764006], [77.5540942, 13.0769179]]]}}, {"type": "Feature", "properties": {"id": "way/471198008", "name": "Centenary Pond", "kind": "lake", "source": "OpenStreetMap"}, "geometry": {"type": "Polygon", "coordinates": [[[77.5709686, 13.0215126], [77.5708011, 13.0215018], [77.5705895, 13.0213475], [77.5705938, 13.0209823], [77.570771, 13.0209308], [77.5709142, 13.0210991], [77.5709664, 13.0212173], [77.5709796, 13.0214127], [77.5709686, 13.0215126]]]}}, {"type": "Feature", "properties": {"id": "way/472975375", "name": "Bagalagunte Lake", "kind": "lake", "source": "OpenStreetMap"}, "geometry": {"type": "Polygon", "coordinates": [[[77.4983364, 13.059841], [77.4983519, 13.05986], [77.4983704, 13.0598763], [77.4983914, 13.0598893], [77.4984205, 13.0599007], [77.4984513, 13.059906], [77.4984826, 13.059905], [77.4988098, 13.0597914], [77.4993503, 13.0595889], [77.500037, 13.0593276], [77.5003588, 13.0591408], [77.5004017, 13.0590611], [77.5003843, 13.0588168], [77.500332, 13.0584902], [77.5002864, 13.0584], [77.5001657, 13.0583073], [77.499923, 13.0582472], [77.4997835, 13.0582511], [77.4996856, 13.0581897], [77.499408, 13.0579506], [77.4993087, 13.0577743], [77.4991867, 13.0576737], [77.4990579, 13.0575992], [77.499015, 13.0576018], [77.4988393, 13.0576619], [77.4988997, 13.0582615], [77.4988984, 13.0584928], [77.4988501, 13.0587632], [77.4986985, 13.0590754], [77.4985336, 13.0593184], [77.4984209, 13.0595066], [77.4983431, 13.0597587], [77.4983364, 13.059841]]]}}, {"type": "Feature", "properties": {"id": "way/477154739", "name": "Hadosiddapura Lake", "kind": "lake", "source": "OpenStreetMap"}, "geometry": {"type": "Polygon", "coordinates": [[[77.7008455, 12.8904598], [77.7012311, 12.890661], [77.7017969, 12.8910217], [77.7022361, 12.8914141], [77.7023421, 12.8915841], [77.7023932, 12.891699], [77.702468, 12.8918569], [77.702514, 12.8919423], [77.7024595, 12.8919689], [77.7025526, 12.8921312], [77.7026383, 12.8922966], [77.7027348, 12.8924829], [77.7029708, 12.8928887], [77.7030559, 12.892831], [77.7028691, 12.8924254], [77.7028385, 12.8923588], [77.7027279, 12.8920266], [77.7027746, 12.891865], [77.7029379, 12.8918831], [77.7030935, 12.8914691], [77.7031084, 12.8911531], [77.7036103, 12.8902921], [77.7037642, 12.8902232], [77.7037337, 12.8901143], [77.7036837, 12.8900033], [77.7038844, 12.8896898], [77.7037928, 12.8895553], [77.7032606, 12.8894054], [77.7029972, 12.8892935], [77.7027811, 12.8893821], [77.7024262, 12.8893862], [77.7019468, 12.889444], [77.7016057, 12.889446], [77.7013823, 12.8895069], [77.7011436, 12.8897631], [77.7006501, 12.8901527], [77.7005723, 12.890218], [77.700575, 12.8903514], [77.7006608, 12.8903906], [77.7008455, 12.8904598]]]}}, {"type": "Feature", "properties": {"id": "way/477222112", "name": "Narayanapura Kere", "kind": "lake", "source": "OpenStreetMap"}, "geometry": {"type": "Polygon", "coordinates": [[[77.6845339, 12.9966727], [77.6840548, 12.99709], [77.6835819, 12.9968648], [77.6839085, 12.99638], [77.6840749, 12.996467], [77.6843352, 12.996464], [77.6845478, 12.996431], [77.6845986, 12.9965451], [77.6845339, 12.9966727]]]}}, {"type": "Feature", "properties": {"id": "way/525507452", "name": "Ground", "kind": "lake", "source": "OpenStreetMap"}, "geometry": {"type": "Polygon", "coordinates": [[[77.5597043, 12.915526], [77.5604366, 12.9155348], [77.5601836, 12.9150979], [77.5600124, 12.9151281], [77.559733, 12.9150124], [77.5597228, 12.9152474], [77.5597043, 12.915526]]]}}, {"type": "Feature", "properties": {"id": "way/545354286", "name": "Halcyon Swimming Pool", "kind": "lake", "source": "OpenStreetMap"}, "geometry": {"type": "Polygon", "coordinates": [[[77.6312931, 12.9356718], [77.6312382, 12.9355673], [77.6313481, 12.9355098], [77.6314004, 12.9356183], [77.6312931, 12.9356718]]]}}, {"type": "Feature", "properties": {"id": "way/554224272", "name": "ISKCON Temple Pond", "kind": "lake", "source": "OpenStreetMap"}, "geometry": {"type": "Polygon", "coordinates": [[[77.5496954, 12.8933072], [77.5497383, 12.8932471], [77.5497973, 12.8932366], [77.5498523, 12.8932667], [77.5498751, 12.8932902], [77.5498804, 12.8933072], [77.5500306, 12.8932484], [77.5500172, 12.8931869], [77.5498161, 12.892783], [77.5495908, 12.8929019], [77.5495478, 12.8929032], [77.5494996, 12.8928876], [77.5496404, 12.8931503], [77.5496887, 12.893251], [77.5496954, 12.8933072]]]}}, {"type": "Feature", "properties": {"id": "way/555922191", "name": "PU Lake", "kind": "lake", "source": "OpenStreetMap"}, "geometry": {"type": "Polygon", "coordinates": [[[77.4382202, 12.8612157], [77.4386399, 12.8615327], [77.4386748, 12.861557], [77.438713, 12.861564], [77.4387286, 12.8615521], [77.4387867, 12.8614924], [77.4387979, 12.8614772], [77.4388045, 12.8614067], [77.4387959, 12.8613355], [77.4386935, 12.8612404], [77.4384156, 12.8610836], [77.438369, 12.8610528], [77.4383393, 12.8610417], [77.4383097, 12.8610438], [77.4382844, 12.8610517], [77.4382016, 12.8611798], [77.4382202, 12.8612157]]]}}, {"type": "Feature", "properties": {"id": "way/555922194", "name": "Block 4 Lake", "kind": "lake", "source": "OpenStreetMap"}, "geometry": {"type": "Polygon", "coordinates": [[[77.43883, 12.8617442], [77.4390445, 12.8619224], [77.4390762, 12.8619414], [77.4391128, 12.8619462], [77.4391396, 12.8619343], [77.4391786, 12.8619177], [77.43922, 12.8618844], [77.4392078, 12.8617775], [77.4392078, 12.8617038], [77.4392005, 12.8616587], [77.4392005, 12.8616159], [77.4392005, 12.8615636], [77.4392078, 12.8615113], [77.4392127, 12.8614662], [77.4392127, 12.861421], [77.4391905, 12.8613935], [77.4391444, 12.8614068], [77.4391103, 12.8615018], [77.4390348, 12.8615375], [77.4390006, 12.8615446], [77.4389689, 12.8615588], [77.43883, 12.8617442]]]}}, {"type": "Feature", "properties": {"id": "way/555922208", "name": "Dove Lake", "kind": "lake", "source": "OpenStreetMap"}, "geometry": {"type": "Polygon", "coordinates": [[[77.4395289, 12.8619609], [77.4394845, 12.861865], [77.4394675, 12.861752], [77.4394597, 12.861694], [77.4394722, 12.8616457], [77.4394888, 12.86155], [77.4395159, 12.8614794], [77.4394885, 12.8614243], [77.4395126, 12.8613713], [77.4396097, 12.8613346], [77.4397285, 12.8614043], [77.4397286, 12.861504], [77.4396984, 12.8617226], [77.4396722, 12.8618493], [77.4396592, 12.8620011], [77.4395998, 12.8620078], [77.4395289, 12.8619609]]]}}, {"type": "Feature", "properties": {"id": "way/555922211", "name": "Goose Lake", "kind": "lake", "source": "OpenStreetMap"}, "geometry": {"type": "Polygon", "coordinates": [[[77.4412137, 12.8616597], [77.4411589, 12.8615292], [77.4414231, 12.8614198], [77.4414765, 12.8615456], [77.4412137, 12.8616597]]]}}, {"type": "Feature", "properties": {"id": "way/560578739", "name": "Hulimangala Lake", "kind": "lake", "source": "OpenStreetMap"}, "geometry": {"type": "Polygon", "coordinates": [[[77.6302789, 12.8205438], [77.6305681, 12.8207547], [77.6323879, 12.8201097], [77.632638, 12.8202179], [77.633185, 12.8203997], [77.6341051, 12.8206541], [77.6343751, 12.820497], [77.6345915, 12.8202578], [77.6348338, 12.8199804], [77.6345358, 12.8193744], [77.6343896, 12.8187831], [77.6339254, 12.8174395], [77.6339399, 12.8163788], [77.6341935, 12.8157035], [77.6343213, 12.8155396], [77.6344369, 12.8152462], [77.6346163, 12.8149227], [77.6344509, 12.8145169], [77.6341129, 12.8153886], [77.633834, 12.8157703], [77.6335193, 12.8161807], [77.6333078, 12.8163299], [77.6329866, 12.8164014], [77.6320877, 12.8165135], [77.6317863, 12.8165246], [77.6310245, 12.8162798], [77.6307936, 12.8161863], [77.6305785, 12.8161312], [77.6297379, 12.81609], [77.6293526, 12.8157054], [77.6290527, 12.8155726], [77.6288313, 12.815493], [77.6286315, 12.8153524], [77.6283756, 12.8145544], [77.6278244, 12.8145104], [77.6280039, 12.8147355], [77.6284861, 12.8154311], [77.6289503, 12.8161242], [77.6292344, 12.8162955], [77.6296446, 12.8165405], [77.6302139, 12.8167255], [77.6305933, 12.8172505], [77.6307472, 12.8180956], [77.6307531, 12.8187173], [77.6310302, 12.8188368], [77.6308052, 12.8195736], [77.6306139, 12.8195657], [77.6304211, 12.8199988], [77.6302789, 12.8205438]]]}}, {"type": "Feature", "properties": {"id": "way/560721005", "name": "Komapana Agrahara Lake", "kind": "lake", "source": "OpenStreetMap"}, "geometry": {"type": "Polygon", "coordinates": [[[77.6712692, 12.8589947], [77.6715491, 12.8587799], [77.6719779, 12.8584508], [77.6722724, 12.8582155], [77.6722193, 12.8578546], [77.6723373, 12.8577291], [77.6725138, 12.8576873], [77.6726323, 12.8575879], [77.672686, 12.8574415], [77.6728577, 12.8573944], [77.6730669, 12.8572741], [77.6733136, 12.8571015], [77.6732326, 12.8568505], [77.6732868, 12.856725], [77.6734746, 12.8566151], [77.6734633, 12.8564582], [77.6733024, 12.8562386], [77.6731897, 12.8562333], [77.6729537, 12.8562438], [77.6727659, 12.8562072], [77.6726264, 12.8561078], [77.6725245, 12.8560451], [77.6723314, 12.8561392], [77.6722568, 12.856317], [77.6720364, 12.8564059], [77.6718271, 12.8564373], [77.6716233, 12.8565053], [77.6715267, 12.8566256], [77.6714141, 12.8566727], [77.6711941, 12.8566936], [77.6710064, 12.8566779], [77.6707811, 12.8566988], [77.6707221, 12.8566883], [77.6705397, 12.8567563], [77.6704109, 12.8568505], [77.6704598, 12.857044], [77.6705987, 12.8572741], [77.6707333, 12.8575513], [77.6708621, 12.8578912], [77.6710016, 12.8581423], [77.6710713, 12.8583515], [77.6712692, 12.8589947]]]}}, {"type": "Feature", "properties": {"id": "way/579281807", "name": "Prestige Tranquility Lake", "kind": "lake", "source": "OpenStreetMap"}, "geometry": {"type": "Polygon", "coordinates": [[[77.7444971, 13.06672], [77.7446716, 13.066881], [77.7458114, 13.0679324], [77.7468521, 13.0657429], [77.7444971, 13.06672]]]}}, {"type": "Feature", "properties": {"id": "way/594573482", "name": "Water Tank", "kind": "lake", "source": "OpenStreetMap"}, "geometry": {"type": "Polygon", "coordinates": [[[77.5686454, 13.0738848], [77.5686373, 13.0738137], [77.5687643, 13.0737952], [77.5687907, 13.0738742], [77.5686454, 13.0738848]]]}}, {"type": "Feature", "properties": {"id": "way/597564903", "name": "Doddabidirakallu Kere", "kind": "lake", "source": "OpenStreetMap"}, "geometry": {"type": "Polygon", "coordinates": [[[77.4978026, 13.0436483], [77.4978767, 13.0433845], [77.497905, 13.0429961], [77.4979321, 13.0423193], [77.4967953, 13.042082], [77.4956225, 13.0418887], [77.4947022, 13.0415547], [77.4943233, 13.0408252], [77.4942511, 13.0419853], [77.4939264, 13.0423545], [77.4935294, 13.0429961], [77.4933309, 13.043831], [77.4928257, 13.0446045], [77.4932046, 13.0448506], [77.4937442, 13.0437956], [77.4947986, 13.044106], [77.4954611, 13.0442393], [77.4959621, 13.0443099], [77.4964822, 13.0442059], [77.4970084, 13.0439963], [77.4976773, 13.043862], [77.4978026, 13.0436483]]]}}, {"type": "Feature", "properties": {"id": "way/673640256", "name": "Karagada Kunte", "kind": "lake", "source": "OpenStreetMap"}, "geometry": {"type": "Polygon", "coordinates": [[[77.5920273, 12.9707005], [77.5923533, 12.9710371], [77.5925048, 12.9711841], [77.5924981, 12.9712266], [77.5924511, 12.9713116], [77.5923975, 12.9713572], [77.592357, 12.9713634], [77.5923365, 12.9713527], [77.5923344, 12.971324], [77.5923237, 12.9712985], [77.5922895, 12.9712717], [77.592246, 12.9712508], [77.5921514, 12.9712201], [77.5920475, 12.97116], [77.5918866, 12.9710546], [77.5918061, 12.9710018], [77.5917973, 12.9709783], [77.5917913, 12.9709312], [77.5917926, 12.9708555], [77.5918006, 12.9707634], [77.5918081, 12.9706738], [77.591849, 12.9706189], [77.5919133, 12.9706071], [77.5919482, 12.970632], [77.5920273, 12.9707005]]]}}, {"type": "Feature", "properties": {"id": "way/675250068", "name": "Vijinapura Lake", "kind": "lake", "source": "OpenStreetMap"}, "geometry": {"type": "Polygon", "coordinates": [[[77.6765612, 13.0080336], [77.6766631, 13.0081094], [77.6770949, 13.0088803], [77.6771137, 13.0090005], [77.6770547, 13.0092645], [77.6768857, 13.0097532], [77.6768401, 13.0101556], [77.6768079, 13.0101765], [77.6766524, 13.0101765], [77.676596, 13.010106], [77.6762554, 13.0092984], [77.6760972, 13.0087862], [77.6760945, 13.0086686], [77.6760569, 13.0083367], [77.6760811, 13.0082792], [77.6761535, 13.0081982], [77.6765612, 13.0080336]]]}}, {"type": "Feature", "properties": {"id": "way/675685126", "name": "Ramasandra Lake", "kind": "lake", "source": "OpenStreetMap"}, "geometry": {"type": "Polygon", "coordinates": [[[77.4704897, 12.9462037], [77.4710503, 12.9460966], [77.4713642, 12.945992], [77.4714526, 12.9460391], [77.4717021, 12.9476153], [77.4716753, 12.9476519], [77.4708143, 12.9478218], [77.4707885, 12.9478093], [77.4707231, 12.9477774], [77.4704334, 12.9462639], [77.4704897, 12.9462037]]]}}, {"type": "Feature", "properties": {"id": "way/675685139", "name": "Sulikere/ Herekere Lake", "kind": "lake", "source": "OpenStreetMap"}, "geometry": {"type": "Polygon", "coordinates": [[[77.4572772, 12.9466325], [77.457422, 12.9458326], [77.4575052, 12.9456914], [77.4575615, 12.9456966], [77.4576205, 12.946439], [77.4578243, 12.9468364], [77.4581677, 12.9470193], [77.4591333, 12.9473853], [77.4604315, 12.9478297], [77.4607426, 12.9478245], [77.4612093, 12.9474271], [77.4612629, 12.9475003], [77.4612039, 12.9479813], [77.461043, 12.9483368], [77.460984, 12.9487812], [77.4610966, 12.9495758], [77.4610913, 12.9503496], [77.4612254, 12.9507521], [77.4616009, 12.9514736], [77.461617, 12.9517925], [77.4615365, 12.9525819], [77.4612254, 12.9539359], [77.4611449, 12.9553736], [77.4605387, 12.9558964], [77.4600238, 12.9562519], [77.4596858, 12.9563721], [77.459553, 12.9563817], [77.4589884, 12.9564506], [77.4587953, 12.9551488], [77.4588007, 12.9542339], [77.4588919, 12.9541712], [77.4590313, 12.9541189], [77.4590796, 12.9540301], [77.4590099, 12.9533713], [77.4584252, 12.9521637], [77.4579692, 12.9521428], [77.4578083, 12.9518134], [77.457024, 12.9521661], [77.4564832, 12.9524094], [77.4563277, 12.9525871], [77.4555069, 12.9529217], [77.4547023, 12.9527231], [77.4545574, 12.9520905], [77.455033, 12.9519558], [77.4553513, 12.9518657], [77.4560004, 12.9516984], [77.4560434, 12.9514422], [77.4559468, 12.9510188], [77.4559629, 12.949074], [77.4563813, 12.9485773], [77.4568158, 12.948525], [77.4569929, 12.9484205], [77.4572718, 12.948044], [77.4574649, 12.9475369], [77.4574649, 12.9467004], [77.4572772, 12.9466325]]]}}, {"type": "Feature", "properties": {"id": "way/688590268", "name": "Oracle Tech Hub Entrance Fountain", "kind": "lake", "source": "OpenStreetMap"}, "geometry": {"type": "Polygon", "coordinates": [[[77.6960523, 12.9414596], [77.6962155, 12.9416997], [77.6963067, 12.9416427], [77.6961462, 12.9414007], [77.6960523, 12.9414596]]]}}, {"type": "Feature", "properties": {"id": "way/726086470", "name": "Acharya Lake", "kind": "lake", "source": "OpenStreetMap"}, "geometry": {"type": "Polygon", "coordinates": [[[77.482196, 13.0868964], [77.4824588, 13.0868128], [77.4827968, 13.0869199], [77.4831267, 13.086899], [77.4832983, 13.0866064], [77.4832447, 13.0864784], [77.4829604, 13.0865045], [77.4823462, 13.0863007], [77.4821155, 13.0863425], [77.4820082, 13.0867292], [77.482196, 13.0868964]]]}}, {"type": "Feature", "properties": {"id": "way/740925682", "name": "Chikkalasandra lake", "kind": "lake", "source": "OpenStreetMap"}, "geometry": {"type": "Polygon", "coordinates": [[[77.5520182, 12.9152896], [77.5520879, 12.9153981], [77.5525305, 12.9157811], [77.5528242, 12.9159851], [77.5535229, 12.915772], [77.5540043, 12.9155864], [77.5541398, 12.9155053], [77.5539038, 12.9150099], [77.5535859, 12.914504], [77.552902, 12.914789], [77.5522757, 12.9150387], [77.5523145, 12.9152191], [77.5520182, 12.9152896]]]}}, {"type": "Feature", "properties": {"id": "way/750685724", "name": "Shivapura Old Lake", "kind": "lake", "source": "OpenStreetMap"}, "geometry": {"type": "Polygon", "coordinates": [[[77.5039369, 13.0269302], [77.5043741, 13.0270478], [77.5047308, 13.0272385], [77.5048113, 13.0275338], [77.5051036, 13.0276331], [77.5053906, 13.0271262], [77.5056401, 13.026844], [77.5056079, 13.0267891], [77.5054121, 13.0267708], [77.5051144, 13.0266427], [77.5046208, 13.02629], [77.5045377, 13.0261044], [77.5044636, 13.0259996], [77.5043151, 13.0259607], [77.5041354, 13.0263396], [77.503894, 13.0268387], [77.5039369, 13.0269302]]]}}, {"type": "Feature", "properties": {"id": "way/775470790", "name": "Nagarbhavi Lake", "kind": "lake", "source": "OpenStreetMap"}, "geometry": {"type": "Polygon", "coordinates": [[[77.5088923, 12.9647509], [77.5088046, 12.9646872], [77.5087206, 12.9646189], [77.5086591, 12.9645639], [77.5085999, 12.9645065], [77.5085823, 12.9644966], [77.5085625, 12.9644922], [77.5085423, 12.9644938], [77.5085235, 12.9645013], [77.5085081, 12.9645136], [77.5084972, 12.9645298], [77.5084916, 12.9645484], [77.5084919, 12.9645678], [77.508498, 12.9645862], [77.5084712, 12.9648672], [77.5084484, 12.9650463], [77.5084407, 12.9650759], [77.5084398, 12.9651065], [77.5084457, 12.9651365], [77.5084606, 12.9651688], [77.5084832, 12.9651966], [77.5085412, 12.9652308], [77.5085968, 12.9652688], [77.5086495, 12.9653103], [77.508704, 12.9653597], [77.5087546, 12.965413], [77.5088011, 12.9654697], [77.5089446, 12.9656919], [77.5089642, 12.9657118], [77.5089884, 12.9657261], [77.5090156, 12.9657337], [77.5090454, 12.965734], [77.5090742, 12.9657264], [77.5090997, 12.9657114], [77.50912, 12.9656903], [77.5091337, 12.9656645], [77.5094649, 12.9652502], [77.5096513, 12.9650358], [77.5096622, 12.9650237], [77.5096682, 12.9650088], [77.5096688, 12.9649927], [77.5096629, 12.9649758], [77.5096509, 12.9649622], [77.5096347, 12.964954], [77.5096165, 12.9649522], [77.5095523, 12.9649675], [77.5094866, 12.9649751], [77.5094205, 12.9649748], [77.5093549, 12.9649666], [77.5092978, 12.9649527], [77.5092426, 12.9649329], [77.5091899, 12.9649074], [77.5091404, 12.9648764], [77.5090726, 12.9648471], [77.5090063, 12.964815], [77.5089486, 12.964784], [77.5088923, 12.9647509]]]}}, {"type": "Feature", "properties": {"id": "way/779078393", "name": "Nagaraesh Nagenahalli Lake", "kind": "lake", "source": "OpenStreetMap"}, "geometry": {"type": "Polygon", "coordinates": [[[77.6424621, 13.0752424], [77.642583, 13.0749192], [77.6427439, 13.0747964], [77.6439348, 13.0752562], [77.6425069, 13.0766863], [77.6421431, 13.0765182], [77.6424621, 13.0752424]]]}}, {"type": "Feature", "properties": {"id": "way/790389588", "name": "Bhoganahalli Lake", "kind": "lake", "source": "OpenStreetMap"}, "geometry": {"type": "Polygon", "coordinates": [[[77.6980496, 12.9227922], [77.6980013, 12.9228848], [77.6980468, 12.9229792], [77.6981501, 12.92313], [77.6985086, 12.9235724], [77.6994987, 12.9248352], [77.6995362, 12.9248207], [77.6993917, 12.9240113], [77.6994288, 12.9237047], [77.6995769, 12.9233459], [77.6997174, 12.9230655], [77.6998281, 12.922905], [77.69994, 12.9228277], [77.7000704, 12.9227733], [77.7001094, 12.9227406], [77.7001116, 12.9226999], [77.7000894, 12.9226587], [77.6996638, 12.9223857], [77.6989664, 12.9217899], [77.6986704, 12.921764], [77.6983094, 12.9217774], [77.6982611, 12.9218297], [77.6982307, 12.9225884], [77.6981539, 12.9227139], [77.6980496, 12.9227922]]]}}, {"type": "Feature", "properties": {"id": "way/796365624", "name": "Kumbalagodu Lake", "kind": "lake", "source": "OpenStreetMap"}, "geometry": {"type": "Polygon", "coordinates": [[[77.4382362, 12.8781827], [77.4386063, 12.8786403], [77.4391025, 12.8792443], [77.4393788, 12.8796679], [77.4396175, 12.8796966], [77.4404168, 12.8793776], [77.4406984, 12.8793933], [77.4409693, 12.8791161], [77.4412993, 12.8790795], [77.4414736, 12.8788887], [77.4419054, 12.8788181], [77.4422327, 12.8789593], [77.4422568, 12.8789043], [77.4420986, 12.8786952], [77.4420047, 12.878554], [77.4415299, 12.8784023], [77.4411625, 12.8783892], [77.4410391, 12.8784206], [77.4406099, 12.8782245], [77.4401636, 12.878015], [77.4395853, 12.8777983], [77.439242, 12.8777382], [77.4390874, 12.8776402], [77.4389389, 12.8775983], [77.438723, 12.8776218], [77.4382992, 12.8778885], [77.438153, 12.8779761], [77.4376032, 12.8781513], [77.4374905, 12.8782141], [77.4375629, 12.8782376], [77.4377856, 12.8782376], [77.4382362, 12.8781827]]]}}, {"type": "Feature", "properties": {"id": "way/856456080", "name": "Rainwater pit", "kind": "lake", "source": "OpenStreetMap"}, "geometry": {"type": "Polygon", "coordinates": [[[77.5584444, 13.1944977], [77.5586545, 13.1945116], [77.5586697, 13.1943967], [77.5584587, 13.194375], [77.5584444, 13.1944977]]]}}, {"type": "Feature", "properties": {"id": "way/866148184", "name": "Pattandur Agrahara Lake", "kind": "lake", "source": "OpenStreetMap"}, "geometry": {"type": "Polygon", "coordinates": [[[77.7467576, 12.9752104], [77.7467492, 12.9757066], [77.7467117, 12.975819], [77.7462423, 12.975981], [77.7459231, 12.9760359], [77.7459177, 12.9764018], [77.7459365, 12.9766553], [77.7461296, 12.9769455], [77.74654, 12.9769219], [77.7467331, 12.9769115], [77.7470764, 12.9768226], [77.7473527, 12.9768671], [77.7474359, 12.9770605], [77.7473447, 12.9773297], [77.746717, 12.9775492], [77.7459955, 12.9776433], [77.7452606, 12.977578], [77.7451238, 12.9775048], [77.7449656, 12.9773088], [77.7447644, 12.97682], [77.7446759, 12.9765769], [77.7445123, 12.9762424], [77.7444479, 12.9759862], [77.7444318, 12.9758634], [77.7449897, 12.9758059], [77.7456522, 12.9756465], [77.7460894, 12.9754949], [77.7463308, 12.975267], [77.7463758, 12.9752125], [77.7464143, 12.9751498], [77.746468, 12.9750642], [77.7464981, 12.9749889], [77.746533, 12.9749199], [77.7465904, 12.9748802], [77.746623, 12.9748802], [77.7466784, 12.9749302], [77.746732, 12.9750139], [77.7467576, 12.9752104]]]}}, {"type": "Feature", "properties": {"id": "way/870802287", "name": "Konadasapura lake", "kind": "lake", "source": "OpenStreetMap"}, "geometry": {"type": "Polygon", "coordinates": [[[77.7556104, 13.0465105], [77.7552182, 13.047202], [77.7550874, 13.0471384], [77.754994, 13.0473567], [77.7552368, 13.0478936], [77.7553676, 13.0479391], [77.7552555, 13.0480755], [77.755461, 13.0484031], [77.7556104, 13.0483303], [77.7556011, 13.0482211], [77.7557225, 13.0482393], [77.7557879, 13.0481665], [77.7560214, 13.0482939], [77.7561708, 13.0481483], [77.7564604, 13.0481847], [77.7565164, 13.0483667], [77.7566192, 13.0483758], [77.7558439, 13.0473203], [77.7556852, 13.0465014], [77.7556104, 13.0465105]]]}}, {"type": "Feature", "properties": {"id": "way/904374443", "name": "Palanahalli Lake", "kind": "lake", "source": "OpenStreetMap"}, "geometry": {"type": "Polygon", "coordinates": [[[77.6159929, 13.1175857], [77.61619, 13.1176014], [77.6164153, 13.1175413], [77.6170979, 13.1170554], [77.6174372, 13.1167576], [77.6182553, 13.1158146], [77.6189071, 13.115381], [77.619119, 13.1152739], [77.6191834, 13.1152281], [77.6192102, 13.1151811], [77.6191244, 13.1151641], [77.6187408, 13.1151589], [77.6179911, 13.115108], [77.6172039, 13.114946], [77.6167399, 13.1149082], [77.6157582, 13.1146234], [77.6157072, 13.1145999], [77.6155248, 13.1143909], [77.6154149, 13.1143805], [77.6153827, 13.1144249], [77.6153719, 13.114532], [77.6154739, 13.1148533], [77.6155463, 13.1158982], [77.6156241, 13.1162639], [77.6156697, 13.1163632], [77.6156643, 13.1164154], [77.6155946, 13.1165643], [77.6155946, 13.1166192], [77.6156992, 13.1174054], [77.6158655, 13.1175439], [77.6159929, 13.1175857]]]}}, {"type": "Feature", "properties": {"id": "way/987608929", "name": "Kachanayakanahalli lake", "kind": "lake", "source": "OpenStreetMap"}, "geometry": {"type": "Polygon", "coordinates": [[[77.6778252, 12.8030454], [77.678479, 12.8029453], [77.6785111, 12.8029061], [77.6784897, 12.8028276], [77.6780793, 12.8023503], [77.6776743, 12.8017592], [77.6775093, 12.8013119], [77.6773068, 12.8006345], [77.6773109, 12.800522], [77.6774855, 12.8002227], [77.6775536, 12.8001061], [77.6775925, 12.7998956], [77.6774141, 12.7999858], [77.6770936, 12.8002055], [77.6767261, 12.8007051], [77.675963, 12.80141], [77.6753998, 12.801886], [77.6748285, 12.8022901], [77.6747896, 12.802396], [77.6747815, 12.8025111], [77.6747641, 12.8026275], [77.6747574, 12.8027858], [77.6747279, 12.803012], [77.6746622, 12.803216], [77.6746635, 12.8033429], [77.6748969, 12.803573], [77.675031, 12.8035809], [77.6755929, 12.8035377], [77.6758665, 12.8038084], [77.6759711, 12.803845], [77.6761267, 12.8038424], [77.6764351, 12.8037457], [77.6768348, 12.8035338], [77.6770601, 12.8033063], [77.6771942, 12.8032461], [77.6773176, 12.8031415], [77.6775241, 12.8031546], [77.6778252, 12.8030454]]]}}, {"type": "Feature", "properties": {"id": "way/994901676", "name": "Subedharana Lake", "kind": "lake", "source": "OpenStreetMap"}, "geometry": {"type": "Polygon", "coordinates": [[[77.6157869, 12.8607457], [77.615847, 12.8606077], [77.6159851, 12.860587], [77.6160948, 12.8606042], [77.616201, 12.8606284], [77.6163355, 12.8606422], [77.6164806, 12.8606249], [77.6166929, 12.8605214], [77.6167885, 12.8604145], [77.6169088, 12.8603558], [77.6169796, 12.8602695], [77.6171849, 12.8601798], [77.6177228, 12.860166], [77.6178892, 12.8601074], [77.6179918, 12.8601281], [77.618052, 12.8601902], [77.6181369, 12.8602281], [77.6182183, 12.860235], [77.6182643, 12.8601902], [77.6181015, 12.8601143], [77.618013, 12.8600384], [77.6179387, 12.859959], [77.6178467, 12.859921], [77.6177582, 12.8598348], [77.6176591, 12.8597278], [77.6175954, 12.8596519], [77.6174963, 12.8594966], [77.6174255, 12.8593379], [77.6174255, 12.8591447], [77.6174078, 12.8589273], [77.6173866, 12.8588238], [77.6172556, 12.8587237], [77.6172061, 12.85881], [77.6171353, 12.8588825], [77.6170008, 12.8589584], [77.6168451, 12.8590446], [77.6166398, 12.8591413], [77.6164876, 12.8592413], [77.6162753, 12.859369], [77.6160665, 12.8594863], [77.6155816, 12.8596726], [77.6153622, 12.8597968], [77.6152525, 12.8599935], [77.6152454, 12.8601557], [77.6152985, 12.8603731], [77.615302, 12.8605732], [77.6153622, 12.8606974], [77.6154754, 12.8608044], [77.615663, 12.8608596], [77.615755, 12.8608216], [77.6157869, 12.8607457]]]}}, {"type": "Feature", "properties": {"id": "way/1025444560", "name": "quarry water", "kind": "lake", "source": "OpenStreetMap"}, "geometry": {"type": "Polygon", "coordinates": [[[77.6243564, 13.1614251], [77.6248342, 13.1616243], [77.6254225, 13.1616249], [77.6256701, 13.1615965], [77.625808, 13.1614302], [77.6257903, 13.16118], [77.6256208, 13.1610858], [77.6254255, 13.161046], [77.6253266, 13.160983], [77.6253181, 13.1608798], [77.6253093, 13.1607735], [77.6253214, 13.1607511], [77.6253658, 13.1606687], [77.6254309, 13.160568], [77.6252608, 13.1605087], [77.6249977, 13.1604403], [77.624846, 13.1604477], [77.6247762, 13.1604512], [77.6247205, 13.1604539], [77.6244923, 13.160289], [77.6242569, 13.1601752], [77.6241903, 13.160143], [77.6239468, 13.1600097], [77.6237143, 13.1598652], [77.6236658, 13.1598351], [77.6236434, 13.1596649], [77.6236188, 13.1594776], [77.6234047, 13.1590886], [77.6229705, 13.1588114], [77.6228933, 13.1587621], [77.6228764, 13.1587513], [77.6228351, 13.1587249], [77.6227618, 13.1586781], [77.6223535, 13.1585202], [77.6222385, 13.1588753], [77.6224573, 13.1590634], [77.6226462, 13.1591261], [77.622659, 13.1593225], [77.6225603, 13.1594938], [77.622526, 13.1597487], [77.6225046, 13.1599577], [77.6226161, 13.1602209], [77.6228608, 13.1604842], [77.623247, 13.1607809], [77.6237233, 13.1609146], [77.6241654, 13.1612531], [77.6243564, 13.1614251]]]}}, {"type": "Feature", "properties": {"id": "way/1025447744", "name": "quarry catchment", "kind": "lake", "source": "OpenStreetMap"}, "geometry": {"type": "Polygon", "coordinates": [[[77.6212506, 13.1601794], [77.6213107, 13.1603466], [77.6214137, 13.1605722], [77.621594, 13.1608146], [77.6217313, 13.1608648], [77.6218429, 13.1607143], [77.6217313, 13.1605639], [77.6216884, 13.1604134], [77.6217785, 13.1602714], [77.6215575, 13.1601168], [77.6212506, 13.1601794]]]}}, {"type": "Feature", "properties": {"id": "way/1025447749", "name": "quarry catchment", "kind": "lake", "source": "OpenStreetMap"}, "geometry": {"type": "Polygon", "coordinates": [[[77.6244622, 13.1639763], [77.62439, 13.1641169], [77.6244766, 13.1641731], [77.6244189, 13.1643207], [77.6243612, 13.1644964], [77.6244045, 13.1645737], [77.6245777, 13.164651], [77.6248447, 13.1647494], [77.6250829, 13.1647775], [77.6252417, 13.1647564], [77.6254221, 13.1645456], [77.6256538, 13.1643118], [77.6257686, 13.1640396], [77.625718, 13.1637725], [77.6255953, 13.1635968], [77.6253211, 13.1634703], [77.6250612, 13.1633157], [77.6249674, 13.1632806], [77.6248086, 13.1632384], [77.6246065, 13.1634281], [77.6244478, 13.1635195], [77.6243539, 13.1635828], [77.6243034, 13.163632], [77.62439, 13.1638639], [77.6244622, 13.1639763]]]}}, {"type": "Feature", "properties": {"id": "way/1025447750", "name": "quarry catchment", "kind": "lake", "source": "OpenStreetMap"}, "geometry": {"type": "Polygon", "coordinates": [[[77.6235456, 13.1655505], [77.6234445, 13.1656278], [77.6234951, 13.1657684], [77.6237188, 13.1660425], [77.6241952, 13.166169], [77.6244838, 13.1659581], [77.6246787, 13.1657192], [77.6247581, 13.1654311], [77.6246282, 13.1653046], [77.6243539, 13.165171], [77.6241735, 13.1651008], [77.6241518, 13.1649462], [77.6241807, 13.1647986], [77.6240941, 13.1647494], [77.6239137, 13.1647423], [77.6237838, 13.1648337], [77.6236538, 13.164918], [77.6235384, 13.1650235], [77.6235384, 13.165164], [77.623625, 13.1652835], [77.6236611, 13.165403], [77.6235456, 13.1655505]]]}}, {"type": "Feature", "properties": {"id": "way/1039322029", "name": "Medi Agrahara Lake", "kind": "lake", "source": "OpenStreetMap"}, "geometry": {"type": "Polygon", "coordinates": [[[77.5197033, 13.1026989], [77.5195944, 13.1026971], [77.5194856, 13.1027008], [77.5193563, 13.1027123], [77.519228, 13.1027314], [77.519101, 13.1027581], [77.518976, 13.1027922], [77.5188929, 13.1028261], [77.518813, 13.1028665], [77.5187368, 13.1029134], [77.518665, 13.1029662], [77.5185978, 13.1030247], [77.518534, 13.1030907], [77.5184762, 13.1031619], [77.5184249, 13.1032376], [77.5183806, 13.1033173], [77.5186837, 13.1032572], [77.5192926, 13.1030733], [77.5194186, 13.1030352], [77.5196198, 13.1033304], [77.5200402, 13.1037449], [77.5209233, 13.1035133], [77.5210896, 13.1040592], [77.5218114, 13.103923], [77.5218406, 13.1039156], [77.5218445, 13.1038766], [77.5218889, 13.1033043], [77.5223261, 13.1030117], [77.5222886, 13.1026277], [77.5228009, 13.1024552], [77.5226533, 13.1019974], [77.5226322, 13.1019318], [77.5225984, 13.101827], [77.5217575, 13.102032], [77.5216539, 13.1020502], [77.5215494, 13.1020628], [77.5214443, 13.1020698], [77.5213391, 13.1020712], [77.5212158, 13.1020658], [77.5210931, 13.1020527], [77.5209716, 13.102032], [77.5208545, 13.1021382], [77.5205527, 13.1021587], [77.5203561, 13.1022134], [77.5200402, 13.1024801], [77.5198648, 13.10261], [77.5197033, 13.1026989]]]}}, {"type": "Feature", "properties": {"id": "way/1054489002", "name": "Nagarbhavi Thorai", "kind": "lake", "source": "OpenStreetMap"}, "geometry": {"type": "Polygon", "coordinates": [[[77.5116999, 12.9568622], [77.5117019, 12.9565316], [77.5116563, 12.9558023], [77.5116616, 12.9554259], [77.5117535, 12.9552607], [77.5119191, 12.9549632], [77.5120372, 12.9546861], [77.512005, 12.9545398], [77.5117367, 12.9542261], [77.5112808, 12.9538784], [77.5111198, 12.9535726], [77.5110608, 12.9529191], [77.5111869, 12.9523414], [77.511313, 12.9519101], [77.5113063, 12.9514566], [77.51114, 12.9511586], [77.510983, 12.9508567], [77.5109294, 12.9505221], [77.5110286, 12.9498947], [77.5114498, 12.9495968], [77.5115041, 12.9494347], [77.5118682, 12.9491328], [77.5125749, 12.9486675], [77.5128096, 12.9484113], [77.5128163, 12.947865], [77.5128995, 12.9477761], [77.5137752, 12.9473278], [77.5148186, 12.9468102], [77.5152424, 12.9464207], [77.5157976, 12.9457698], [77.5161597, 12.9452104], [77.5167203, 12.9447974], [77.5170314, 12.944502], [77.5170341, 12.9442903], [77.516951, 12.9441648], [77.5166881, 12.9441727], [77.5164065, 12.9442537], [77.5160497, 12.9440995], [77.5159612, 12.9439478], [77.5158191, 12.9433806], [77.5157306, 12.942565], [77.5155616, 12.9423062], [77.5153014, 12.9421703], [77.5147381, 12.9420919], [77.5146067, 12.9419193], [77.5145933, 12.9414279], [77.5145584, 12.9411508], [77.5144297, 12.9407953], [77.5144619, 12.9404973], [77.5145638, 12.9402385], [77.5145826, 12.9399169], [77.5143841, 12.9396059], [77.5138959, 12.9390621], [77.5135928, 12.93867], [77.5134809, 12.9384929], [77.5131074, 12.938274], [77.5130108, 12.9381916], [77.512878, 12.9379054], [77.5128418, 12.9377172], [77.5128861, 12.9373447], [77.5130939, 12.9370048], [77.5131932, 12.9367696], [77.5134507, 12.9364114], [77.5136948, 12.9358781], [77.5138074, 12.9356272], [77.5138959, 12.9353344], [77.5139792, 12.9354262], [77.5140739, 12.9354944], [77.5139388, 12.9356873], [77.5136733, 12.9362049], [77.5133729, 12.9367277], [77.513169, 12.937065], [77.5130095, 12.9372244], [77.5128901, 12.9374858], [77.5129089, 12.9378466], [77.5130886, 12.9381367], [77.5134802, 12.938338], [77.5137015, 12.9386177], [77.5138233, 12.9387855], [77.5140126, 12.9390464], [77.5144887, 12.9395431], [77.5147301, 12.9397758], [77.5147811, 12.9399065], [77.5146845, 12.9402633], [77.5145531, 12.9405156], [77.5145692, 12.940794], [77.5147448, 12.941143], [77.514765, 12.9414227], [77.5147609, 12.9418736], [77.5149313, 12.9419782], [77.5152048, 12.9419991], [77.5153939, 12.9420553], [77.5156555, 12.9422108], [77.5159223, 12.9425493], [77.51598, 12.943395], [77.5161087, 12.9439505], [77.5162268, 12.9439988], [77.5165151, 12.9440276], [77.5167431, 12.944004], [77.5169872, 12.9441047], [77.5171374, 12.9443151], [77.5171166, 12.944521], [77.5169107, 12.9447634], [77.516499, 12.9451294], [77.5162522, 12.9453228], [77.5158472, 12.9459842], [77.5153403, 12.9465357], [77.5150332, 12.946886], [77.5147596, 12.9470494], [77.5139482, 12.9474167], [77.5132656, 12.9476951], [77.5130054, 12.9477879], [77.5129169, 12.9480323], [77.5129008, 12.9483825], [77.5128351, 12.9485812], [77.5125146, 12.9488544], [77.5118816, 12.9492504], [77.511612, 12.9494595], [77.5115222, 12.9496412], [77.5110836, 12.9500006], [77.511026, 12.950496], [77.5111158, 12.950841], [77.5113425, 12.9512749], [77.511435, 12.9515154], [77.5114256, 12.9519023], [77.5113183, 12.9523846], [77.5112312, 12.9528695], [77.5112848, 12.9535661], [77.511439, 12.9537334], [77.5119138, 12.9541594], [77.512233, 12.9545293], [77.5122316, 12.9548561], [77.5119978, 12.9553052], [77.5119098, 12.9554742], [77.5118494, 12.9558324], [77.5119728, 12.9564558], [77.5120157, 12.9567904], [77.5116999, 12.9568622]]]}}, {"type": "Feature", "properties": {"id": "way/1054822214", "name": "Vrishabhavati", "kind": "lake", "source": "OpenStreetMap"}, "geometry": {"type": "Polygon", "coordinates": [[[77.5282404, 12.9451111], [77.5282001, 12.9448039], [77.5282726, 12.9445556], [77.5283356, 12.9443413], [77.5283363, 12.9443019], [77.5283384, 12.944191], [77.5283386, 12.9441803], [77.5283436, 12.9439126], [77.5283557, 12.9436655], [77.5284496, 12.9431898], [77.5285099, 12.9429949], [77.5285676, 12.9428081], [77.5287648, 12.9424029], [77.5287929, 12.9422121], [77.5287513, 12.941854], [77.5286749, 12.9416749], [77.5284214, 12.9413939], [77.528294, 12.941258], [77.5278461, 12.9405966], [77.5276718, 12.9399588], [77.5275966, 12.9399248], [77.5274038, 12.9392546], [77.5271568, 12.9389759], [77.5271562, 12.9388674], [77.5271554, 12.9387262], [77.5271809, 12.9385602], [77.5271376, 12.9383639], [77.5270763, 12.9380649], [77.5270481, 12.9379751], [77.5269649, 12.9378271], [77.5268041, 12.9375538], [77.5265613, 12.9370231], [77.5264031, 12.9364166], [77.5260651, 12.9359932], [77.5252256, 12.9360141], [77.5250025, 12.9360144], [77.5247428, 12.9358311], [77.5247182, 12.9352864], [77.5246637, 12.9349619], [77.5245617, 12.9348207], [77.5239059, 12.9345083], [77.5232005, 12.9342077], [77.5226124, 12.9339772], [77.5222953, 12.9338692], [77.5219841, 12.933843], [77.5219288, 12.9338329], [77.5218379, 12.9337032], [77.5217481, 12.9333999], [77.521734, 12.933147], [77.521728, 12.9326157], [77.5217735, 12.9322575], [77.5217414, 12.9319909], [77.5216233, 12.9319047], [77.5209984, 12.9317818], [77.5208089, 12.9317468], [77.5206899, 12.9316217], [77.5205504, 12.9314288], [77.5203628, 12.93117], [77.5202179, 12.9309975], [77.5200935, 12.9309449], [77.5198156, 12.9309112], [77.5192429, 12.9313862], [77.5186783, 12.9318497], [77.5184227, 12.9320489], [77.5181241, 12.9322799], [77.5179246, 12.9323909], [77.5177473, 12.9326342], [77.5177304, 12.9327253], [77.5178361, 12.933047], [77.5180212, 12.9333973], [77.5181096, 12.9337973], [77.5181875, 12.9341031], [77.5181714, 12.9343384], [77.5179622, 12.9347018], [77.5176962, 12.9349747], [77.5172387, 12.9349635], [77.5170234, 12.9349344], [77.5166774, 12.9345005], [77.5165366, 12.9343659], [77.5162549, 12.93426], [77.5160712, 12.9343136], [77.5159129, 12.9345737], [77.5158419, 12.9350207], [77.5157735, 12.9354285], [77.5156541, 12.9355958], [77.515575, 12.935639], [77.5154148, 12.9356726], [77.5152384, 12.9356899], [77.5147207, 12.935635], [77.5140739, 12.9354944], [77.5139792, 12.9354262], [77.5138959, 12.9353344], [77.5137537, 12.9352324], [77.5139281, 12.934409], [77.5140301, 12.9337816], [77.51403, 12.9337554], [77.5140046, 12.93366], [77.5139388, 12.933626], [77.5136586, 12.9336091], [77.5131342, 12.9335489], [77.5124583, 12.9333398], [77.5123644, 12.9332849], [77.5119835, 12.9329346], [77.5111842, 12.9325268], [77.5110581, 12.9324928], [77.5107564, 12.9325399], [77.5100107, 12.9328287], [77.5095722, 12.9329686], [77.5093295, 12.9329777], [77.5090962, 12.9329082], [77.5090063, 12.932864], [77.5087219, 12.9324092], [77.5085691, 12.9322889], [77.5084081, 12.9322288], [77.5081855, 12.9320615], [77.5080138, 12.9318811], [77.5079173, 12.9318288], [77.5077859, 12.9317713], [77.5075042, 12.9315046], [77.5071421, 12.9311779], [77.5069385, 12.9309997], [77.5069203, 12.9302018], [77.5069294, 12.9296995], [77.5068597, 12.929333], [77.506853, 12.9292853], [77.5068404, 12.929195], [77.5067934, 12.9289532], [77.5065674, 12.9286878], [77.5062704, 12.9283388], [77.5060961, 12.9281245], [77.5058493, 12.9279807], [77.5051761, 12.9274814], [77.504535, 12.9270056], [77.5042266, 12.9267938], [77.5042225, 12.926586], [77.5043392, 12.9264671], [77.5047174, 12.9259756], [77.504983, 12.9256148], [77.5050218, 12.9254436], [77.5049079, 12.9251442], [77.5046423, 12.9248331], [77.5043446, 12.9245364], [77.5037974, 12.9239103], [77.5037384, 12.9237541], [77.5036955, 12.9234868], [77.503666, 12.9231339], [77.5036043, 12.9227417], [77.5034058, 12.9219967], [77.50321, 12.9214791], [77.5031188, 12.9212385], [77.5029148, 12.920909], [77.502687, 12.9207418], [77.5025555, 12.9206817], [77.5024645, 12.9207299], [77.502226, 12.9212825], [77.5007408, 12.9220095], [77.5005758, 12.9220659], [77.5003964, 12.9220117], [77.5002107, 12.9218825], [77.5000075, 12.9216998], [77.4994791, 12.9213196], [77.4992912, 12.9212467], [77.4990074, 12.9212294], [77.4989598, 12.9212306], [77.4987325, 12.9212004], [77.4975748, 12.9210467], [77.4974835, 12.9210346], [77.4965991, 12.9210138], [77.4955818, 12.9210398], [77.4946323, 12.9210032], [77.4939778, 12.9209771], [77.4935353, 12.920815], [77.4933314, 12.9206686], [77.4930364, 12.9203105], [77.4926501, 12.919866], [77.4925885, 12.9198346], [77.4920655, 12.9195], [77.491757, 12.9191759], [77.4915236, 12.9189301], [77.4913332, 12.9186268], [77.4912071, 12.9176674], [77.4909697, 12.9171354], [77.4908182, 12.916253], [77.4905688, 12.915589], [77.4903595, 12.9146635], [77.4904159, 12.9142766], [77.4904159, 12.9138374], [77.4902227, 12.9133354], [77.4898607, 12.912674], [77.4893832, 12.9124021], [77.4887583, 12.9122818], [77.4879777, 12.9122426], [77.48761, 12.9121601], [77.4874413, 12.9120099], [77.487338, 12.9119145], [77.4872723, 12.9117616], [77.4872696, 12.9116125], [77.4875486, 12.9110949], [77.4878383, 12.9103994], [77.4881279, 12.9097798], [77.488203, 12.9094556], [77.4881279, 12.9092831], [77.487798, 12.9091471], [77.4873742, 12.9091158], [77.4866822, 12.909053], [77.4856764, 12.9088517], [77.4849066, 12.9086687], [77.4845231, 12.9083916], [77.484397, 12.907968], [77.4843882, 12.9076552], [77.4843809, 12.9073955], [77.484397, 12.9070713], [77.4847269, 12.9068386], [77.4855182, 12.9066739], [77.4862182, 12.9065981], [77.486878, 12.9062085], [77.4869934, 12.9058451], [77.4867895, 12.9051732], [77.4865562, 12.9048882], [77.4860868, 12.9047261], [77.4851024, 12.9045222], [77.4846756, 12.9043877], [77.4842656, 12.9041562], [77.4837345, 12.9036228], [77.4834904, 12.9033901], [77.4831957, 12.9033849], [77.4829379, 12.9034398], [77.4828189, 12.9035435], [77.4827313, 12.9036673], [77.4827471, 12.9038129], [77.4828633, 12.9042119], [77.4829906, 12.9048209], [77.4829762, 12.9050853], [77.4828708, 12.9052516], [77.4826482, 12.9053954], [77.4821091, 12.9057039], [77.4816048, 12.905968], [77.4812877, 12.906064], [77.4807881, 12.906094], [77.4795108, 12.9060593], [77.4791419, 12.9060051], [77.4790224, 12.9059875], [77.4788595, 12.9058927], [77.4787458, 12.9058265], [77.478582, 12.9056386], [77.4785105, 12.9054625], [77.4784747, 12.9053745], [77.478482, 12.9051968], [77.478613, 12.9046096], [77.4787261, 12.9042483], [77.4788147, 12.9039653], [77.4789923, 12.9033012], [77.4791828, 12.9026136], [77.4794671, 12.9017875], [77.4797085, 12.901092], [77.479789, 12.9007443], [77.4796227, 12.9005299], [77.4793078, 12.900261], [77.4791908, 12.9001612], [77.4788019, 12.899905], [77.4787374, 12.8997782], [77.4786437, 12.8995939], [77.4786533, 12.899442], [77.4787, 12.8987023], [77.4787251, 12.8982971], [77.4787429, 12.8980095], [77.4788797, 12.8974238], [77.478877, 12.8971415], [77.4786732, 12.8970186], [77.4783459, 12.8968016], [77.4777344, 12.8966996], [77.4774687, 12.8966523], [77.4771899, 12.896561], [77.4767151, 12.8963911], [77.4764637, 12.8962495], [77.4763048, 12.8960799], [77.4762484, 12.8958603], [77.4764496, 12.8957008], [77.4766695, 12.896127], [77.4767628, 12.8961806], [77.4772999, 12.8964068], [77.4782628, 12.8965741], [77.478877, 12.8968852], [77.4790782, 12.8972251], [77.4790718, 12.8973377], [77.479066, 12.8974397], [77.4790565, 12.8976079], [77.4790272, 12.8984539], [77.4789977, 12.8989847], [77.4789531, 12.8993654], [77.4789606, 12.8995107], [77.4790755, 12.8996977], [77.4796414, 12.9001011], [77.4800599, 12.900556], [77.4801135, 12.9007913], [77.4797568, 12.9017195], [77.4793518, 12.9026711], [77.4791211, 12.9035078], [77.478937, 12.9043445], [77.478835, 12.904681], [77.4787163, 12.9052722], [77.4787401, 12.905437], [77.4788057, 12.905568], [77.4789319, 12.9056864], [77.4790889, 12.9057928], [77.4795047, 12.905848], [77.48039, 12.9058431], [77.4808268, 12.9058185], [77.4812883, 12.9058059], [77.4817684, 12.9056281], [77.4823076, 12.9052935], [77.4826362, 12.9050949], [77.4827126, 12.9049248], [77.4825785, 12.9041222], [77.4824953, 12.9035993], [77.4825877, 12.9033714], [77.4829975, 12.9031807], [77.483182, 12.9031365], [77.4835843, 12.9031339], [77.4838212, 12.9033047], [77.4840027, 12.9035235], [77.4842805, 12.9038182], [77.4846578, 12.9041089], [77.4854994, 12.9043862], [77.4865615, 12.904632], [77.4869531, 12.9050294], [77.4871972, 12.9056856], [77.4872321, 12.9061615], [77.4868211, 12.9065677], [77.4863255, 12.9068412], [77.4849415, 12.9069719], [77.484625, 12.9071419], [77.4846679, 12.9080648], [77.4849147, 12.9083524], [77.4860305, 12.9086321], [77.4870416, 12.9088203], [77.4878088, 12.9089014], [77.4884096, 12.9091079], [77.4885678, 12.9094635], [77.4884203, 12.9099053], [77.4876156, 12.911474], [77.487566, 12.9115877], [77.4875647, 12.9117432], [77.487648, 12.9118766], [77.4878141, 12.9119576], [77.488156, 12.9119679], [77.4884603, 12.9119259], [77.4885035, 12.9119263], [77.4887073, 12.9120413], [77.4894154, 12.912057], [77.4897802, 12.9122295], [77.4903998, 12.9128988], [77.4905929, 12.9136857], [77.4907431, 12.9143916], [77.4907565, 12.9149929], [77.4908692, 12.9155053], [77.4910945, 12.9163942], [77.4913573, 12.9173014], [77.4915184, 12.9175419], [77.4917302, 12.9184673], [77.4919636, 12.9188282], [77.4922693, 12.9190817], [77.49322, 12.9198707], [77.4936721, 12.9205614], [77.4938164, 12.9206762], [77.4940339, 12.9207473], [77.4943105, 12.9207758], [77.4964187, 12.9207078], [77.4971563, 12.9206608], [77.4984927, 12.9208625], [77.4986587, 12.9209113], [77.4997017, 12.9212176], [77.5004983, 12.9218712], [77.5009543, 12.9217509], [77.5016731, 12.9213614], [77.5019962, 12.9210573], [77.5022053, 12.9205478], [77.5023271, 12.9204672], [77.5024704, 12.9204167], [77.5026632, 12.9204251], [77.502856, 12.9205536], [77.5032288, 12.9209745], [77.5036993, 12.921906], [77.5039242, 12.9223984], [77.5039717, 12.923126], [77.5040435, 12.9233025], [77.5042025, 12.9236933], [77.5045538, 12.9241509], [77.504998, 12.9247605], [77.5050882, 12.9248863], [77.5052833, 12.9251587], [77.5053263, 12.925292], [77.505388, 12.9255351], [77.5053162, 12.9256723], [77.5051847, 12.9258739], [77.5051778, 12.9258845], [77.5050768, 12.9259468], [77.5050124, 12.9259991], [77.5045457, 12.9265899], [77.5045109, 12.9268383], [77.5046423, 12.9269742], [77.5047737, 12.9270527], [77.505742, 12.9277193], [77.50597, 12.9278343], [77.5064783, 12.9281559], [77.506537, 12.9282159], [77.5070429, 12.9288943], [77.507138, 12.9291074], [77.5071234, 12.9291951], [77.5071099, 12.9292486], [77.5071824, 12.9301165], [77.5071368, 12.9308485], [77.5073111, 12.931021], [77.5076088, 12.9312066], [77.5082472, 12.9315778], [77.5083974, 12.9317026], [77.5086663, 12.9319111], [77.508789, 12.9320538], [77.5088788, 12.932305], [77.5090691, 12.9326286], [77.509216, 12.9327763], [77.5093507, 12.9327878], [77.5095722, 12.9327595], [77.5101355, 12.9325895], [77.5103912, 12.9324712], [77.5109209, 12.9322998], [77.511274, 12.9322458], [77.5115021, 12.9323477], [77.5120325, 12.9327146], [77.5122853, 12.9329058], [77.5125709, 12.9330287], [77.5129182, 12.9331801], [77.5131288, 12.9332718], [77.5137091, 12.9333872], [77.5137994, 12.9334051], [77.5140482, 12.933476], [77.514173, 12.9335351], [77.5142705, 12.9337234], [77.5143949, 12.9344403], [77.514441, 12.9349591], [77.5143948, 12.9349972], [77.5144887, 12.9351958], [77.5145799, 12.935337], [77.5147505, 12.9354164], [77.5151056, 12.9355827], [77.5152395, 12.9355787], [77.5153658, 12.9355514], [77.5154831, 12.9354628], [77.5155964, 12.9353266], [77.5156984, 12.9351174], [77.515646, 12.9348351], [77.5156555, 12.9345488], [77.5157438, 12.9342715], [77.5159469, 12.9341815], [77.5160619, 12.9341268], [77.5161535, 12.9341062], [77.516259, 12.9341057], [77.5163942, 12.9341243], [77.5165996, 12.9341842], [77.5169885, 12.9346338], [77.5171128, 12.9347497], [77.5172726, 12.9348042], [77.5175209, 12.9348046], [77.5178817, 12.9345867], [77.517997, 12.9343358], [77.5179622, 12.9339489], [77.5178723, 12.9336061], [77.5178388, 12.9334783], [77.517525, 12.9329843], [77.517485, 12.9328571], [77.5174409, 12.9327084], [77.5174276, 12.932565], [77.5174432, 12.932383], [77.5175061, 12.932275], [77.5177032, 12.9321531], [77.518504, 12.9317661], [77.519145, 12.9311909], [77.5196949, 12.9307831], [77.5200006, 12.9306786], [77.5202133, 12.9306808], [77.520345, 12.9307423], [77.5204647, 12.9308877], [77.5209475, 12.9314576], [77.5210682, 12.9315193], [77.52128, 12.9315491], [77.521728, 12.9316406], [77.5218679, 12.931726], [77.5219935, 12.9318549], [77.5220599, 12.93219], [77.5220203, 12.9324327], [77.5219431, 12.9326743], [77.5219344, 12.9330487], [77.5219523, 12.9332556], [77.5220014, 12.9333345], [77.5222054, 12.9334496], [77.5228733, 12.9337633], [77.5239354, 12.9342731], [77.5244182, 12.9344639], [77.5248581, 12.9348089], [77.5249414, 12.9349577], [77.5250298, 12.9352612], [77.5251263, 12.9357474], [77.5259685, 12.9357788], [77.5260976, 12.9358012], [77.5262304, 12.9358905], [77.5263521, 12.9360664], [77.5265821, 12.9364043], [77.5267062, 12.9366781], [77.5270709, 12.9375616], [77.5274599, 12.9384844], [77.5276718, 12.9389863], [77.5278676, 12.9399379], [77.5281371, 12.9408123], [77.5283718, 12.9411233], [77.5287876, 12.9415037], [77.5289538, 12.9420553], [77.5289498, 12.9425232], [77.5286588, 12.9431767], [77.5285354, 12.943757], [77.5284335, 12.9445674], [77.5284496, 12.9450614], [77.5282404, 12.9451111]]]}}, {"type": "Feature", "properties": {"id": "way/1054822215", "name": "Nagarbhavi Thorai", "kind": "lake", "source": "OpenStreetMap"}, "geometry": {"type": "Polygon", "coordinates": [[[77.5277562, 12.9995007], [77.5277817, 12.9998614], [77.527767, 13.0003553], [77.5277723, 13.0008336], [77.5277925, 13.0009786], [77.527767, 13.0011498], [77.5278112, 13.0014242], [77.52794, 13.0015366], [77.5284214, 13.0017666], [77.5288989, 13.0020671], [77.5291376, 13.0024187], [77.5291497, 13.0025964], [77.529041, 13.0028381], [77.5289243, 13.0031269], [77.5289485, 13.0033425], [77.5289485, 13.003647], [77.529147, 13.0038691], [77.5295292, 13.0042637], [77.5295319, 13.0043644], [77.5296378, 13.0043461], [77.5296432, 13.0042467], [77.5295091, 13.0040625], [77.5293401, 13.0039162], [77.5291201, 13.0036287], [77.5290504, 13.0034157], [77.529041, 13.0033229], [77.5290531, 13.0031086], [77.5291564, 13.0029361], [77.5292556, 13.002714], [77.5292864, 13.0024879], [77.5292556, 13.0023572], [77.5290866, 13.0020959], [77.5288157, 13.0018724], [77.5284791, 13.0016712], [77.5281358, 13.0015392], [77.5279266, 13.0014229], [77.527881, 13.0012204], [77.5278957, 13.0009878], [77.5279266, 13.000699], [77.5279266, 13.0002717], [77.5279199, 12.9997516], [77.5279118, 12.9995883], [77.5278555, 12.9993857], [77.5277562, 12.9995007]]]}}, {"type": "Feature", "properties": {"id": "way/1054822222", "name": "Nagarbhavi Thorai", "kind": "lake", "source": "OpenStreetMap"}, "geometry": {"type": "Polygon", "coordinates": [[[77.5173211, 12.9691042], [77.5173452, 12.9693199], [77.5175719, 12.9696479], [77.5182331, 12.9707457], [77.5182612, 12.9709561], [77.5181499, 12.9713037], [77.517938, 12.9717376], [77.5178468, 12.9719781], [77.5178508, 12.9721767], [77.5179943, 12.9725204], [77.5180292, 12.9726995], [77.5179501, 12.9728367], [77.5176591, 12.9729373], [77.5173305, 12.9730968], [77.5172836, 12.9732863], [77.5172862, 12.9735725], [77.5174029, 12.9741109], [77.5176242, 12.974797], [77.5177023, 12.9749769], [77.5177127, 12.9750009], [77.5179152, 12.9752831], [77.5181472, 12.975487], [77.5184356, 12.9756138], [77.5185026, 12.9756824], [77.5185522, 12.9758928], [77.518445, 12.9762006], [77.5183859, 12.9766318], [77.5185442, 12.9772539], [77.5187266, 12.9780119], [77.5187963, 12.9782144], [77.5189036, 12.9786522], [77.5190954, 12.9789332], [77.5193515, 12.9793514], [77.5194199, 12.9796114], [77.5193582, 12.979882], [77.5190096, 12.9802217], [77.518854, 12.9804426], [77.5187199, 12.9808529], [77.5183927, 12.9816644], [77.5182371, 12.9821075], [77.5182631, 12.9823358], [77.5182733, 12.982425], [77.5184114, 12.9827152], [77.5184328, 12.9827584], [77.5185134, 12.982921], [77.5187105, 12.9833189], [77.5190511, 12.984022], [77.519251, 12.9845643], [77.5195071, 12.9850531], [77.519664, 12.985449], [77.5197338, 12.9859469], [77.5197753, 12.9862449], [77.5199604, 12.9865154], [77.5201924, 12.9868395], [77.5202675, 12.9870995], [77.5200248, 12.9875203], [77.5199698, 12.9878862], [77.5201602, 12.9883906], [77.5204432, 12.9891956], [77.5207181, 12.9901509], [77.5209009, 12.9904328], [77.5209477, 12.9904664], [77.5212983, 12.9911025], [77.52147, 12.9913869], [77.5215472, 12.9916545], [77.5217113, 12.9920171], [77.5218643, 12.9921896], [77.5220535, 12.99225], [77.5222412, 12.9922885], [77.5227697, 12.9928797], [77.522947, 12.9932388], [77.5229377, 12.9939366], [77.5231066, 12.994394], [77.5233588, 12.9948644], [77.5235479, 12.9954851], [77.5236846, 12.9957073], [77.523977, 12.995932], [77.5242881, 12.9962025], [77.5245242, 12.9966102], [77.5247294, 12.9970767], [77.5248085, 12.9974753], [77.5249547, 12.9978647], [77.5251089, 12.9979849], [77.5253302, 12.9979941], [77.5257272, 12.9978451], [77.5259404, 12.9979013], [77.5259994, 12.998079], [77.525939, 12.9984044], [77.5259356, 12.9984503], [77.5259162, 12.9987075], [77.526049, 12.9989049], [77.5262247, 12.9989663], [77.5266793, 12.9990708], [77.5271031, 12.9992028], [77.5275765, 12.9993609], [77.5277562, 12.9995007], [77.5278555, 12.9993857], [77.5276932, 12.9992394], [77.5272667, 12.9990813], [77.5271474, 12.9990407], [77.5263883, 12.9988787], [77.5261697, 12.9988029], [77.526108, 12.9987089], [77.526108, 12.9986631], [77.5261456, 12.9984227], [77.5261751, 12.9983521], [77.5260825, 12.9982881], [77.5260544, 12.9979941], [77.5259699, 12.9977863], [77.5258814, 12.9977667], [77.5255682, 12.9977961], [77.5253583, 12.9978706], [77.5252853, 12.9978843], [77.5251693, 12.9978654], [77.525062, 12.9977294], [77.5249104, 12.9973603], [77.524901, 12.9972649], [77.5248769, 12.9970414], [77.5248514, 12.9968742], [77.5247709, 12.9967278], [77.5246556, 12.9964482], [77.524382, 12.9961123], [77.5240628, 12.9958575], [77.5237986, 12.9956524], [77.5236283, 12.9953296], [77.5235532, 12.9949585], [77.5234178, 12.9947102], [77.5232542, 12.9943691], [77.5231764, 12.9941875], [77.5231415, 12.9939863], [77.5231495, 12.9936596], [77.5231348, 12.9934557], [77.523049, 12.993163], [77.522884, 12.9929003], [77.5226654, 12.9926246], [77.5224026, 12.9922613], [77.5222926, 12.992179], [77.5221866, 12.992128], [77.521956, 12.9921006], [77.5218728, 12.9920405], [77.5216824, 12.9916694], [77.5214678, 12.991229], [77.5212345, 12.9907716], [77.5209501, 12.9902332], [77.5208884, 12.9900829], [77.5208361, 12.9897654], [77.5207476, 12.9894883], [77.5204392, 12.9885017], [77.5201964, 12.987911], [77.5201897, 12.9877568], [77.5202206, 12.9876157], [77.5204928, 12.9870629], [77.5203024, 12.9867637], [77.5199135, 12.9861769], [77.5198491, 12.9857692], [77.5198236, 12.9855261], [77.519768, 12.9853183], [77.5194494, 12.9846296], [77.5193381, 12.9843696], [77.5191852, 12.9839749], [77.519086, 12.983741], [77.518854, 12.9832862], [77.5186421, 12.9828537], [77.5184557, 12.982459], [77.5184034, 12.9822917], [77.5184047, 12.9821885], [77.5184248, 12.9820644], [77.5186032, 12.9816017], [77.5187641, 12.9812999], [77.5188647, 12.9809157], [77.5189519, 12.980717], [77.5190753, 12.9803733], [77.5193851, 12.9800806], [77.5196171, 12.9797487], [77.5196439, 12.9795043], [77.5195219, 12.9792638], [77.5192952, 12.978924], [77.5192362, 12.9787162], [77.5190498, 12.9784679], [77.5189143, 12.9780223], [77.5188902, 12.9776721], [77.5187749, 12.9771284], [77.5186864, 12.9766867], [77.518685, 12.9765024], [77.5187159, 12.9761039], [77.518736, 12.9758255], [77.5186528, 12.9755171], [77.5184476, 12.9753341], [77.5180708, 12.9751015], [77.5179058, 12.9749055], [77.517761, 12.9744925], [77.5176175, 12.9740233], [77.5174901, 12.9734679], [77.5175169, 12.9733111], [77.5181164, 12.9729452], [77.5182062, 12.9726707], [77.5181177, 12.9723231], [77.5180507, 12.9721205], [77.518048, 12.9719153], [77.5182183, 12.9716579], [77.5184892, 12.9712959], [77.5185683, 12.9710959], [77.5186153, 12.9708777], [77.5185201, 12.9705653], [77.5182572, 12.970104], [77.5180238, 12.9698191], [77.5176457, 12.9693721], [77.5175786, 12.9692009], [77.5175799, 12.9690598], [77.5173211, 12.9691042]]]}}, {"type": "Feature", "properties": {"id": "way/1062555441", "name": "Chikkabelanduru Kere", "kind": "lake", "source": "OpenStreetMap"}, "geometry": {"type": "Polygon", "coordinates": [[[77.7134103, 12.9038509], [77.7135477, 12.9045618], [77.7134895, 12.9048249], [77.7133806, 12.9049503], [77.7132421, 12.9051143], [77.7131143, 12.9052163], [77.7125747, 12.9058318], [77.7121039, 12.9061509], [77.7118664, 12.906308], [77.7115257, 12.9064013], [77.7113074, 12.90653], [77.7112452, 12.906719], [77.7114097, 12.9070167], [77.7115308, 12.9071931], [77.7117009, 12.9073722], [77.7118107, 12.9075513], [77.7120028, 12.9076225], [77.7123647, 12.9076723], [77.7126539, 12.907681], [77.7130157, 12.9077433], [77.7134292, 12.9078322], [77.7138608, 12.9078327], [77.7137467, 12.9073517], [77.713717, 12.9072263], [77.7140237, 12.9057508], [77.7140138, 12.9055], [77.7139347, 12.9052011], [77.713816, 12.9043909], [77.7140336, 12.9036194], [77.7145596, 12.9027274], [77.714681, 12.902513], [77.7146583, 12.9024094], [77.7134824, 12.9012336], [77.7131106, 12.9008491], [77.7129741, 12.9008269], [77.7125416, 12.90096], [77.7124127, 12.9011005], [77.7124051, 12.9013298], [77.7127085, 12.9019509], [77.713012, 12.9025203], [77.7134103, 12.9038509]]]}}, {"type": "Feature", "properties": {"id": "way/1066603079", "name": "Shingena Agrahara Lake", "kind": "lake", "source": "OpenStreetMap"}, "geometry": {"type": "Polygon", "coordinates": [[[77.7178126, 12.8508188], [77.7177572, 12.8512076], [77.7154398, 12.851082], [77.7153325, 12.8506636], [77.7148819, 12.8471909], [77.7144742, 12.8469398], [77.7144313, 12.8462494], [77.7151179, 12.8460612], [77.7153793, 12.8456658], [77.7156149, 12.8451073], [77.7159811, 12.8437397], [77.7159549, 12.8429999], [77.7158764, 12.8423111], [77.7159811, 12.841954], [77.7159941, 12.8409591], [77.7158502, 12.8406019], [77.7161119, 12.840755], [77.7164389, 12.8410101], [77.7167137, 12.8411121], [77.716923, 12.8411632], [77.7170407, 12.8413035], [77.7172239, 12.8413928], [77.7175248, 12.8412397], [77.7178257, 12.8412397], [77.7191863, 12.8413417], [77.7195526, 12.8412907], [77.7197358, 12.8412269], [77.7200759, 12.8410994], [77.7207169, 12.8407295], [77.7211748, 12.8409846], [77.720887, 12.8413162], [77.7205861, 12.841482], [77.7201806, 12.8420433], [77.7200105, 12.8425407], [77.7199189, 12.8430765], [77.7196442, 12.8440459], [77.7197619, 12.8441351], [77.719775, 12.8447601], [77.720089, 12.8456785], [77.7196311, 12.8473112], [77.7178126, 12.8508188]]]}}, {"type": "Feature", "properties": {"id": "way/1069600852", "name": "Halanayakanahalli Lake", "kind": "lake", "source": "OpenStreetMap"}, "geometry": {"type": "Polygon", "coordinates": [[[77.6933509, 12.9005575], [77.6933833, 12.9013247], [77.6933365, 12.9014511], [77.6934041, 12.9016182], [77.693544, 12.9025759], [77.6934207, 12.9025288], [77.6932759, 12.9025079], [77.6931638, 12.9024557], [77.6930432, 12.9021063], [77.6929145, 12.9017967], [77.6927447, 12.9016503], [77.6925599, 12.9015825], [77.6924444, 12.9015301], [77.6922566, 12.9013889], [77.6918972, 12.9013262], [77.6914787, 12.9012947], [77.6911139, 12.9012895], [77.6908511, 12.9013444], [77.6907438, 12.9013418], [77.6905802, 12.9013313], [77.6903039, 12.9012974], [77.6901028, 12.9012634], [77.6899967, 12.9012488], [77.6898928, 12.9012299], [77.6898114, 12.90123], [77.6897102, 12.9012458], [77.6895469, 12.9013057], [77.6894611, 12.9013213], [77.6891237, 12.9014464], [77.6885739, 12.9016713], [77.6885412, 12.9016631], [77.6885122, 12.901647], [77.6885042, 12.901619], [77.6885024, 12.9015914], [77.6885137, 12.9015469], [77.6885498, 12.9015013], [77.6886753, 12.9014299], [77.6887573, 12.9013623], [77.6888005, 12.9012923], [77.6889309, 12.9012128], [77.6891345, 12.9010543], [77.6892852, 12.9008733], [77.6897818, 12.900271], [77.6902431, 12.899539], [77.6905543, 12.8982526], [77.690506, 12.8976931], [77.6904362, 12.8973323], [77.6904362, 12.8964381], [77.6904309, 12.8959048], [77.690329, 12.8956067], [77.6904041, 12.8954132], [77.6906615, 12.8955649], [77.690919, 12.8957008], [77.6910853, 12.8958786], [77.6912463, 12.8962447], [77.6916164, 12.8964277], [77.692346, 12.8964068], [77.6930487, 12.8961035], [77.6938856, 12.895795], [77.6942182, 12.8957845], [77.6943576, 12.8962394], [77.6945507, 12.8969611], [77.6946527, 12.8972748], [77.6945293, 12.8974735], [77.694084, 12.897782], [77.6938266, 12.8982056], [77.6937139, 12.8987703], [77.6936388, 12.8990893], [77.6934242, 12.8993507], [77.6933706, 12.8998789], [77.6933509, 12.9005575]]]}}, {"type": "Feature", "properties": {"id": "way/1075569433", "name": "Channenahalli Lake", "kind": "lake", "source": "OpenStreetMap"}, "geometry": {"type": "Polygon", "coordinates": [[[77.4274993, 12.9809366], [77.4276066, 12.9807876], [77.42762, 12.9806804], [77.427679, 12.9805524], [77.4277316, 12.9804896], [77.4285883, 12.9801603], [77.4288726, 12.9800401], [77.4290335, 12.9799826], [77.4290138, 12.9798929], [77.4290003, 12.9798022], [77.4289933, 12.9797108], [77.4289927, 12.9796163], [77.428999, 12.9795221], [77.4290121, 12.9794285], [77.4288431, 12.9793893], [77.4288263, 12.9793999], [77.4288071, 12.9794054], [77.4287871, 12.9794054], [77.428768, 12.9793997], [77.4287485, 12.9793865], [77.4287348, 12.9793676], [77.4287285, 12.9793453], [77.4287303, 12.9793223], [77.4286714, 12.9792507], [77.4283066, 12.9791828], [77.4281311, 12.9791684], [77.4277353, 12.9790547], [77.4276061, 12.9788609], [77.4273357, 12.9786653], [77.4274456, 12.9790809], [77.4275851, 12.9797526], [77.4275771, 12.9800819], [77.4275422, 12.9804739], [77.4274585, 12.9808989], [77.4274993, 12.9809366]]]}}, {"type": "Feature", "properties": {"id": "way/1077021235", "name": "Hosahalli Lake", "kind": "lake", "source": "OpenStreetMap"}, "geometry": {"type": "Polygon", "coordinates": [[[77.7657849, 12.8457107], [77.7658868, 12.8458153], [77.7665627, 12.8461396], [77.7671045, 12.8464691], [77.7676141, 12.8464743], [77.7678555, 12.8463645], [77.7680004, 12.8461291], [77.7680272, 12.8458467], [77.7679682, 12.845716], [77.7676892, 12.8454126], [77.7675819, 12.8452086], [77.7675658, 12.8450779], [77.7676195, 12.8448791], [77.7669275, 12.8445026], [77.7665037, 12.8440998], [77.7663964, 12.8441887], [77.7663964, 12.8442567], [77.7666593, 12.8447431], [77.7666324, 12.8451302], [77.7665466, 12.84524], [77.7660692, 12.8454649], [77.7657849, 12.8457107]]]}}, {"type": "Feature", "properties": {"id": "way/1082360487", "name": "Subrayana Lake", "kind": "lake", "source": "OpenStreetMap"}, "geometry": {"type": "Polygon", "coordinates": [[[77.5850469, 12.8626376], [77.5847626, 12.8627984], [77.5846419, 12.8630337], [77.5845319, 12.8633606], [77.5843986, 12.8638425], [77.5844756, 12.8638483], [77.5848471, 12.8640758], [77.5851837, 12.864298], [77.5853151, 12.864519], [77.5853983, 12.8645857], [77.5855364, 12.864617], [77.5854599, 12.8643163], [77.5852159, 12.8638914], [77.5851046, 12.8635972], [77.5850697, 12.8633946], [77.5850603, 12.8631174], [77.5850469, 12.8626376]]]}}, {"type": "Feature", "properties": {"id": "way/1088209009", "name": "Gunjuru Palya Lake", "kind": "lake", "source": "OpenStreetMap"}, "geometry": {"type": "Polygon", "coordinates": [[[77.7221239, 12.9208307], [77.7227606, 12.9205737], [77.7228749, 12.9205275], [77.7239585, 12.9204124], [77.7240765, 12.9200673], [77.7240159, 12.9194913], [77.7237069, 12.9191984], [77.7234348, 12.9190325], [77.7225854, 12.9185632], [77.7222759, 12.9183571], [77.7216776, 12.9179116], [77.7213383, 12.917668], [77.7204188, 12.9172331], [77.72036, 12.9172215], [77.720153, 12.9172643], [77.7201392, 12.9171899], [77.7202312, 12.9171638], [77.7202361, 12.917142], [77.7202828, 12.9169118], [77.7200649, 12.9168527], [77.7196916, 12.9167815], [77.7196471, 12.9167722], [77.7196482, 12.9168111], [77.7197458, 12.9169484], [77.7197731, 12.9170293], [77.7197664, 12.917098], [77.7196705, 12.917222], [77.7197239, 12.9172425], [77.71997, 12.9172036], [77.7199893, 12.9172783], [77.7195937, 12.9173352], [77.7195113, 12.9173751], [77.7194562, 12.9174148], [77.7193949, 12.9175258], [77.7193151, 12.9178019], [77.7191412, 12.9185092], [77.7192131, 12.9187429], [77.7193232, 12.9188294], [77.7194402, 12.9191792], [77.7194738, 12.9192621], [77.7213728, 12.9205693], [77.7221239, 12.9208307]]]}}], "source": "OpenStreetMap Overpass", "city": "Bengaluru", "theme": "lakes"}