{"type": "FeatureCollection", "features": [{"type": "Feature", "properties": {"id": "way/15802464", "name": "Lalbagh Botanical Gardens", "kind": "park", "source": "OpenStreetMap"}, "geometry": {"type": "Polygon", "coordinates": [[[77.5802728, 12.9481591], [77.5803569, 12.9482124], [77.5803407, 12.9485219], [77.580459, 12.9487289], [77.5817813, 12.9493759], [77.5820348, 12.9495386], [77.5821462, 12.9497122], [77.5833306, 12.9523861], [77.5840921, 12.9538415], [77.584278, 12.9539339], [77.5850367, 12.9539746], [77.5851866, 12.9539268], [77.5852316, 12.9539039], [77.5853473, 12.9538696], [77.5854175, 12.953856], [77.5858024, 12.9537308], [77.5868953, 12.9527583], [77.5871153, 12.9526437], [77.5900878, 12.9516346], [77.5901822, 12.9515669], [77.5902937, 12.9512837], [77.5903317, 12.9512485], [77.5904356, 12.9512113], [77.5904871, 12.9511957], [77.5908723, 12.9513445], [77.5909981, 12.9512932], [77.5907255, 12.9502953], [77.5914955, 12.950018], [77.5915477, 12.9497469], [77.5932065, 12.9489694], [77.5924229, 12.9482711], [77.5919773, 12.948055], [77.5908213, 12.9474739], [77.5903907, 12.9469784], [77.58996, 12.9465968], [77.5898271, 12.9464877], [77.5896883, 12.9463955], [77.5880534, 12.946299], [77.5880204, 12.9463545], [77.5879707, 12.9463969], [77.5878878, 12.946405], [77.5878153, 12.9463827], [77.5877685, 12.9463498], [77.5877496, 12.9463288], [77.5877336, 12.9463049], [77.5877144, 12.9462642], [77.5877136, 12.9462151], [77.5862034, 12.9457658], [77.5858507, 12.9455342], [77.5855646, 12.9452955], [77.5851413, 12.9444459], [77.5850535, 12.9440507], [77.5848719, 12.9439061], [77.5844438, 12.943896], [77.5828886, 12.9438593], [77.5826719, 12.9438542], [77.5824992, 12.9438346], [77.5823779, 12.943813], [77.580298, 12.9438111], [77.5801829, 12.9439128], [77.5801887, 12.9458563], [77.580321, 12.9459149], [77.5803259, 12.9462608], [77.5802311, 12.9462624], [77.58023, 12.94672], [77.580154, 12.9467174], [77.5801473, 12.9472421], [77.5801308, 12.9479313], [77.5801776, 12.9480565], [77.5802728, 12.9481591]]]}}, {"type": "Feature", "properties": {"id": "way/15802611", "name": "MN Krishna Rao Park", "kind": "park", "source": "OpenStreetMap"}, "geometry": {"type": "Polygon", "coordinates": [[[77.5748108, 12.9426463], [77.5748119, 12.943607], [77.5766273, 12.943574], [77.576745, 12.9434866], [77.5767506, 12.940876], [77.5766197, 12.9406825], [77.5739832, 12.9407323], [77.5739423, 12.9407711], [77.5739268, 12.9408316], [77.5739672, 12.9419229], [77.5743972, 12.9419215], [77.5746996, 12.9424515], [77.5748108, 12.9426463]]]}}, {"type": "Feature", "properties": {"id": "way/22895320", "name": "Cubbon Park", "kind": "park", "source": "OpenStreetMap"}, "geometry": {"type": "Polygon", "coordinates": [[[77.5895262, 12.9735808], [77.5896844, 12.9741152], [77.5897005, 12.9741709], [77.5898949, 12.9747928], [77.5896903, 12.9748263], [77.5888663, 12.9749614], [77.5888729, 12.975125], [77.5889598, 12.9755358], [77.5894272, 12.97545], [77.5901445, 12.9754591], [77.5898469, 12.9762166], [77.5895387, 12.9765674], [77.5892266, 12.9767362], [77.5905625, 12.9775006], [77.5908431, 12.9775159], [77.5913246, 12.9771214], [77.5918709, 12.9766277], [77.5920017, 12.9765907], [77.5922324, 12.9765254], [77.5931317, 12.9774465], [77.5939522, 12.9783036], [77.5940196, 12.9784929], [77.5938855, 12.978616], [77.593849, 12.9786496], [77.5946133, 12.9793172], [77.5954005, 12.9799688], [77.5955998, 12.9801505], [77.5957371, 12.9802669], [77.5958305, 12.9803221], [77.5960533, 12.9803864], [77.5967997, 12.9803814], [77.5968955, 12.9803587], [77.5969425, 12.9803451], [77.5969531, 12.9803343], [77.596962, 12.9802899], [77.5969798, 12.9802482], [77.5970306, 12.9801246], [77.5984375, 12.9770537], [77.5984774, 12.9769788], [77.5985472, 12.9768925], [77.5986491, 12.9768193], [77.5987677, 12.9767684], [77.5989019, 12.9767416], [77.5988754, 12.9766341], [77.598871, 12.9766165], [77.5988687, 12.9766071], [77.5986816, 12.9766465], [77.5985608, 12.9767111], [77.5983641, 12.9768044], [77.5980706, 12.9769057], [77.5972426, 12.9769013], [77.5967093, 12.9767906], [77.5964944, 12.9767863], [77.5963176, 12.9768084], [77.5959387, 12.9768563], [77.5955643, 12.9768272], [77.5952075, 12.9766919], [77.5947475, 12.9761576], [77.5947682, 12.9760807], [77.5955877, 12.9753023], [77.5955056, 12.9752226], [77.5954424, 12.9751703], [77.5946096, 12.975939], [77.5944897, 12.9759123], [77.5937439, 12.9751581], [77.5938614, 12.9750955], [77.5937573, 12.9750117], [77.5934526, 12.9745998], [77.5934741, 12.974465], [77.5938536, 12.9749534], [77.593981, 12.9750324], [77.5948275, 12.9745855], [77.5945707, 12.9743361], [77.5952048, 12.9737139], [77.5941079, 12.972495], [77.5940382, 12.972483], [77.59397, 12.9724839], [77.5938752, 12.9724852], [77.5937991, 12.9724409], [77.5937212, 12.9723621], [77.593708, 12.9722564], [77.5936923, 12.9721401], [77.5936525, 12.9720479], [77.5919373, 12.9705559], [77.5918324, 12.9704647], [77.5916974, 12.9706724], [77.5917001, 12.9709129], [77.5915032, 12.9710169], [77.5912227, 12.9710975], [77.590929, 12.9709061], [77.5908344, 12.9706808], [77.5915356, 12.970212], [77.5890545, 12.9681252], [77.5888658, 12.9682028], [77.5888074, 12.9682253], [77.5887357, 12.9682552], [77.5885647, 12.9680193], [77.5884689, 12.9679621], [77.5884883, 12.9684154], [77.5885138, 12.9690085], [77.5885566, 12.9700053], [77.5888455, 12.9711965], [77.5880422, 12.9714409], [77.5879274, 12.9726474], [77.5881247, 12.9732752], [77.5880716, 12.9739178], [77.5884047, 12.9739496], [77.588789, 12.9737249], [77.5895262, 12.9735808]]]}}, {"type": "Feature", "properties": {"id": "way/23494412", "name": "Silver Jubilee Park", "kind": "park", "source": "OpenStreetMap"}, "geometry": {"type": "Polygon", "coordinates": [[[77.5791582, 12.9641798], [77.5790911, 12.9641589], [77.5790133, 12.9638374], [77.5790294, 12.9637694], [77.5791018, 12.9637302], [77.5793195, 12.9637349], [77.5796423, 12.9637349], [77.5802093, 12.9636956], [77.5814358, 12.9635713], [77.5816717, 12.9635776], [77.5819126, 12.9636719], [77.5820221, 12.9637973], [77.582069, 12.963899], [77.5791582, 12.9641798]]]}}, {"type": "Feature", "properties": {"id": "way/27789854", "name": "Wipro Park", "kind": "park", "source": "OpenStreetMap"}, "geometry": {"type": "Polygon", "coordinates": [[[77.6334944, 12.927022], [77.6337175, 12.9270387], [77.6334772, 12.9297073], [77.633254, 12.9296822], [77.6334944, 12.927022]]]}}, {"type": "Feature", "properties": {"id": "way/27791264", "name": "Putha Narasimhachar Park", "kind": "park", "source": "OpenStreetMap"}, "geometry": {"type": "Polygon", "coordinates": [[[77.5848635, 12.9199722], [77.5857546, 12.9199598], [77.5857366, 12.9187323], [77.5853491, 12.9187366], [77.5848455, 12.9187447], [77.5848527, 12.9192337], [77.5848635, 12.9199722]]]}}, {"type": "Feature", "properties": {"id": "way/27791556", "name": "Shalini Ground", "kind": "park", "source": "OpenStreetMap"}, "geometry": {"type": "Polygon", "coordinates": [[[77.5850942, 12.92156], [77.5852754, 12.9215575], [77.5854179, 12.9215555], [77.5854176, 12.9215347], [77.5857776, 12.9215297], [77.5857765, 12.9214516], [77.5857546, 12.9199598], [77.5848635, 12.9199722], [77.584869, 12.9203457], [77.5848752, 12.9207701], [77.5848825, 12.9212656], [77.5848843, 12.921389], [77.5850916, 12.9213862], [77.5850942, 12.92156]]]}}, {"type": "Feature", "properties": {"id": "way/28120266", "name": "Kuvempu Park", "kind": "park", "source": "OpenStreetMap"}, "geometry": {"type": "Polygon", "coordinates": [[[77.6082965, 12.9150505], [77.6088423, 12.9150989], [77.6095213, 12.9151485], [77.6095469, 12.9144308], [77.6088739, 12.9143989], [77.6083504, 12.9143599], [77.6082965, 12.9150505]]]}}, {"type": "Feature", "properties": {"id": "way/28186877", "name": "Lakshmi Devi Park", "kind": "park", "source": "OpenStreetMap"}, "geometry": {"type": "Polygon", "coordinates": [[[77.6195769, 12.9382838], [77.6193302, 12.9384141], [77.6190879, 12.9385567], [77.6195124, 12.9392099], [77.6199632, 12.9398816], [77.6203237, 12.9395721], [77.6199739, 12.9389687], [77.6195769, 12.9382838]]]}}, {"type": "Feature", "properties": {"id": "way/32258996", "name": "Sri SK Nataraj Park", "kind": "park", "source": "OpenStreetMap"}, "geometry": {"type": "Polygon", "coordinates": [[[77.5809874, 12.9084571], [77.5814871, 12.9084415], [77.5819142, 12.9084285], [77.5819348, 12.9074199], [77.5811258, 12.9074393], [77.5811862, 12.9079413], [77.5808963, 12.9080499], [77.5809874, 12.9084571]]]}}, {"type": "Feature", "properties": {"id": "way/32315160", "name": "Sidharth Park", "kind": "park", "source": "OpenStreetMap"}, "geometry": {"type": "Polygon", "coordinates": [[[77.6189631, 12.9340773], [77.6189612, 12.9342123], [77.6194233, 12.9342375], [77.6194056, 12.934114], [77.6189631, 12.9340773]]]}}, {"type": "Feature", "properties": {"id": "way/32316224", "name": "Chamundeshwari Park", "kind": "park", "source": "OpenStreetMap"}, "geometry": {"type": "Polygon", "coordinates": [[[77.6153861, 12.9408022], [77.6158925, 12.9416471], [77.6159201, 12.941432], [77.6159513, 12.9411665], [77.615738, 12.9405429], [77.6153861, 12.9408022]]]}}, {"type": "Feature", "properties": {"id": "way/32424606", "name": "Rainwater Harvesting Theme Park", "kind": "park", "source": "OpenStreetMap"}, "geometry": {"type": "Polygon", "coordinates": [[[77.582753, 12.9211043], [77.5827555, 12.9205427], [77.5827558, 12.9199595], [77.5822796, 12.9199609], [77.5822755, 12.9211022], [77.582753, 12.9211043]]]}}, {"type": "Feature", "properties": {"id": "way/32424881", "name": "Brindavana Park", "kind": "park", "source": "OpenStreetMap"}, "geometry": {"type": "Polygon", "coordinates": [[[77.5818686, 12.9248877], [77.5818672, 12.9253167], [77.5822703, 12.925318], [77.5827095, 12.9253193], [77.5827109, 12.9248903], [77.5827123, 12.9244585], [77.58187, 12.9244559], [77.5818686, 12.9248877]]]}}, {"type": "Feature", "properties": {"id": "way/32426890", "name": "Madhavan Park", "kind": "park", "source": "OpenStreetMap"}, "geometry": {"type": "Polygon", "coordinates": [[[77.5851422, 12.9365545], [77.585401, 12.9365652], [77.5854384, 12.9365668], [77.5859373, 12.9365876], [77.586148, 12.9365196], [77.5863849, 12.9363551], [77.5864077, 12.9360735], [77.5853257, 12.9360644], [77.5850233, 12.9361749], [77.585027, 12.9363806], [77.5851422, 12.9365545]]]}}, {"type": "Feature", "properties": {"id": "way/33725070", "name": "Richards Park", "kind": "park", "source": "OpenStreetMap"}, "geometry": {"type": "Polygon", "coordinates": [[[77.6164134, 13.0039575], [77.6165326, 13.00426], [77.6166564, 13.0045741], [77.6170756, 13.0044195], [77.6175323, 13.0042397], [77.6174051, 13.0039186], [77.6172879, 13.003623], [77.6168238, 13.0038006], [77.6164134, 13.0039575]]]}}, {"type": "Feature", "properties": {"id": "way/33834081", "name": "Manyata Park", "kind": "park", "source": "OpenStreetMap"}, "geometry": {"type": "Polygon", "coordinates": [[[77.6219113, 13.0555626], [77.6218966, 13.054834], [77.6205676, 13.0548289], [77.6205866, 13.0556647], [77.6219113, 13.0555626]]]}}, {"type": "Feature", "properties": {"id": "way/35312034", "name": "Dr. Ambedkar Park", "kind": "park", "source": "OpenStreetMap"}, "geometry": {"type": "Polygon", "coordinates": [[[77.6640053, 12.9591856], [77.6640271, 12.9595224], [77.6629091, 12.9595781], [77.6628695, 12.9592149], [77.6639817, 12.9589672], [77.6640053, 12.9591856]]]}}, {"type": "Feature", "properties": {"id": "way/36327876", "name": "Defence Colony Park", "kind": "park", "source": "OpenStreetMap"}, "geometry": {"type": "Polygon", "coordinates": [[[77.6438103, 12.976673], [77.6441685, 12.9766853], [77.6451615, 12.9767265], [77.6451947, 12.9760948], [77.6448787, 12.9760836], [77.6448918, 12.9758042], [77.6448189, 12.9758034], [77.6444108, 12.9757951], [77.6443994, 12.9760729], [77.6442166, 12.9760658], [77.6440495, 12.9760593], [77.6438842, 12.9760528], [77.6438374, 12.9760513], [77.6438255, 12.9763144], [77.6438181, 12.9764875], [77.6438103, 12.976673]]]}}, {"type": "Feature", "properties": {"id": "way/36884560", "name": "Freedom Park", "kind": "park", "source": "OpenStreetMap"}, "geometry": {"type": "Polygon", "coordinates": [[[77.5807662, 12.9771134], [77.5804248, 12.9765717], [77.5814877, 12.9758737], [77.5820087, 12.9760242], [77.5820519, 12.976202], [77.5824524, 12.976453], [77.58264, 12.9765706], [77.5828902, 12.9768273], [77.5830717, 12.9770135], [77.5830229, 12.9777647], [77.5833824, 12.9784249], [77.5825779, 12.9789397], [77.5824607, 12.9787638], [77.582218, 12.9789175], [77.5819604, 12.9785254], [77.5810176, 12.9770903], [77.5808759, 12.9771867], [77.5808145, 12.9770855], [77.5807662, 12.9771134]]]}}, {"type": "Feature", "properties": {"id": "way/36885197", "name": "Corporation Playgrounds", "kind": "park", "source": "OpenStreetMap"}, "geometry": {"type": "Polygon", "coordinates": [[[77.5691544, 13.0117319], [77.5692066, 13.0098046], [77.5698882, 13.0098085], [77.5704253, 13.0102735], [77.5692776, 13.0117808], [77.5691544, 13.0117319]]]}}, {"type": "Feature", "properties": {"id": "way/36897682", "name": "Silver Jubilee Park", "kind": "park", "source": "OpenStreetMap"}, "geometry": {"type": "Polygon", "coordinates": [[[77.5838802, 12.9638295], [77.58251, 12.9639275], [77.5823343, 12.9638734], [77.5822085, 12.9637454], [77.5820298, 12.9636114], [77.5818161, 12.9634939], [77.5822391, 12.9634672], [77.5826879, 12.9635176], [77.583886, 12.9636843], [77.5839159, 12.9637252], [77.5839102, 12.963795], [77.5838802, 12.9638295]]]}}, {"type": "Feature", "properties": {"id": "way/36958500", "name": "Sajjan Rao Park", "kind": "park", "source": "OpenStreetMap"}, "geometry": {"type": "Polygon", "coordinates": [[[77.5767191, 12.9527389], [77.5766583, 12.9526977], [77.5765931, 12.9526245], [77.5765563, 12.9525159], [77.5765483, 12.9523695], [77.5765467, 12.9522324], [77.5765802, 12.9520752], [77.5766202, 12.9519767], [77.5766705, 12.951929], [77.5767558, 12.9519032], [77.5768619, 12.951908], [77.576949, 12.9519358], [77.5769718, 12.9519566], [77.5770287, 12.9520088], [77.5770526, 12.9520782], [77.5770529, 12.9522565], [77.5770534, 12.9525746], [77.577018, 12.9526251], [77.5769558, 12.9526789], [77.5768568, 12.9527352], [77.5767812, 12.9527468], [77.5767191, 12.9527389]]]}}, {"type": "Feature", "properties": {"id": "way/37107047", "name": "Jayaprakash Narayan Park", "kind": "park", "source": "OpenStreetMap"}, "geometry": {"type": "Polygon", "coordinates": [[[77.5522703, 13.0328464], [77.5523776, 13.0334291], [77.552686, 13.0336512], [77.5537237, 13.0339235], [77.5535086, 13.0351485], [77.5533163, 13.0362199], [77.5531071, 13.0367843], [77.5531071, 13.0370979], [77.5531946, 13.037942], [77.5529764, 13.0379265], [77.5523345, 13.0378052], [77.551689, 13.0377407], [77.5516461, 13.0378578], [77.5504143, 13.0375699], [77.5502384, 13.0375886], [77.5499552, 13.0368293], [77.5498093, 13.0367206], [77.5496522, 13.0363071], [77.5495263, 13.0361789], [77.5493801, 13.0360767], [77.5492716, 13.0358854], [77.5489806, 13.0355196], [77.5484401, 13.0350257], [77.5477186, 13.033936], [77.5477052, 13.0337662], [77.5478902, 13.033322], [77.5485957, 13.0319945], [77.5488102, 13.0317724], [77.5489819, 13.0317384], [77.5497651, 13.0318482], [77.5500736, 13.0319265], [77.5507522, 13.032133], [77.5511196, 13.0322465], [77.5517405, 13.0326734], [77.5522703, 13.0328464]]]}}, {"type": "Feature", "properties": {"id": "way/37238703", "name": "Naadaprabhu Kempegowda Park, Mallasandra", "kind": "park", "source": "OpenStreetMap"}, "geometry": {"type": "Polygon", "coordinates": [[[77.5126326, 13.0585803], [77.5127734, 13.058677], [77.5136248, 13.0584163], [77.5139424, 13.0581404], [77.5140198, 13.0579255], [77.5141387, 13.0575953], [77.5142071, 13.0573327], [77.5141132, 13.0566769], [77.51403, 13.0561726], [77.5142339, 13.0560445], [77.5145048, 13.0559635], [77.5142392, 13.0551248], [77.5140496, 13.0545436], [77.5140005, 13.0543932], [77.5136559, 13.0545291], [77.5135767, 13.0545408], [77.51357, 13.0544677], [77.5132773, 13.0545037], [77.5131355, 13.0541097], [77.5128472, 13.0541228], [77.5126192, 13.0542612], [77.5125696, 13.054337], [77.512583, 13.0544938], [77.5125562, 13.0545069], [77.5125763, 13.0546101], [77.5126326, 13.0546297], [77.5126487, 13.0547499], [77.5126272, 13.0547734], [77.5126554, 13.0548073], [77.5126715, 13.054874], [77.5127266, 13.0548675], [77.5127359, 13.0548936], [77.5128655, 13.0548629], [77.5130142, 13.0553916], [77.5127815, 13.0554344], [77.5128382, 13.0556639], [77.5125615, 13.0556918], [77.5126487, 13.0564926], [77.5125132, 13.0565096], [77.5124977, 13.0568473], [77.5125132, 13.0569793], [77.5125086, 13.0570061], [77.5124641, 13.0570099], [77.5124824, 13.0571811], [77.5123228, 13.0572033], [77.5123597, 13.0576351], [77.5124489, 13.0578317], [77.5126004, 13.0579709], [77.5123349, 13.0580982], [77.5125575, 13.0585058], [77.5126326, 13.0585803]]]}}, {"type": "Feature", "properties": {"id": "way/37763916", "name": "Webbs Ground", "kind": "park", "source": "OpenStreetMap"}, "geometry": {"type": "Polygon", "coordinates": [[[77.613471, 12.9728081], [77.6128028, 12.9729487], [77.6129242, 12.973521], [77.613592, 12.9733865], [77.613471, 12.9728081]]]}}, {"type": "Feature", "properties": {"id": "way/37786371", "name": "BBMP Park", "kind": "park", "source": "OpenStreetMap"}, "geometry": {"type": "Polygon", "coordinates": [[[77.63162, 12.9305284], [77.6320687, 12.9312916], [77.6323709, 12.9306222], [77.6318123, 12.9304883], [77.63162, 12.9305284]]]}}, {"type": "Feature", "properties": {"id": "way/37827777", "name": "Sri Siddarameshwara Grounds", "kind": "park", "source": "OpenStreetMap"}, "geometry": {"type": "Polygon", "coordinates": [[[77.6435995, 13.0254642], [77.6437555, 13.0261968], [77.6442184, 13.0260522], [77.6439857, 13.0253309], [77.6435995, 13.0254642]]]}}, {"type": "Feature", "properties": {"id": "way/38096679", "name": "Mariyappna Palya Park", "kind": "park", "source": "OpenStreetMap"}, "geometry": {"type": "Polygon", "coordinates": [[[77.5564113, 12.9960875], [77.556476, 12.996507], [77.5572304, 12.99643], [77.5573061, 12.9981325], [77.5564361, 12.9982914], [77.5564548, 12.9983882], [77.5562695, 12.9984305], [77.5562729, 12.9985014], [77.5559013, 12.9985385], [77.5558715, 12.99854], [77.5555065, 12.9985572], [77.555563, 12.9982265], [77.555731, 12.9972432], [77.5558461, 12.9965699], [77.5559183, 12.9961471], [77.5564113, 12.9960875]]]}}, {"type": "Feature", "properties": {"id": "way/38535519", "name": "Hallada Grounds", "kind": "park", "source": "OpenStreetMap"}, "geometry": {"type": "Polygon", "coordinates": [[[77.5672039, 12.9969469], [77.5669356, 12.996971], [77.5667388, 12.9969722], [77.5665417, 12.9969474], [77.5663905, 12.9968952], [77.5661726, 12.9975323], [77.5672173, 12.9975447], [77.5672143, 12.9973146], [77.5672115, 12.9971079], [77.5672039, 12.9969469]]]}}, {"type": "Feature", "properties": {"id": "way/38535532", "name": "Malleshwaram Grounds", "kind": "park", "source": "OpenStreetMap"}, "geometry": {"type": "Polygon", "coordinates": [[[77.5693181, 12.9969459], [77.569312, 12.9973226], [77.5693109, 12.9973876], [77.56931, 12.9974433], [77.5692963, 12.9982807], [77.5684641, 12.9982679], [77.5684858, 12.996933], [77.5693181, 12.9969459]]]}}, {"type": "Feature", "properties": {"id": "way/38536363", "name": "Bashyam Park", "kind": "park", "source": "OpenStreetMap"}, "geometry": {"type": "Polygon", "coordinates": [[[77.5720406, 12.9928996], [77.5715834, 12.9928785], [77.571684, 12.9913935], [77.5723429, 12.9914176], [77.5727809, 12.9921014], [77.5720734, 12.9920815], [77.5720406, 12.9928996]]]}}, {"type": "Feature", "properties": {"id": "way/38536364", "name": "Bashyam Ground", "kind": "park", "source": "OpenStreetMap"}, "geometry": {"type": "Polygon", "coordinates": [[[77.5720406, 12.9928996], [77.5727513, 12.9929285], [77.5727809, 12.9921014], [77.5720734, 12.9920815], [77.5720406, 12.9928996]]]}}, {"type": "Feature", "properties": {"id": "way/38752415", "name": "National College Grounds", "kind": "park", "source": "OpenStreetMap"}, "geometry": {"type": "Polygon", "coordinates": [[[77.5723518, 12.9492485], [77.5723207, 12.9513896], [77.5734216, 12.951417], [77.5734376, 12.9496471], [77.5736031, 12.9496451], [77.5736046, 12.9492546], [77.5723518, 12.9492485]]]}}, {"type": "Feature", "properties": {"id": "way/38772822", "name": "Traffic Park", "kind": "park", "source": "OpenStreetMap"}, "geometry": {"type": "Polygon", "coordinates": [[[77.6006493, 12.9737496], [77.6005752, 12.9731883], [77.600613, 12.9731837], [77.6010214, 12.9731895], [77.6011656, 12.9732328], [77.6012046, 12.9732866], [77.601226, 12.9733134], [77.6012371, 12.973365], [77.6012722, 12.9736926], [77.6006493, 12.9737496]]]}}, {"type": "Feature", "properties": {"id": "way/38858198", "name": "Ramana Maharshi Park", "kind": "park", "source": "OpenStreetMap"}, "geometry": {"type": "Polygon", "coordinates": [[[77.5820313, 13.0128125], [77.5836975, 13.0127505], [77.583681, 13.0123579], [77.5836596, 13.0119273], [77.5833359, 13.0119429], [77.5833271, 13.0116251], [77.5836454, 13.0116104], [77.5836409, 13.0113977], [77.5819753, 13.0114895], [77.5820313, 13.0128125]]]}}, {"type": "Feature", "properties": {"id": "way/38858233", "name": "Sadashivanagar Low Level Park", "kind": "park", "source": "OpenStreetMap"}, "geometry": {"type": "Polygon", "coordinates": [[[77.5755029, 13.0117088], [77.5759683, 13.0116882], [77.5759153, 13.0132112], [77.574954, 13.01284], [77.5750239, 13.0125072], [77.575285, 13.012011], [77.5754405, 13.0117311], [77.5755029, 13.0117088]]]}}, {"type": "Feature", "properties": {"id": "way/38870537", "name": "Kumara Park West Park", "kind": "park", "source": "OpenStreetMap"}, "geometry": {"type": "Polygon", "coordinates": [[[77.577612, 12.9917623], [77.5783243, 12.991526], [77.5786895, 12.9926972], [77.577612, 12.9917623]]]}}, {"type": "Feature", "properties": {"id": "way/38872968", "name": "MS Building Park", "kind": "park", "source": "OpenStreetMap"}, "geometry": {"type": "Polygon", "coordinates": [[[77.5873761, 12.9788059], [77.5870005, 12.9782846], [77.5873283, 12.9780603], [77.5877643, 12.9780881], [77.5874208, 12.9787663], [77.5873761, 12.9788059]]]}}, {"type": "Feature", "properties": {"id": "way/39022406", "name": "Jayamahal Park", "kind": "park", "source": "OpenStreetMap"}, "geometry": {"type": "Polygon", "coordinates": [[[77.5968956, 13.0007924], [77.596689, 13.0014694], [77.5971398, 13.0016664], [77.597438, 13.0015535], [77.597776, 13.0015016], [77.5979161, 13.0015915], [77.5983399, 13.0013701], [77.5985187, 13.001196], [77.5986414, 13.0008263], [77.5980895, 13.0007532], [77.5968956, 13.0007924]]]}}, {"type": "Feature", "properties": {"id": "way/39158802", "name": "St. Charles", "kind": "park", "source": "OpenStreetMap"}, "geometry": {"type": "Polygon", "coordinates": [[[77.6203287, 13.0056329], [77.6195327, 13.0059639], [77.6195045, 13.0059756], [77.6191044, 13.0061445], [77.6191553, 13.0063337], [77.6192418, 13.0063953], [77.6195972, 13.0067771], [77.6208056, 13.0062814], [77.6204374, 13.0057807], [77.6203287, 13.0056329]]]}}, {"type": "Feature", "properties": {"id": "way/40629065", "name": "Jayanti Garden", "kind": "park", "source": "OpenStreetMap"}, "geometry": {"type": "Polygon", "coordinates": [[[77.5729292, 12.9441806], [77.5729331, 12.9437774], [77.5735954, 12.9437836], [77.5735915, 12.9441868], [77.5729292, 12.9441806]]]}}, {"type": "Feature", "properties": {"id": "way/40629066", "name": "Madhava Rao Park", "kind": "park", "source": "OpenStreetMap"}, "geometry": {"type": "Polygon", "coordinates": [[[77.5774967, 12.9438672], [77.5775186, 12.9439243], [77.577529, 12.9439843], [77.5775274, 12.9440452], [77.5775139, 12.9441047], [77.5774891, 12.9441606], [77.5774538, 12.9442108], [77.5774093, 12.9442536], [77.5773572, 12.9442873], [77.5772995, 12.9443108], [77.5772383, 12.9443231], [77.5771728, 12.9443235], [77.5771086, 12.9443112], [77.5770481, 12.9442866], [77.5769939, 12.9442508], [77.5769481, 12.9442051], [77.5769126, 12.9441515], [77.5768888, 12.944092], [77.5768777, 12.9440291], [77.5768796, 12.9439653], [77.5768946, 12.9439031], [77.5769221, 12.9438452], [77.5769608, 12.9437937], [77.5770093, 12.9437508], [77.5770657, 12.9437182], [77.5771275, 12.9436972], [77.5771925, 12.9436887], [77.5772548, 12.9436925], [77.5773153, 12.9437079], [77.5773717, 12.9437341], [77.5774219, 12.9437704], [77.5774641, 12.9438153], [77.5774967, 12.9438672]]]}}, {"type": "Feature", "properties": {"id": "way/40631652", "name": "Vishnuvardhan Park", "kind": "park", "source": "OpenStreetMap"}, "geometry": {"type": "Polygon", "coordinates": [[[77.5952165, 12.9253501], [77.5942549, 12.9253749], [77.5942474, 12.9248401], [77.5952119, 12.9248305], [77.5952165, 12.9253501]]]}}, {"type": "Feature", "properties": {"id": "way/41206188", "name": "Allalasandra Lake", "kind": "park", "source": "OpenStreetMap"}, "geometry": {"type": "Polygon", "coordinates": [[[77.5838656, 13.0916989], [77.5837882, 13.0914942], [77.583866, 13.0914236], [77.5839651, 13.0913687], [77.5840699, 13.0913191], [77.5841528, 13.0912759], [77.5844941, 13.0911395], [77.5845071, 13.0910422], [77.584514, 13.0909517], [77.5845231, 13.0908776], [77.5845473, 13.0908019], [77.5847431, 13.0907], [77.5851501, 13.0905396], [77.585354, 13.090456], [77.5856336, 13.090355], [77.5861774, 13.0901896], [77.5864731, 13.0901017], [77.5867702, 13.0900067], [77.5869158, 13.0899459], [77.5872476, 13.0898186], [77.5874072, 13.0895439], [77.5879591, 13.0892631], [77.5882514, 13.0891534], [77.5885459, 13.0890792], [77.5886108, 13.089412], [77.5886727, 13.0897258], [77.5887128, 13.0899371], [77.5888066, 13.0901487], [77.5889676, 13.0905746], [77.5893266, 13.0914079], [77.5897077, 13.0916434], [77.590241, 13.091919], [77.5904857, 13.0921133], [77.5907419, 13.0922988], [77.5909705, 13.0925251], [77.591113, 13.092672], [77.5911381, 13.0926979], [77.5911384, 13.0928089], [77.5910731, 13.0928945], [77.5909851, 13.0929408], [77.5908478, 13.0928683], [77.5907258, 13.0927997], [77.5901902, 13.0924636], [77.5898976, 13.0923632], [77.5897132, 13.0923171], [77.5895096, 13.0922804], [77.5891956, 13.092244], [77.5888892, 13.0922299], [77.5884714, 13.0922649], [77.5880979, 13.0922534], [77.5876962, 13.0922309], [77.5873201, 13.0921986], [77.5867514, 13.0921019], [77.5862284, 13.0920862], [77.5857858, 13.092128], [77.5854345, 13.0921803], [77.5851556, 13.0921985], [77.5849731, 13.0921803], [77.5844876, 13.0922221], [77.5844515, 13.0922213], [77.5841932, 13.0922152], [77.5840712, 13.0921587], [77.5839572, 13.0919318], [77.5838656, 13.0916989]]]}}, {"type": "Feature", "properties": {"id": "way/41206209", "name": "Sir M Vishvesvaraya Park", "kind": "park", "source": "OpenStreetMap"}, "geometry": {"type": "Polygon", "coordinates": [[[77.5794034, 13.0975577], [77.580386, 13.0983798], [77.5801837, 13.0987413], [77.5796176, 13.0985707], [77.5789429, 13.0983675], [77.5794034, 13.0975577]]]}}, {"type": "Feature", "properties": {"id": "way/41206215", "name": "Sri Basavalingappa Udayana", "kind": "park", "source": "OpenStreetMap"}, "geometry": {"type": "Polygon", "coordinates": [[[77.5798725, 13.0959648], [77.579353, 13.0964799], [77.579738, 13.0968151], [77.5814704, 13.0983232], [77.5818286, 13.0979744], [77.5798725, 13.0959648]]]}}, {"type": "Feature", "properties": {"id": "way/41206231", "name": "Shankara Nag Park", "kind": "park", "source": "OpenStreetMap"}, "geometry": {"type": "Polygon", "coordinates": [[[77.5811145, 13.0959267], [77.5816159, 13.0964898], [77.5822351, 13.0960413], [77.5819127, 13.0953436], [77.5811145, 13.0959267]]]}}, {"type": "Feature", "properties": {"id": "way/41212267", "name": "General Iyappa Park", "kind": "park", "source": "OpenStreetMap"}, "geometry": {"type": "Polygon", "coordinates": [[[77.5548733, 13.0482887], [77.5573281, 13.0485562], [77.556444, 13.0458471], [77.5548733, 13.0482887]]]}}, {"type": "Feature", "properties": {"id": "way/41749089", "name": "Swamy Vivekananda Park", "kind": "park", "source": "OpenStreetMap"}, "geometry": {"type": "Polygon", "coordinates": [[[77.5412131, 12.9998952], [77.5420971, 12.9998289], [77.5421371, 12.9989893], [77.5412044, 12.99947], [77.5411799, 12.9994826], [77.5411807, 12.9994924], [77.5412131, 12.9998952]]]}}, {"type": "Feature", "properties": {"id": "way/42013538", "name": "HMT Park", "kind": "park", "source": "OpenStreetMap"}, "geometry": {"type": "Polygon", "coordinates": [[[77.5488387, 13.0485962], [77.5488564, 13.048902], [77.5446504, 13.0490867], [77.5446326, 13.0487808], [77.5488387, 13.0485962]]]}}, {"type": "Feature", "properties": {"id": "way/42013636", "name": "Sharadamba Nagar Park", "kind": "park", "source": "OpenStreetMap"}, "geometry": {"type": "Polygon", "coordinates": [[[77.5426049, 13.0470122], [77.5422139, 13.0471507], [77.5417578, 13.046412], [77.5421251, 13.04606], [77.5423935, 13.0464497], [77.5424272, 13.0464986], [77.5426049, 13.0470122]]]}}, {"type": "Feature", "properties": {"id": "way/42434168", "name": "Netaji Subash Chandra Bose Park", "kind": "park", "source": "OpenStreetMap"}, "geometry": {"type": "Polygon", "coordinates": [[[77.5447241, 12.9909664], [77.5447628, 12.9911375], [77.5454353, 12.9910382], [77.545598, 12.9914524], [77.5455273, 12.9915634], [77.5448849, 12.9915432], [77.5447652, 12.9915394], [77.5447479, 12.9915622], [77.5447383, 12.9917413], [77.5430314, 12.9916648], [77.5429413, 12.9911161], [77.5446755, 12.9909705], [77.5447241, 12.9909664]]]}}, {"type": "Feature", "properties": {"id": "way/42445763", "name": "Vishveshwaraya Park", "kind": "park", "source": "OpenStreetMap"}, "geometry": {"type": "Polygon", "coordinates": [[[77.5412529, 12.9963239], [77.5416383, 12.9962724], [77.5415519, 12.9955447], [77.5410919, 12.9955751], [77.5412529, 12.9963239]]]}}, {"type": "Feature", "properties": {"id": "way/42475178", "name": "SKV Park", "kind": "park", "source": "OpenStreetMap"}, "geometry": {"type": "Polygon", "coordinates": [[[77.54197, 12.9980371], [77.5417736, 12.9981667], [77.5416532, 12.9977663], [77.5415871, 12.997785], [77.5415039, 12.9975439], [77.5414051, 12.9975753], [77.5413823, 12.9974969], [77.5415746, 12.9974291], [77.54197, 12.9980371]]]}}, {"type": "Feature", "properties": {"id": "way/42475182", "name": "Uphill Park", "kind": "park", "source": "OpenStreetMap"}, "geometry": {"type": "Polygon", "coordinates": [[[77.5434464, 12.9959886], [77.5433161, 12.9954657], [77.5442265, 12.9952979], [77.5442641, 12.995696], [77.5434464, 12.9959886]]]}}, {"type": "Feature", "properties": {"id": "way/45375863", "name": "Kulla Park", "kind": "park", "source": "OpenStreetMap"}, "geometry": {"type": "Polygon", "coordinates": [[[77.5728417, 12.994954], [77.5731748, 12.9949635], [77.5731929, 12.994357], [77.5728598, 12.9943476], [77.5728417, 12.994954]]]}}, {"type": "Feature", "properties": {"id": "way/45443117", "name": "Nehru Park", "kind": "park", "source": "OpenStreetMap"}, "geometry": {"type": "Polygon", "coordinates": [[[77.5761457, 12.9881013], [77.57614, 12.9882584], [77.5760242, 12.9882544], [77.5760175, 12.9885415], [77.5756142, 12.9886447], [77.5754519, 12.9886139], [77.5755146, 12.9880617], [77.5758921, 12.9880853], [77.5761457, 12.9881013]]]}}, {"type": "Feature", "properties": {"id": "way/45738149", "name": "HMT Ground", "kind": "park", "source": "OpenStreetMap"}, "geometry": {"type": "Polygon", "coordinates": [[[77.5923807, 13.0250717], [77.5926381, 13.026445], [77.5930491, 13.0263622], [77.5931372, 13.0263445], [77.592862, 13.0250327], [77.5923807, 13.0250717]]]}}, {"type": "Feature", "properties": {"id": "way/51369519", "name": "Krantiveera Sangolli Rayanna Park", "kind": "park", "source": "OpenStreetMap"}, "geometry": {"type": "Polygon", "coordinates": [[[77.5576778, 13.0078033], [77.557439, 13.0072258], [77.5584315, 13.0067083], [77.5586326, 13.0077327], [77.5576778, 13.0078033]]]}}, {"type": "Feature", "properties": {"id": "way/52057921", "name": "Jawahar Bal Bhavan Childrens Park", "kind": "park", "source": "OpenStreetMap"}, "geometry": {"type": "Polygon", "coordinates": [[[77.5985608, 12.9767111], [77.5983641, 12.9768044], [77.5980706, 12.9769057], [77.5972426, 12.9769013], [77.5967093, 12.9767906], [77.5964944, 12.9767863], [77.5963176, 12.9768084], [77.5959387, 12.9768563], [77.5955643, 12.9768272], [77.5952075, 12.9766919], [77.5947475, 12.9761576], [77.5947682, 12.9760807], [77.5955877, 12.9753023], [77.595651, 12.9753593], [77.595863, 12.9752478], [77.5963103, 12.9757166], [77.5966159, 12.9754777], [77.5971277, 12.9755203], [77.5972214, 12.9757973], [77.5973018, 12.9759325], [77.5973735, 12.976178], [77.5975891, 12.9761621], [77.5979021, 12.9761912], [77.5983319, 12.9765196], [77.5985608, 12.9767111]]]}}, {"type": "Feature", "properties": {"id": "way/52059217", "name": "Jawahar Bal Bhavan", "kind": "park", "source": "OpenStreetMap"}, "geometry": {"type": "Polygon", "coordinates": [[[77.5965943, 12.9766236], [77.5966778, 12.9762532], [77.5979846, 12.9765717], [77.5979314, 12.9768364], [77.5975159, 12.9768257], [77.5965943, 12.9766236]]]}}, {"type": "Feature", "properties": {"id": "way/52063158", "name": "Mahatma Gandhi Park", "kind": "park", "source": "OpenStreetMap"}, "geometry": {"type": "Polygon", "coordinates": [[[77.5990747, 12.9774666], [77.5993183, 12.9769767], [77.5993304, 12.9769524], [77.5993498, 12.9769541], [77.5994246, 12.976913], [77.5994682, 12.9768835], [77.5994943, 12.9768559], [77.5995762, 12.9767623], [77.5995942, 12.9767608], [77.6002507, 12.9767699], [77.6002888, 12.9771495], [77.6002826, 12.9772649], [77.6001793, 12.9775284], [77.5997033, 12.9777387], [77.5990747, 12.9774666]]]}}, {"type": "Feature", "properties": {"id": "way/52244609", "name": "Banappa Park", "kind": "park", "source": "OpenStreetMap"}, "geometry": {"type": "Polygon", "coordinates": [[[77.5844854, 12.9699338], [77.5848109, 12.9696702], [77.5861327, 12.9683605], [77.5863363, 12.9685746], [77.5845913, 12.9701006], [77.5844854, 12.9699338]]]}}, {"type": "Feature", "properties": {"id": "way/52340476", "name": "Jayamahal Playground", "kind": "park", "source": "OpenStreetMap"}, "geometry": {"type": "Polygon", "coordinates": [[[77.5981042, 13.0007094], [77.5979942, 13.0002466], [77.5988568, 13.0002082], [77.5986735, 13.0007792], [77.5981042, 13.0007094]]]}}, {"type": "Feature", "properties": {"id": "way/53264750", "name": "Sullivan Police Grounds", "kind": "park", "source": "OpenStreetMap"}, "geometry": {"type": "Polygon", "coordinates": [[[77.6093237, 12.9714482], [77.6091666, 12.9708008], [77.609563, 12.9707094], [77.6095819, 12.9707875], [77.6101557, 12.9706553], [77.6102938, 12.9712246], [77.6093237, 12.9714482]]]}}, {"type": "Feature", "properties": {"id": "way/53446063", "name": "Durga Parameshwari Grounds", "kind": "park", "source": "OpenStreetMap"}, "geometry": {"type": "Polygon", "coordinates": [[[77.5858586, 12.9115526], [77.5858478, 12.9106291], [77.586763, 12.9106153], [77.5867585, 12.9113553], [77.5858586, 12.9115526]]]}}, {"type": "Feature", "properties": {"id": "way/53857356", "name": "Lokmanya Tilak Park", "kind": "park", "source": "OpenStreetMap"}, "geometry": {"type": "Polygon", "coordinates": [[[77.5719057, 12.9735437], [77.5718557, 12.9738884], [77.5718473, 12.9741049], [77.5718145, 12.9742007], [77.5717545, 12.9742958], [77.5721725, 12.9743258], [77.5723038, 12.9743219], [77.5725308, 12.9742534], [77.5726866, 12.9740957], [77.5728155, 12.9738928], [77.572829, 12.9738045], [77.5727701, 12.973629], [77.572752, 12.9734899], [77.5724902, 12.9735558], [77.5724112, 12.9731351], [77.57204, 12.9731875], [77.5720344, 12.9734475], [77.5719057, 12.9735437]]]}}, {"type": "Feature", "properties": {"id": "way/53859318", "name": "Railway Grounds", "kind": "park", "source": "OpenStreetMap"}, "geometry": {"type": "Polygon", "coordinates": [[[77.5661509, 12.9802896], [77.566058, 12.9794031], [77.5669756, 12.9793119], [77.5670684, 12.9801983], [77.5661509, 12.9802896]]]}}, {"type": "Feature", "properties": {"id": "way/54147270", "name": "Gandhi Maidana", "kind": "park", "source": "OpenStreetMap"}, "geometry": {"type": "Polygon", "coordinates": [[[77.5436649, 12.9712265], [77.5435679, 12.9709382], [77.5423984, 12.9713217], [77.5424954, 12.97161], [77.5436649, 12.9712265]]]}}, {"type": "Feature", "properties": {"id": "way/54147280", "name": "Jayaprakash Narayana Park", "kind": "park", "source": "OpenStreetMap"}, "geometry": {"type": "Polygon", "coordinates": [[[77.5449919, 12.9707553], [77.5448862, 12.9704681], [77.5460445, 12.9700681], [77.5461502, 12.9703553], [77.5449919, 12.9707553]]]}}, {"type": "Feature", "properties": {"id": "way/54147968", "name": "Hampinagar Park", "kind": "park", "source": "OpenStreetMap"}, "geometry": {"type": "Polygon", "coordinates": [[[77.5414291, 12.9628219], [77.540726, 12.9627804], [77.5405854, 12.9621393], [77.5412223, 12.9619726], [77.5414291, 12.9628219]]]}}, {"type": "Feature", "properties": {"id": "way/54148021", "name": "Aalada Mara (Banyan Tree)", "kind": "park", "source": "OpenStreetMap"}, "geometry": {"type": "Polygon", "coordinates": [[[77.5367531, 12.9590987], [77.5363763, 12.9593933], [77.5360783, 12.9590206], [77.5365604, 12.9586526], [77.5367531, 12.9590987]]]}}, {"type": "Feature", "properties": {"id": "way/55684220", "name": "Dr Rajkumar Park", "kind": "park", "source": "OpenStreetMap"}, "geometry": {"type": "Polygon", "coordinates": [[[77.5580728, 12.9503132], [77.5579157, 12.9503086], [77.5578594, 12.9502119], [77.5576448, 12.95011], [77.5574785, 12.9501727], [77.5569384, 12.9501124], [77.5571238, 12.9505561], [77.556185, 12.950773], [77.555898, 12.9510318], [77.5558602, 12.9512132], [77.5558049, 12.9514782], [77.5557857, 12.9516449], [77.5559577, 12.9521169], [77.5565561, 12.9532492], [77.5575441, 12.9530513], [77.5584353, 12.9528815], [77.5585775, 12.952859], [77.5585775, 12.9531335], [77.5589048, 12.953204], [77.5596075, 12.9535412], [77.5599025, 12.9536406], [77.5601332, 12.9536589], [77.5604068, 12.9535857], [77.5608386, 12.9534079], [77.5611256, 12.9533217], [77.5616031, 12.9533086], [77.5616487, 12.9528799], [77.5616969, 12.9526041], [77.561528, 12.9526172], [77.5614663, 12.9525466], [77.5613858, 12.9525492], [77.5613053, 12.9526015], [77.5611954, 12.9528159], [77.560852, 12.9530851], [77.5605704, 12.9532315], [77.5604014, 12.9533021], [77.560152, 12.9533988], [77.5600719, 12.9534049], [77.5598221, 12.95337], [77.5596933, 12.9528864], [77.5595968, 12.9527767], [77.55935, 12.952612], [77.5591998, 12.9525257], [77.5589584, 12.9524761], [77.5589289, 12.9524447], [77.5592239, 12.9524264], [77.5589691, 12.9518095], [77.5588726, 12.9511429], [77.5586607, 12.951156], [77.5586204, 12.9509547], [77.5584622, 12.9507874], [77.55843, 12.9507038], [77.558464, 12.9505918], [77.5585507, 12.9503065], [77.5589638, 12.9504058], [77.5591301, 12.9507325], [77.5593044, 12.950939], [77.5594868, 12.9510697], [77.5597845, 12.9512292], [77.5600045, 12.9512893], [77.5601144, 12.9512527], [77.5606884, 12.9508658], [77.5611015, 12.950662], [77.5611498, 12.9505156], [77.5612678, 12.9503169], [77.5615011, 12.9501993], [77.5616031, 12.950228], [77.561874, 12.9503457], [77.5619437, 12.9504999], [77.5619488, 12.9506418], [77.5619516, 12.9507199], [77.5618042, 12.9510724], [77.5616487, 12.9513311], [77.561359, 12.9515559], [77.5613295, 12.9516683], [77.5614287, 12.9521284], [77.5613912, 12.9524264], [77.5614341, 12.9524551], [77.5614958, 12.9524421], [77.5615655, 12.9524264], [77.561705, 12.9525126], [77.5617358, 12.9519493], [77.561776, 12.9516487], [77.5619182, 12.9512697], [77.5621355, 12.9509273], [77.562165, 12.9507234], [77.5620094, 12.950692], [77.5620094, 12.9504489], [77.5618726, 12.9501666], [77.5615025, 12.9500751], [77.5610733, 12.9503025], [77.559987, 12.9509194], [77.5597858, 12.9509116], [77.5593701, 12.9505927], [77.5591534, 12.9501378], [77.5581443, 12.9501483], [77.5580773, 12.9501483], [77.5580763, 12.9502955], [77.5580728, 12.9503132]]]}}, {"type": "Feature", "properties": {"id": "way/55981268", "name": "BBMP Park", "kind": "park", "source": "OpenStreetMap"}, "geometry": {"type": "Polygon", "coordinates": [[[77.6390999, 12.9640303], [77.6389671, 12.9637048], [77.6397382, 12.9632942], [77.639755, 12.9636259], [77.6390999, 12.9640303]]]}}, {"type": "Feature", "properties": {"id": "way/56734547", "name": "BBMP Park", "kind": "park", "source": "OpenStreetMap"}, "geometry": {"type": "Polygon", "coordinates": [[[77.6369192, 12.9661002], [77.6371988, 12.965754], [77.6374809, 12.9654301], [77.637226, 12.9651589], [77.6366191, 12.965852], [77.6369192, 12.9661002]]]}}, {"type": "Feature", "properties": {"id": "way/59358729", "name": "B R Ambedkar Playground", "kind": "park", "source": "OpenStreetMap"}, "geometry": {"type": "Polygon", "coordinates": [[[77.6281169, 12.9785896], [77.6283204, 12.9795652], [77.6288954, 12.9794079], [77.6289778, 12.9791249], [77.6288286, 12.9787777], [77.6287593, 12.9786507], [77.6286583, 12.9785013], [77.6286279, 12.9784821], [77.6281169, 12.9785896]]]}}, {"type": "Feature", "properties": {"id": "way/59358734", "name": "Wood Park", "kind": "park", "source": "OpenStreetMap"}, "geometry": {"type": "Polygon", "coordinates": [[[77.635428, 12.9787373], [77.63609, 12.9787522], [77.6362413, 12.9794336], [77.6362477, 12.9794629], [77.6362563, 12.9794981], [77.6363983, 12.9801677], [77.6357181, 12.980284], [77.6355909, 12.9796214], [77.6355846, 12.9795884], [77.6355817, 12.979574], [77.6355725, 12.9795213], [77.635428, 12.9787373]]]}}, {"type": "Feature", "properties": {"id": "way/59358786", "name": "Double Road Park", "kind": "park", "source": "OpenStreetMap"}, "geometry": {"type": "Polygon", "coordinates": [[[77.6373169, 12.9807206], [77.6377306, 12.9806143], [77.6377298, 12.9807122], [77.6377606, 12.9807106], [77.6377572, 12.9808184], [77.6377231, 12.9818967], [77.6376131, 12.9819124], [77.6374334, 12.9811967], [77.6373169, 12.9807206]]]}}, {"type": "Feature", "properties": {"id": "way/59358836", "name": "Indiranagar Park", "kind": "park", "source": "OpenStreetMap"}, "geometry": {"type": "Polygon", "coordinates": [[[77.6332371, 12.9786879], [77.6333578, 12.9786915], [77.6333625, 12.9786533], [77.6336441, 12.9786629], [77.6337155, 12.9790049], [77.633796, 12.9794587], [77.6334183, 12.9794798], [77.6333276, 12.9790834], [77.6332371, 12.9786879]]]}}, {"type": "Feature", "properties": {"id": "way/59358881", "name": "Indiranagar Basketball Club Grounds", "kind": "park", "source": "OpenStreetMap"}, "geometry": {"type": "Polygon", "coordinates": [[[77.6400726, 12.9810502], [77.6398468, 12.9810526], [77.6398483, 12.9811281], [77.6394911, 12.9811348], [77.6394881, 12.9809784], [77.6394853, 12.9808372], [77.6392959, 12.9808401], [77.6392536, 12.9808429], [77.6392248, 12.9815002], [77.6400607, 12.9815448], [77.6400726, 12.9810502]]]}}, {"type": "Feature", "properties": {"id": "way/71516174", "name": "VV Park", "kind": "park", "source": "OpenStreetMap"}, "geometry": {"type": "Polygon", "coordinates": [[[77.5951111, 13.0285087], [77.5951545, 13.0287853], [77.5958616, 13.0286801], [77.5958183, 13.0284035], [77.5951111, 13.0285087]]]}}, {"type": "Feature", "properties": {"id": "way/72385373", "name": "Milton Street Park", "kind": "park", "source": "OpenStreetMap"}, "geometry": {"type": "Polygon", "coordinates": [[[77.6241109, 13.0012335], [77.6242347, 13.0011897], [77.6243428, 13.0011511], [77.6241582, 13.0006232], [77.6239271, 13.0007029], [77.6237993, 13.0007439], [77.6239118, 13.0010404], [77.6239738, 13.0012037], [77.6240071, 13.0011918], [77.6240157, 13.0011888], [77.6240861, 13.0011638], [77.6241081, 13.0012256], [77.6241109, 13.0012335]]]}}, {"type": "Feature", "properties": {"id": "way/81172819", "name": "Nandini Park", "kind": "park", "source": "OpenStreetMap"}, "geometry": {"type": "Polygon", "coordinates": [[[77.6106655, 12.9103304], [77.6107273, 12.910711], [77.6119257, 12.910514], [77.6125166, 12.9104774], [77.61244, 12.9102507], [77.6106655, 12.9103304]]]}}, {"type": "Feature", "properties": {"id": "way/81251699", "name": "BBMP Park", "kind": "park", "source": "OpenStreetMap"}, "geometry": {"type": "Polygon", "coordinates": [[[77.5445729, 12.9316591], [77.5438977, 12.9308916], [77.5447424, 12.9301846], [77.5448912, 12.9303624], [77.5443915, 12.9307809], [77.5450029, 12.9314955], [77.5445729, 12.9316591]]]}}, {"type": "Feature", "properties": {"id": "way/82508349", "name": "Hoysala Ground", "kind": "park", "source": "OpenStreetMap"}, "geometry": {"type": "Polygon", "coordinates": [[[77.5787061, 13.0947565], [77.5787342, 13.0947848], [77.5792176, 13.0952726], [77.5786577, 13.0958303], [77.5783327, 13.0955514], [77.5778764, 13.0951615], [77.5782618, 13.0947451], [77.5783691, 13.0948523], [77.5784066, 13.0948398], [77.578454, 13.0948308], [77.5785023, 13.0948283], [77.578553, 13.0948326], [77.5786025, 13.0948441], [77.5786415, 13.0948592], [77.5787061, 13.0947565]]]}}, {"type": "Feature", "properties": {"id": "way/82509365", "name": "Dr. R. A. Bendre Park", "kind": "park", "source": "OpenStreetMap"}, "geometry": {"type": "Polygon", "coordinates": [[[77.5775575, 13.0966212], [77.5778355, 13.0967759], [77.5783574, 13.0960687], [77.5782494, 13.0959822], [77.5781362, 13.0958919], [77.5775575, 13.0966212]]]}}, {"type": "Feature", "properties": {"id": "way/90843342", "name": "Nethravathi Park", "kind": "park", "source": "OpenStreetMap"}, "geometry": {"type": "Polygon", "coordinates": [[[77.6526038, 12.9173829], [77.6526113, 12.9167299], [77.6535859, 12.9167815], [77.6536955, 12.9173942], [77.6526038, 12.9173829]]]}}, {"type": "Feature", "properties": {"id": "way/90843344", "name": "Kaveri Park", "kind": "park", "source": "OpenStreetMap"}, "geometry": {"type": "Polygon", "coordinates": [[[77.6490467, 12.9125367], [77.6490461, 12.9127618], [77.6490479, 12.9131525], [77.6505219, 12.9131462], [77.6505192, 12.9125497], [77.6504369, 12.91255], [77.6493936, 12.9125544], [77.6490467, 12.9125367]]]}}, {"type": "Feature", "properties": {"id": "way/94441458", "name": "Circular Park, Nandini Layout", "kind": "park", "source": "OpenStreetMap"}, "geometry": {"type": "Polygon", "coordinates": [[[77.5370827, 13.0115307], [77.5370898, 13.0113785], [77.5370365, 13.0112352], [77.5369311, 13.0111226], [77.5367894, 13.011058], [77.5366332, 13.0110511], [77.5364861, 13.0111029], [77.5363706, 13.0112057], [77.5363042, 13.0113437], [77.5362971, 13.011496], [77.5363504, 13.0116393], [77.5364558, 13.0117518], [77.5365975, 13.0118164], [77.5367537, 13.0118234], [77.5369008, 13.0117715], [77.5370163, 13.0116687], [77.5370827, 13.0115307]]]}}, {"type": "Feature", "properties": {"id": "way/94683594", "name": "Vydehi College Playground", "kind": "park", "source": "OpenStreetMap"}, "geometry": {"type": "Polygon", "coordinates": [[[77.7298128, 12.9774111], [77.7301742, 12.9773939], [77.7311544, 12.9773472], [77.7311258, 12.9767757], [77.7297842, 12.9768396], [77.7298128, 12.9774111]]]}}, {"type": "Feature", "properties": {"id": "way/97848144", "name": "BBMP Playground", "kind": "park", "source": "OpenStreetMap"}, "geometry": {"type": "Polygon", "coordinates": [[[77.655404, 12.9732532], [77.6560834, 12.9733572], [77.6562216, 12.9731645], [77.6562889, 12.9730706], [77.6562295, 12.9721779], [77.655607, 12.9722387], [77.6553242, 12.9722663], [77.6553419, 12.9724851], [77.655404, 12.9732532]]]}}, {"type": "Feature", "properties": {"id": "way/98005709", "name": "Kuvempu Park", "kind": "park", "source": "OpenStreetMap"}, "geometry": {"type": "Polygon", "coordinates": [[[77.6540391, 12.9752714], [77.6544042, 12.9754558], [77.6550533, 12.9747861], [77.6550269, 12.9745105], [77.6540244, 12.9749686], [77.6540391, 12.9752714]]]}}, {"type": "Feature", "properties": {"id": "way/105317893", "name": "Jogger's Park", "kind": "park", "source": "OpenStreetMap"}, "geometry": {"type": "Polygon", "coordinates": [[[77.6338262, 12.979629], [77.6334562, 12.9796348], [77.6337022, 12.9806471], [77.6339803, 12.980601], [77.6338909, 12.9800379], [77.6338262, 12.979629]]]}}, {"type": "Feature", "properties": {"id": "way/105318901", "name": "Shankarnag Park", "kind": "park", "source": "OpenStreetMap"}, "geometry": {"type": "Polygon", "coordinates": [[[77.637073, 12.9633834], [77.6369019, 12.9632352], [77.6375975, 12.962451], [77.6376873, 12.9625916], [77.6377224, 12.9626464], [77.637073, 12.9633834]]]}}, {"type": "Feature", "properties": {"id": "way/115834973", "name": "Rest House Park", "kind": "park", "source": "OpenStreetMap"}, "geometry": {"type": "Polygon", "coordinates": [[[77.6048873, 12.9727545], [77.6050679, 12.9728965], [77.6052789, 12.9730625], [77.6054498, 12.9729648], [77.6054879, 12.9730021], [77.6057476, 12.9727757], [77.6057396, 12.9727302], [77.6055916, 12.9725035], [77.6054396, 12.9722695], [77.6051595, 12.9721347], [77.6048873, 12.9727545]]]}}, {"type": "Feature", "properties": {"id": "way/118926923", "name": "GP Raja Ratnam Park", "kind": "park", "source": "OpenStreetMap"}, "geometry": {"type": "Polygon", "coordinates": [[[77.6560209, 12.9736228], [77.6563929, 12.9735581], [77.6570251, 12.9734481], [77.6567091, 12.9733016], [77.6564818, 12.9732077], [77.656352, 12.9731528], [77.6561994, 12.9733694], [77.6560209, 12.9736228]]]}}, {"type": "Feature", "properties": {"id": "way/118926926", "name": "Visvesvaraya Park", "kind": "park", "source": "OpenStreetMap"}, "geometry": {"type": "Polygon", "coordinates": [[[77.6505836, 12.971352], [77.6507428, 12.971355], [77.6507465, 12.971271], [77.650747, 12.971263], [77.6507509, 12.9711986], [77.6507876, 12.9706046], [77.6508187, 12.9700942], [77.6505625, 12.9700883], [77.6505525, 12.9700393], [77.6503003, 12.970031], [77.6504226, 12.9706217], [77.6505151, 12.9710402], [77.6505836, 12.971352]]]}}, {"type": "Feature", "properties": {"id": "way/119132968", "name": "Gandhiji Park", "kind": "park", "source": "OpenStreetMap"}, "geometry": {"type": "Polygon", "coordinates": [[[77.6492367, 12.9696699], [77.6493909, 12.9696776], [77.6492898, 12.9691889], [77.649139, 12.9692205], [77.6492367, 12.9696699]]]}}, {"type": "Feature", "properties": {"id": "way/119172164", "name": "Ganesh Field", "kind": "park", "source": "OpenStreetMap"}, "geometry": {"type": "Polygon", "coordinates": [[[77.562146, 12.9087387], [77.5624158, 12.9088815], [77.562543, 12.9083543], [77.5622828, 12.9083258], [77.562146, 12.9087387]]]}}, {"type": "Feature", "properties": {"id": "way/119172185", "name": "Kumaraswamy Layout Park", "kind": "park", "source": "OpenStreetMap"}, "geometry": {"type": "Polygon", "coordinates": [[[77.5583497, 12.9022852], [77.5583711, 12.9023045], [77.5584608, 12.9023466], [77.5585272, 12.9023692], [77.5592716, 12.9022276], [77.5589877, 12.9019316], [77.5583497, 12.9022852]]]}}, {"type": "Feature", "properties": {"id": "way/122401862", "name": "Inner Circle Park", "kind": "park", "source": "OpenStreetMap"}, "geometry": {"type": "Polygon", "coordinates": [[[77.7485892, 12.9722045], [77.7485288, 12.9718915], [77.7484428, 12.9714067], [77.7483104, 12.9706631], [77.7482181, 12.9706866], [77.7481378, 12.9707154], [77.748061, 12.9707524], [77.7479887, 12.9707971], [77.7479218, 12.9708491], [77.7478609, 12.9709077], [77.7478067, 12.9709723], [77.7477599, 12.9710422], [77.747721, 12.9711166], [77.7476905, 12.9711945], [77.7476687, 12.9712752], [77.7476558, 12.9713577], [77.747652, 12.971441], [77.7476573, 12.9715243], [77.7476717, 12.9716065], [77.7476952, 12.9716873], [77.7477274, 12.9717651], [77.747768, 12.9718391], [77.7478165, 12.9719084], [77.7478723, 12.9719723], [77.7479348, 12.9720299], [77.7480033, 12.9720808], [77.748077, 12.9721241], [77.748155, 12.9721596], [77.7482365, 12.9721867], [77.7483205, 12.9722051], [77.7484061, 12.9722146], [77.7484922, 12.9722152], [77.7485892, 12.9722045]]]}}, {"type": "Feature", "properties": {"id": "way/122686452", "name": "AECS Layout Park", "kind": "park", "source": "OpenStreetMap"}, "geometry": {"type": "Polygon", "coordinates": [[[77.7163405, 12.9665016], [77.7163775, 12.9667605], [77.7160735, 12.9667976], [77.7156605, 12.966848], [77.7155977, 12.9663883], [77.7160278, 12.9664534], [77.7163405, 12.9665016]]]}}, {"type": "Feature", "properties": {"id": "way/125860879", "name": "BTM", "kind": "park", "source": "OpenStreetMap"}, "geometry": {"type": "Polygon", "coordinates": [[[77.6039264, 12.911459], [77.6039147, 12.9110927], [77.6052181, 12.9110435], [77.6052017, 12.9115332], [77.6039264, 12.911459]]]}}, {"type": "Feature", "properties": {"id": "way/125862469", "name": "Udupi Garden Park", "kind": "park", "source": "OpenStreetMap"}, "geometry": {"type": "Polygon", "coordinates": [[[77.610263, 12.9171836], [77.6105587, 12.9171588], [77.6107165, 12.9184592], [77.6103392, 12.9184919], [77.6103073, 12.9177765], [77.610263, 12.9171836]]]}}, {"type": "Feature", "properties": {"id": "way/125862474", "name": "BTM Park", "kind": "park", "source": "OpenStreetMap"}, "geometry": {"type": "Polygon", "coordinates": [[[77.6097726, 12.9197612], [77.6098857, 12.9197562], [77.6101006, 12.9197468], [77.6101993, 12.9197392], [77.6101616, 12.9190491], [77.6101419, 12.9186877], [77.6097103, 12.9187669], [77.6097301, 12.9190823], [77.6097726, 12.9197612]]]}}, {"type": "Feature", "properties": {"id": "way/128510778", "name": "Doopanahalli Park", "kind": "park", "source": "OpenStreetMap"}, "geometry": {"type": "Polygon", "coordinates": [[[77.6374856, 12.9686589], [77.6366336, 12.9688473], [77.6366525, 12.9689198], [77.636457, 12.9689096], [77.6361092, 12.9688929], [77.636292, 12.9684372], [77.6370798, 12.9683531], [77.6371518, 12.9683454], [77.6373739, 12.9683469], [77.6374892, 12.9683534], [77.6374856, 12.9686589]]]}}, {"type": "Feature", "properties": {"id": "way/130730361", "name": "Krishna Raja Wodeyar Playground", "kind": "park", "source": "OpenStreetMap"}, "geometry": {"type": "Polygon", "coordinates": [[[77.7486349, 12.9721936], [77.7487161, 12.9721676], [77.748794, 12.9721334], [77.7488678, 12.9720913], [77.7489366, 12.9720419], [77.7489996, 12.9719856], [77.7490561, 12.9719231], [77.7491055, 12.9718551], [77.7491472, 12.9717824], [77.7491808, 12.9717058], [77.7492059, 12.9716262], [77.7492222, 12.9715444], [77.7492294, 12.9714614], [77.7492276, 12.9713781], [77.7492168, 12.9712955], [77.7491969, 12.9712141], [77.7491682, 12.9711352], [77.7491311, 12.9710598], [77.749086, 12.9709886], [77.7490333, 12.9709225], [77.7489737, 12.9708623], [77.7489078, 12.9708085], [77.7488365, 12.970762], [77.7487604, 12.9707231], [77.7486806, 12.9706923], [77.7485978, 12.97067], [77.7485131, 12.9706564], [77.7484274, 12.9706516], [77.7483625, 12.970651], [77.7486349, 12.9721936]]]}}, {"type": "Feature", "properties": {"id": "way/131610644", "name": "BBMP Thavarkere Park", "kind": "park", "source": "OpenStreetMap"}, "geometry": {"type": "Polygon", "coordinates": [[[77.6039618, 12.9287702], [77.6032054, 12.9292068], [77.6018723, 12.9299885], [77.6016337, 12.9293558], [77.6012582, 12.9293505], [77.6012385, 12.9292496], [77.6011133, 12.9286081], [77.601462, 12.9283571], [77.6014736, 12.9278121], [77.6014781, 12.9276016], [77.6017438, 12.9272807], [77.6034334, 12.9280853], [77.6039618, 12.9287702]]]}}, {"type": "Feature", "properties": {"id": "way/132417430", "name": "Sanjay Nagar Park", "kind": "park", "source": "OpenStreetMap"}, "geometry": {"type": "Polygon", "coordinates": [[[77.5770861, 13.031694], [77.5777103, 13.0316603], [77.5777433, 13.0316618], [77.5779587, 13.031671], [77.5778196, 13.032069], [77.5773387, 13.0319459], [77.5772444, 13.0322192], [77.5768439, 13.0321144], [77.5770316, 13.0317809], [77.5770861, 13.031694]]]}}, {"type": "Feature", "properties": {"id": "way/132706873", "name": "Navaranga Playground", "kind": "park", "source": "OpenStreetMap"}, "geometry": {"type": "Polygon", "coordinates": [[[77.5530499, 12.996874], [77.5532677, 12.9970568], [77.5535214, 12.9971911], [77.5540481, 12.996522], [77.5537008, 12.9961823], [77.5530499, 12.996874]]]}}, {"type": "Feature", "properties": {"id": "way/132928199", "name": "Jogger's Park", "kind": "park", "source": "OpenStreetMap"}, "geometry": {"type": "Polygon", "coordinates": [[[77.5752283, 13.0062168], [77.5752255, 13.0057659], [77.5758929, 13.0057686], [77.575901, 13.0062117], [77.5752283, 13.0062168]]]}}, {"type": "Feature", "properties": {"id": "way/132998344", "name": "Dr Ambedkar Park", "kind": "park", "source": "OpenStreetMap"}, "geometry": {"type": "Polygon", "coordinates": [[[77.5192682, 12.9198439], [77.5197123, 12.9198111], [77.5201265, 12.9197621], [77.5200889, 12.918753], [77.5193419, 12.918678], [77.5193253, 12.9190123], [77.5192682, 12.9198439]]]}}, {"type": "Feature", "properties": {"id": "way/133000362", "name": "NTI Ground", "kind": "park", "source": "OpenStreetMap"}, "geometry": {"type": "Polygon", "coordinates": [[[77.5574562, 13.0789701], [77.558802, 13.0785348], [77.5585518, 13.077801], [77.557206, 13.0782364], [77.5574562, 13.0789701]]]}}, {"type": "Feature", "properties": {"id": "way/133134238", "name": "Senior Citizen Park", "kind": "park", "source": "OpenStreetMap"}, "geometry": {"type": "Polygon", "coordinates": [[[77.5906761, 12.9123811], [77.591037, 12.9123898], [77.5910475, 12.9119775], [77.5906866, 12.9119688], [77.5906761, 12.9123811]]]}}, {"type": "Feature", "properties": {"id": "way/133145605", "name": "Chenamma Kere Park", "kind": "park", "source": "OpenStreetMap"}, "geometry": {"type": "Polygon", "coordinates": [[[77.5538034, 12.9264849], [77.5541161, 12.9267728], [77.5545858, 12.9273484], [77.5546278, 12.9271609], [77.5545871, 12.9268193], [77.5543219, 12.9264203], [77.5541699, 12.9263709], [77.5539672, 12.9263747], [77.5538034, 12.9264849]]]}}, {"type": "Feature", "properties": {"id": "way/133182891", "name": "Coles Park", "kind": "park", "source": "OpenStreetMap"}, "geometry": {"type": "Polygon", "coordinates": [[[77.6095278, 12.9929995], [77.6097049, 12.9928671], [77.6097684, 12.9931584], [77.6098568, 12.9934686], [77.610138, 12.994311], [77.6091594, 12.9949705], [77.6084584, 12.9954458], [77.6079046, 12.9944269], [77.6088169, 12.9936991], [77.6088982, 12.9936112], [77.608991, 12.9935215], [77.6093411, 12.9932076], [77.6095448, 12.9930598], [77.6095278, 12.9929995]]]}}, {"type": "Feature", "properties": {"id": "way/133268648", "name": "Uma Maheshwara park", "kind": "park", "source": "OpenStreetMap"}, "geometry": {"type": "Polygon", "coordinates": [[[77.5722956, 12.928553], [77.5723536, 12.9288885], [77.5731031, 12.9287502], [77.5730227, 12.9284156], [77.5722956, 12.928553]]]}}, {"type": "Feature", "properties": {"id": "way/133305955", "name": "Kamalammana Gundi Ground", "kind": "park", "source": "OpenStreetMap"}, "geometry": {"type": "Polygon", "coordinates": [[[77.5478259, 13.0104522], [77.5485091, 13.0102861], [77.5482953, 13.0097218], [77.5481842, 13.0092463], [77.5476084, 13.0093588], [77.5478259, 13.0104522]]]}}, {"type": "Feature", "properties": {"id": "way/133378267", "name": "Vivekananda Park", "kind": "park", "source": "OpenStreetMap"}, "geometry": {"type": "Polygon", "coordinates": [[[77.5469461, 12.940119], [77.5475764, 12.9400401], [77.5476193, 12.9392977], [77.547673, 12.939099], [77.5475335, 12.938848], [77.5468576, 12.938848], [77.5469246, 12.9397739], [77.5469461, 12.940119]]]}}, {"type": "Feature", "properties": {"id": "way/133442038", "name": "Volleyball Ground", "kind": "park", "source": "OpenStreetMap"}, "geometry": {"type": "Polygon", "coordinates": [[[77.580231, 13.0296936], [77.5802334, 13.0294637], [77.580523, 13.0294666], [77.5805205, 13.0296965], [77.580231, 13.0296936]]]}}, {"type": "Feature", "properties": {"id": "way/133756163", "name": "Sir M Vishweshwaraya Park (Monkey Park)", "kind": "park", "source": "OpenStreetMap"}, "geometry": {"type": "Polygon", "coordinates": [[[77.5358768, 12.9904501], [77.5365594, 12.9903484], [77.5362422, 12.9895736], [77.5359587, 12.9891287], [77.5354107, 12.989332], [77.5358768, 12.9904501]]]}}, {"type": "Feature", "properties": {"id": "way/133756192", "name": "Dhobi Ghat Park", "kind": "park", "source": "OpenStreetMap"}, "geometry": {"type": "Polygon", "coordinates": [[[77.5504474, 12.9875041], [77.550462, 12.9875004], [77.5504799, 12.9875821], [77.5506313, 12.9875191], [77.5504797, 12.9868616], [77.5503029, 12.9868984], [77.5504474, 12.9875041]]]}}, {"type": "Feature", "properties": {"id": "way/133756195", "name": "SBI officers colony park", "kind": "park", "source": "OpenStreetMap"}, "geometry": {"type": "Polygon", "coordinates": [[[77.5340468, 12.9905433], [77.534197, 12.9913958], [77.5343147, 12.9920564], [77.5341914, 12.9920789], [77.5340758, 12.9914454], [77.5339471, 12.990611], [77.5339015, 12.9903137], [77.5340468, 12.9905433]]]}}, {"type": "Feature", "properties": {"id": "way/133857696", "name": "BBMP Park", "kind": "park", "source": "OpenStreetMap"}, "geometry": {"type": "Polygon", "coordinates": [[[77.5984678, 13.057373], [77.5978969, 13.0575174], [77.5980114, 13.0579469], [77.5985823, 13.0578025], [77.5984678, 13.057373]]]}}, {"type": "Feature", "properties": {"id": "way/133857715", "name": "Bhuvaneswari Nagar Park", "kind": "park", "source": "OpenStreetMap"}, "geometry": {"type": "Polygon", "coordinates": [[[77.6020317, 13.0551031], [77.6020204, 13.0543467], [77.6020974, 13.0541569], [77.6025709, 13.0539849], [77.6027669, 13.0544551], [77.6029414, 13.0550367], [77.6024907, 13.0550993], [77.6020317, 13.0551031]]]}}, {"type": "Feature", "properties": {"id": "way/134369606", "name": "Senior Citizens' Park", "kind": "park", "source": "OpenStreetMap"}, "geometry": {"type": "Polygon", "coordinates": [[[77.7449354, 13.0658814], [77.7449861, 13.066042], [77.7449332, 13.0661881], [77.744804, 13.066271], [77.7446686, 13.0663233], [77.7445321, 13.0663275], [77.7443904, 13.0662668], [77.7443245, 13.0661226], [77.7444035, 13.0659739], [77.7445996, 13.0658704], [77.7447608, 13.0658283], [77.7449354, 13.0658814]]]}}, {"type": "Feature", "properties": {"id": "way/134744241", "name": "Green Area", "kind": "park", "source": "OpenStreetMap"}, "geometry": {"type": "Polygon", "coordinates": [[[77.742416, 13.0637959], [77.7430247, 13.0646572], [77.743208, 13.0645342], [77.7425993, 13.063673], [77.742416, 13.0637959]]]}}, {"type": "Feature", "properties": {"id": "way/138449004", "name": "Balalayanna Kere Park", "kind": "park", "source": "OpenStreetMap"}, "geometry": {"type": "Polygon", "coordinates": [[[77.5267987, 12.9780788], [77.5269798, 12.9776684], [77.5271299, 12.9776945], [77.527417, 12.9779246], [77.5281948, 12.9780618], [77.5285113, 12.9781663], [77.5288358, 12.9781624], [77.5288562, 12.97874], [77.5282431, 12.9787936], [77.5273365, 12.9789138], [77.5271058, 12.978804], [77.5268483, 12.9787766], [77.5267987, 12.9780788]]]}}, {"type": "Feature", "properties": {"id": "way/138905256", "name": "Kala Kesari Udayakumar", "kind": "park", "source": "OpenStreetMap"}, "geometry": {"type": "Polygon", "coordinates": [[[77.5516454, 13.0020547], [77.5518105, 13.0020903], [77.5519714, 13.0021249], [77.5519388, 13.0026167], [77.5519074, 13.0030396], [77.5516607, 13.0030085], [77.5516415, 13.0031536], [77.5514685, 13.0031328], [77.551556, 13.002574], [77.5516454, 13.0020547]]]}}, {"type": "Feature", "properties": {"id": "way/139217425", "name": "Island Park", "kind": "park", "source": "OpenStreetMap"}, "geometry": {"type": "Polygon", "coordinates": [[[77.5748872, 13.0128761], [77.574315, 13.0128602], [77.5749745, 13.0124926], [77.5748872, 13.0128761]]]}}, {"type": "Feature", "properties": {"id": "way/141790510", "name": "Nandanavana Udyanavana", "kind": "park", "source": "OpenStreetMap"}, "geometry": {"type": "Polygon", "coordinates": [[[77.5418337, 12.9298238], [77.5420765, 12.9296565], [77.5427022, 12.930497], [77.5423943, 12.9307427], [77.5422151, 12.9304339], [77.5418337, 12.9298238]]]}}, {"type": "Feature", "properties": {"id": "way/145891266", "name": "Swamy Vivekananda Park", "kind": "park", "source": "OpenStreetMap"}, "geometry": {"type": "Polygon", "coordinates": [[[77.5717336, 13.1040335], [77.5717457, 13.1027007], [77.5722401, 13.1027266], [77.573102, 13.1027572], [77.5730383, 13.1039389], [77.5717336, 13.1040335]]]}}, {"type": "Feature", "properties": {"id": "way/145893124", "name": "S.F.S 208 KHB Colony Park", "kind": "park", "source": "OpenStreetMap"}, "geometry": {"type": "Polygon", "coordinates": [[[77.5737603, 13.0988189], [77.5750476, 13.0991218], [77.5761705, 13.0993357], [77.5760879, 13.0995279], [77.5759442, 13.0995656], [77.5755995, 13.0995222], [77.5755065, 13.0994543], [77.575447, 13.0994012], [77.5753817, 13.0993884], [77.5752963, 13.0994153], [77.5749242, 13.0994801], [77.5748809, 13.0995082], [77.5746873, 13.0996358], [77.5739393, 13.0994155], [77.5737333, 13.0994614], [77.5736877, 13.0993125], [77.5737603, 13.0988189]]]}}, {"type": "Feature", "properties": {"id": "way/147124751", "name": "Kitturu Rani Chennamma Park", "kind": "park", "source": "OpenStreetMap"}, "geometry": {"type": "Polygon", "coordinates": [[[77.5933037, 12.9503952], [77.5943133, 12.9514423], [77.594621, 12.9517614], [77.5951423, 12.9512688], [77.5933037, 12.9503952]]]}}, {"type": "Feature", "properties": {"id": "way/148032604", "name": "RIT Entrance Garden", "kind": "park", "source": "OpenStreetMap"}, "geometry": {"type": "Polygon", "coordinates": [[[77.5666831, 13.0293604], [77.5649571, 13.0297498], [77.5649434, 13.0297765], [77.5649249, 13.0298003], [77.5649022, 13.0298204], [77.56487, 13.0298386], [77.5648345, 13.0298494], [77.5647974, 13.0298521], [77.5648036, 13.0299302], [77.564862, 13.0299258], [77.5648666, 13.0299841], [77.5652403, 13.0299555], [77.5662264, 13.02988], [77.5662152, 13.0297419], [77.5663531, 13.0297314], [77.5663619, 13.0298405], [77.5666935, 13.0298151], [77.5667516, 13.0298107], [77.5666831, 13.0293604]]]}}, {"type": "Feature", "properties": {"id": "way/148669366", "name": "Nehru Park", "kind": "park", "source": "OpenStreetMap"}, "geometry": {"type": "Polygon", "coordinates": [[[77.5768698, 12.9883095], [77.5768665, 12.9881661], [77.5765395, 12.9881181], [77.5765482, 12.9883919], [77.5768698, 12.9883095]]]}}, {"type": "Feature", "properties": {"id": "way/149355875", "name": "Veterinary College Garden", "kind": "park", "source": "OpenStreetMap"}, "geometry": {"type": "Polygon", "coordinates": [[[77.5856227, 13.0298338], [77.5861674, 13.0296497], [77.5862636, 13.0295219], [77.5858364, 13.0283928], [77.5851803, 13.0286285], [77.585338, 13.0290454], [77.5853771, 13.0290927], [77.5854272, 13.0290947], [77.5854737, 13.0291133], [77.5855107, 13.0291462], [77.5855388, 13.0292087], [77.5855385, 13.0292576], [77.585521, 13.0293034], [77.5854884, 13.0293407], [77.585464, 13.029389], [77.5854767, 13.0294237], [77.5856227, 13.0298338]]]}}, {"type": "Feature", "properties": {"id": "way/149418901", "name": "Basava Dhama Park", "kind": "park", "source": "OpenStreetMap"}, "geometry": {"type": "Polygon", "coordinates": [[[77.5542743, 13.0132813], [77.5543264, 13.0131642], [77.5543698, 13.0127571], [77.5543385, 13.0124944], [77.5542238, 13.0124578], [77.5540355, 13.0125089], [77.5538835, 13.0126017], [77.5537788, 13.0127427], [77.5537628, 13.0128167], [77.5537975, 13.0131178], [77.5538511, 13.013232], [77.5539002, 13.0133459], [77.5539744, 13.0134368], [77.5540396, 13.013463], [77.5541188, 13.0134576], [77.5541936, 13.0133987], [77.5542743, 13.0132813]]]}}, {"type": "Feature", "properties": {"id": "way/150894237", "name": "Gandhinagar Park", "kind": "park", "source": "OpenStreetMap"}, "geometry": {"type": "Polygon", "coordinates": [[[77.5778864, 12.9785709], [77.577889, 12.978122], [77.578248, 12.9781081], [77.5786989, 12.9780862], [77.5787175, 12.9785161], [77.5778864, 12.9785709]]]}}, {"type": "Feature", "properties": {"id": "way/155817460", "name": "MEI Layout Park", "kind": "park", "source": "OpenStreetMap"}, "geometry": {"type": "Polygon", "coordinates": [[[77.5067631, 13.0606201], [77.5067505, 13.0608426], [77.5066981, 13.0610045], [77.5066391, 13.0611456], [77.5065975, 13.0612256], [77.5064688, 13.0611838], [77.5061727, 13.0603431], [77.5065554, 13.0602675], [77.5065279, 13.0600892], [77.5068068, 13.0600474], [77.5067631, 13.0606201]]]}}, {"type": "Feature", "properties": {"id": "way/159031314", "name": "St. Joseph's Convent Playground", "kind": "park", "source": "OpenStreetMap"}, "geometry": {"type": "Polygon", "coordinates": [[[77.7501578, 12.9770538], [77.7500237, 12.9765206], [77.7507104, 12.9763612], [77.7508364, 12.9769179], [77.7501578, 12.9770538]]]}}, {"type": "Feature", "properties": {"id": "way/162259366", "name": "SSM park (Chennammanakere park)", "kind": "park", "source": "OpenStreetMap"}, "geometry": {"type": "Polygon", "coordinates": [[[77.5634281, 12.9305977], [77.5636244, 12.930562], [77.5639538, 12.9323804], [77.5638124, 12.9324596], [77.5637314, 12.9320672], [77.5634281, 12.9305977]]]}}, {"type": "Feature", "properties": {"id": "way/162268002", "name": "Banashankari Brundavana Park", "kind": "park", "source": "OpenStreetMap"}, "geometry": {"type": "Polygon", "coordinates": [[[77.5657703, 12.9252651], [77.5655766, 12.9243848], [77.566729, 12.924144], [77.5669227, 12.9250243], [77.5657703, 12.9252651]]]}}, {"type": "Feature", "properties": {"id": "way/162268534", "name": "Public Park", "kind": "park", "source": "OpenStreetMap"}, "geometry": {"type": "Polygon", "coordinates": [[[77.565098, 12.9258539], [77.5648373, 12.9247045], [77.5651474, 12.9246377], [77.565408, 12.9257872], [77.565098, 12.9258539]]]}}, {"type": "Feature", "properties": {"id": "way/166560446", "name": "L.A.Perumal Childrens Park", "kind": "park", "source": "OpenStreetMap"}, "geometry": {"type": "Polygon", "coordinates": [[[77.6357817, 12.9657028], [77.6361803, 12.9652718], [77.6363681, 12.9654522], [77.6359669, 12.9658717], [77.6357817, 12.9657028]]]}}, {"type": "Feature", "properties": {"id": "way/166733773", "name": "B R Ambedkar Park", "kind": "park", "source": "OpenStreetMap"}, "geometry": {"type": "Polygon", "coordinates": [[[77.616991, 12.9407421], [77.6175402, 12.9407401], [77.6174296, 12.9402642], [77.6168714, 12.9403895], [77.616991, 12.9407421]]]}}, {"type": "Feature", "properties": {"id": "way/168712748", "name": "Dr. Rajkumar Park", "kind": "park", "source": "OpenStreetMap"}, "geometry": {"type": "Polygon", "coordinates": [[[77.6405378, 13.0170586], [77.6403408, 13.0157199], [77.6409551, 13.0156245], [77.641105, 13.0169842], [77.6405378, 13.0170586]]]}}, {"type": "Feature", "properties": {"id": "way/169709339", "name": "Udani Layout Park", "kind": "park", "source": "OpenStreetMap"}, "geometry": {"type": "Polygon", "coordinates": [[[77.6332508, 12.9701182], [77.6336652, 12.970269], [77.6334067, 12.9697174], [77.6332508, 12.9701182]]]}}, {"type": "Feature", "properties": {"id": "way/169717868", "name": "Paramahansa Yogananda Circle", "kind": "park", "source": "OpenStreetMap"}, "geometry": {"type": "Polygon", "coordinates": [[[77.6371535, 12.9667133], [77.637977, 12.9657386], [77.6380689, 12.9658067], [77.6371156, 12.9668768], [77.6370964, 12.9668431], [77.6371535, 12.9667133]]]}}, {"type": "Feature", "properties": {"id": "way/169800539", "name": "MC Layout Park", "kind": "park", "source": "OpenStreetMap"}, "geometry": {"type": "Polygon", "coordinates": [[[77.5361329, 12.9723955], [77.5356827, 12.9725321], [77.5352366, 12.9726675], [77.5351695, 12.9726878], [77.5352586, 12.9729665], [77.5357711, 12.972811], [77.5362219, 12.9726741], [77.5361771, 12.972534], [77.5361329, 12.9723955]]]}}, {"type": "Feature", "properties": {"id": "way/169805133", "name": "Nisarga Dhama Park", "kind": "park", "source": "OpenStreetMap"}, "geometry": {"type": "Polygon", "coordinates": [[[77.5347448, 12.9848648], [77.5353031, 12.9848199], [77.535174, 12.9840232], [77.5346351, 12.9841769], [77.5347448, 12.9848648]]]}}, {"type": "Feature", "properties": {"id": "way/172883350", "name": "NGV Park", "kind": "park", "source": "OpenStreetMap"}, "geometry": {"type": "Polygon", "coordinates": [[[77.6239815, 12.9440631], [77.6244214, 12.9443461], [77.623813, 12.9452445], [77.6237925, 12.9452313], [77.6234095, 12.9449849], [77.6233731, 12.9449615], [77.6239815, 12.9440631]]]}}, {"type": "Feature", "properties": {"id": "way/172883351", "name": "NGV Grounds", "kind": "park", "source": "OpenStreetMap"}, "geometry": {"type": "Polygon", "coordinates": [[[77.6233731, 12.9449615], [77.6229836, 12.9455186], [77.6234255, 12.9458103], [77.623813, 12.9452445], [77.6237925, 12.9452313], [77.6234095, 12.9449849], [77.6233731, 12.9449615]]]}}, {"type": "Feature", "properties": {"id": "way/172920310", "name": "Coffee Board Layout Park", "kind": "park", "source": "OpenStreetMap"}, "geometry": {"type": "Polygon", "coordinates": [[[77.604281, 13.0527281], [77.6043659, 13.0531463], [77.6064583, 13.0525102], [77.6066123, 13.0524271], [77.606961, 13.0519333], [77.604281, 13.0527281]]]}}, {"type": "Feature", "properties": {"id": "way/172947335", "name": "Audugodi Ground", "kind": "park", "source": "OpenStreetMap"}, "geometry": {"type": "Polygon", "coordinates": [[[77.6063514, 12.9440949], [77.6070928, 12.9441329], [77.6069371, 12.944687], [77.6064764, 12.9447481], [77.6063514, 12.9440949]]]}}, {"type": "Feature", "properties": {"id": "way/173051066", "name": "Sangameshwara Park", "kind": "park", "source": "OpenStreetMap"}, "geometry": {"type": "Polygon", "coordinates": [[[77.5214748, 12.9166696], [77.5215406, 12.9155976], [77.5223208, 12.9165902], [77.5214748, 12.9166696]]]}}, {"type": "Feature", "properties": {"id": "way/173584386", "name": "Dr.Balagangadharanatha Swamiji Playground", "kind": "park", "source": "OpenStreetMap"}, "geometry": {"type": "Polygon", "coordinates": [[[77.5408684, 12.9754374], [77.5407786, 12.9744148], [77.5419865, 12.9747095], [77.542071, 12.975297], [77.5408684, 12.9754374]]]}}, {"type": "Feature", "properties": {"id": "way/175063895", "name": "Bhuvanagiri ground", "kind": "park", "source": "OpenStreetMap"}, "geometry": {"type": "Polygon", "coordinates": [[[77.6528834, 13.0095279], [77.6528294, 13.0100356], [77.6540134, 13.0104596], [77.654292, 13.0098647], [77.6537117, 13.0092468], [77.6528834, 13.0095279]]]}}, {"type": "Feature", "properties": {"id": "way/177266968", "name": "BBMP Park", "kind": "park", "source": "OpenStreetMap"}, "geometry": {"type": "Polygon", "coordinates": [[[77.5788054, 12.8886731], [77.5787126, 12.8892801], [77.5780381, 12.8892176], [77.5780922, 12.8886858], [77.5788054, 12.8886731]]]}}, {"type": "Feature", "properties": {"id": "way/182177279", "name": "Ulsoor Lake Park", "kind": "park", "source": "OpenStreetMap"}, "geometry": {"type": "Polygon", "coordinates": [[[77.6224391, 12.9863075], [77.6221363, 12.986318], [77.6220347, 12.98573], [77.6220151, 12.9852796], [77.6219749, 12.984966], [77.6219465, 12.9848015], [77.6219434, 12.9846793], [77.6219266, 12.984478], [77.6223446, 12.9844729], [77.6223901, 12.9853105], [77.6224391, 12.9863075]]]}}, {"type": "Feature", "properties": {"id": "way/182218210", "name": "RBI Layout Grounds", "kind": "park", "source": "OpenStreetMap"}, "geometry": {"type": "Polygon", "coordinates": [[[77.5801953, 12.8892731], [77.5802927, 12.8887002], [77.5808546, 12.8887114], [77.5809075, 12.8883112], [77.5813334, 12.888309], [77.5813047, 12.8893709], [77.5801953, 12.8892731]]]}}, {"type": "Feature", "properties": {"id": "way/182827219", "name": "RBANMS Ground", "kind": "park", "source": "OpenStreetMap"}, "geometry": {"type": "Polygon", "coordinates": [[[77.6146352, 12.9812387], [77.6143374, 12.9812617], [77.613983, 12.981289], [77.6137222, 12.9813033], [77.6131869, 12.981548], [77.6130437, 12.9816135], [77.6125368, 12.9822982], [77.6128981, 12.9826701], [77.6129177, 12.9826903], [77.6139236, 12.9823984], [77.6142545, 12.9823023], [77.6147109, 12.9821699], [77.6146352, 12.9812387]]]}}, {"type": "Feature", "properties": {"id": "way/187152098", "name": "Manjunathnagar Park", "kind": "park", "source": "OpenStreetMap"}, "geometry": {"type": "Polygon", "coordinates": [[[77.5497812, 12.9934346], [77.5504806, 12.9934393], [77.5503465, 12.9918526], [77.5495721, 12.9919166], [77.5497812, 12.9934346]]]}}, {"type": "Feature", "properties": {"id": "way/188010805", "name": "Police Grounds", "kind": "park", "source": "OpenStreetMap"}, "geometry": {"type": "Polygon", "coordinates": [[[77.6340298, 13.0747897], [77.636057, 13.0747268], [77.6360377, 13.0736577], [77.6340359, 13.0737332], [77.6340362, 13.0737487], [77.6340298, 13.0747897]]]}}, {"type": "Feature", "properties": {"id": "way/188030764", "name": "BDA Park", "kind": "park", "source": "OpenStreetMap"}, "geometry": {"type": "Polygon", "coordinates": [[[77.629145, 13.0334107], [77.628858, 13.0324177], [77.628858, 13.0323576], [77.6288956, 13.0323262], [77.62977, 13.0320832], [77.6297968, 13.0320884], [77.6297951, 13.0321238], [77.629145, 13.0334107]]]}}, {"type": "Feature", "properties": {"id": "way/191036050", "name": "BBMP Playground", "kind": "park", "source": "OpenStreetMap"}, "geometry": {"type": "Polygon", "coordinates": [[[77.5551377, 12.980615], [77.5550921, 12.9802021], [77.5553362, 12.9802282], [77.5554273, 12.9805941], [77.5551377, 12.980615]]]}}, {"type": "Feature", "properties": {"id": "way/191352335", "name": "Cariappa Memorial Park", "kind": "park", "source": "OpenStreetMap"}, "geometry": {"type": "Polygon", "coordinates": [[[77.6053417, 12.9781481], [77.6025479, 12.9790836], [77.6019942, 12.9769055], [77.6019998, 12.9768345], [77.6022254, 12.976714], [77.6046158, 12.9761352], [77.6048428, 12.9767646], [77.604554, 12.9768631], [77.6049442, 12.9779782], [77.6052452, 12.9778804], [77.6053417, 12.9781481]]]}}, {"type": "Feature", "properties": {"id": "way/192051693", "name": "Buddha Shanti Kanive", "kind": "park", "source": "OpenStreetMap"}, "geometry": {"type": "Polygon", "coordinates": [[[77.5132818, 12.9804073], [77.5131623, 12.9794193], [77.5135286, 12.9793514], [77.5134983, 12.9792283], [77.513448, 12.9790235], [77.5139347, 12.9789126], [77.5139657, 12.9793842], [77.5136586, 12.9794468], [77.5136974, 12.9796977], [77.5138987, 12.9797102], [77.5136573, 12.9803329], [77.5136419, 12.980336], [77.5132818, 12.9804073]]]}}, {"type": "Feature", "properties": {"id": "way/192051695", "name": "Ramakrishna Hegde Park", "kind": "park", "source": "OpenStreetMap"}, "geometry": {"type": "Polygon", "coordinates": [[[77.5119862, 12.9771259], [77.5122893, 12.9773428], [77.5126139, 12.9768933], [77.5123709, 12.9765717], [77.5122929, 12.9766469], [77.5121193, 12.9768582], [77.5120309, 12.977025], [77.5119862, 12.9771259]]]}}, {"type": "Feature", "properties": {"id": "way/192184216", "name": "Line Park", "kind": "park", "source": "OpenStreetMap"}, "geometry": {"type": "Polygon", "coordinates": [[[77.548559, 12.9990533], [77.5487584, 12.9991103], [77.5489852, 12.9983571], [77.5491446, 12.9978279], [77.5490847, 12.9978108], [77.5491114, 12.9977222], [77.5489718, 12.9976823], [77.5487839, 12.9983064], [77.548559, 12.9990533]]]}}, {"type": "Feature", "properties": {"id": "way/199023627", "name": "Raj and Sivaji Play Ground", "kind": "park", "source": "OpenStreetMap"}, "geometry": {"type": "Polygon", "coordinates": [[[77.5341062, 13.0138744], [77.5346589, 13.0144807], [77.5351927, 13.0137568], [77.5352167, 13.0137124], [77.5349003, 13.0135451], [77.5341062, 13.0138744]]]}}, {"type": "Feature", "properties": {"id": "way/199024267", "name": "Ramakrishna Paramahamsa Park", "kind": "park", "source": "OpenStreetMap"}, "geometry": {"type": "Polygon", "coordinates": [[[77.5347542, 13.0176446], [77.5348401, 13.0179023], [77.535604, 13.0176605], [77.5355181, 13.0174029], [77.5347542, 13.0176446]]]}}, {"type": "Feature", "properties": {"id": "way/199316737", "name": "Student Lounge", "kind": "park", "source": "OpenStreetMap"}, "geometry": {"type": "Polygon", "coordinates": [[[77.5356712, 12.9340134], [77.5354422, 12.9339935], [77.5353786, 12.9349086], [77.5353301, 12.9349704], [77.5353221, 12.9350756], [77.535363, 12.935073], [77.5354063, 12.9350259], [77.535597, 12.9350293], [77.5356712, 12.9340134]]]}}, {"type": "Feature", "properties": {"id": "way/201068721", "name": "Leena Park", "kind": "park", "source": "OpenStreetMap"}, "geometry": {"type": "Polygon", "coordinates": [[[77.6211525, 12.9369467], [77.6214973, 12.9375442], [77.6217396, 12.9379766], [77.6211439, 12.9382074], [77.6208584, 12.9376812], [77.6206182, 12.9372558], [77.6211525, 12.9369467]]]}}, {"type": "Feature", "properties": {"id": "way/201069173", "name": "Anuroopa Park", "kind": "park", "source": "OpenStreetMap"}, "geometry": {"type": "Polygon", "coordinates": [[[77.6180125, 12.9369124], [77.6175392, 12.9365264], [77.6173135, 12.9364989], [77.617489, 12.9370463], [77.6180125, 12.9369124]]]}}, {"type": "Feature", "properties": {"id": "way/201071753", "name": "Akhila Park", "kind": "park", "source": "OpenStreetMap"}, "geometry": {"type": "Polygon", "coordinates": [[[77.6214301, 12.9343124], [77.6215973, 12.9343228], [77.6222742, 12.9344534], [77.6217112, 12.9347797], [77.6214301, 12.9343124]]]}}, {"type": "Feature", "properties": {"id": "way/201072740", "name": "Daniel Park", "kind": "park", "source": "OpenStreetMap"}, "geometry": {"type": "Polygon", "coordinates": [[[77.618773, 12.9166585], [77.6196744, 12.9167602], [77.6188159, 12.9168415], [77.618773, 12.9166585]]]}}, {"type": "Feature", "properties": {"id": "way/201253300", "name": "Satish Dhawan Memorial Park", "kind": "park", "source": "OpenStreetMap"}, "geometry": {"type": "Polygon", "coordinates": [[[77.5737574, 13.0544324], [77.5744707, 13.0541845], [77.5748328, 13.0551355], [77.5740898, 13.0554413], [77.5737574, 13.0544324]]]}}, {"type": "Feature", "properties": {"id": "way/202675804", "name": "AGS Layout Recreational Park", "kind": "park", "source": "OpenStreetMap"}, "geometry": {"type": "Polygon", "coordinates": [[[77.537359, 12.9137748], [77.5376972, 12.9136717], [77.5373332, 12.9124947], [77.5371109, 12.9125696], [77.537398, 12.9134581], [77.537359, 12.9137748]]]}}, {"type": "Feature", "properties": {"id": "way/204266701", "name": "MEI Ground", "kind": "park", "source": "OpenStreetMap"}, "geometry": {"type": "Polygon", "coordinates": [[[77.5027285, 13.0605899], [77.5018028, 13.0606986], [77.5021826, 13.0624903], [77.5027084, 13.0623019], [77.5030356, 13.0620618], [77.5027285, 13.0605899]]]}}, {"type": "Feature", "properties": {"id": "way/213799479", "name": "B.D.A. Park", "kind": "park", "source": "OpenStreetMap"}, "geometry": {"type": "Polygon", "coordinates": [[[77.5433461, 12.9432533], [77.5434248, 12.9425223], [77.5426415, 12.9424318], [77.5425966, 12.9432071], [77.5428209, 12.9432146], [77.5429026, 12.9432802], [77.5433461, 12.9432533]]]}}, {"type": "Feature", "properties": {"id": "way/217536635", "name": "Dr Ambedkar Park", "kind": "park", "source": "OpenStreetMap"}, "geometry": {"type": "Polygon", "coordinates": [[[77.6385987, 12.9716127], [77.6386102, 12.9714284], [77.6386285, 12.9711346], [77.6377583, 12.971083], [77.6374164, 12.9710627], [77.6373865, 12.9715408], [77.6385987, 12.9716127]]]}}, {"type": "Feature", "properties": {"id": "way/217536640", "name": "Children's Park", "kind": "park", "source": "OpenStreetMap"}, "geometry": {"type": "Polygon", "coordinates": [[[77.6270218, 12.9787782], [77.6270825, 12.979065], [77.6274185, 12.9789937], [77.6273636, 12.9787039], [77.6270218, 12.9787782]]]}}, {"type": "Feature", "properties": {"id": "way/217536646", "name": "Gowthamapura Football Ground", "kind": "park", "source": "OpenStreetMap"}, "geometry": {"type": "Polygon", "coordinates": [[[77.6256129, 12.9681451], [77.6264681, 12.968164], [77.6264522, 12.9683357], [77.6261812, 12.9687258], [77.6258915, 12.9686183], [77.6258557, 12.9686909], [77.6255688, 12.968586], [77.6256102, 12.9684355], [77.6255439, 12.9684167], [77.6256129, 12.9681451]]]}}, {"type": "Feature", "properties": {"id": "way/217565212", "name": "Kanakadasa Park", "kind": "park", "source": "OpenStreetMap"}, "geometry": {"type": "Polygon", "coordinates": [[[77.6410489, 12.9614463], [77.6411694, 12.9614575], [77.6413317, 12.9614738], [77.6414401, 12.9614994], [77.6415148, 12.9615483], [77.6415307, 12.9615718], [77.6417455, 12.961605], [77.6418084, 12.9614748], [77.642052, 12.961388], [77.6421792, 12.9612542], [77.6422897, 12.9608687], [77.6423198, 12.9607874], [77.6416712, 12.9608295], [77.6415204, 12.960836], [77.6411009, 12.9608543], [77.6409596, 12.9608799], [77.6409077, 12.9609774], [77.6408999, 12.9610438], [77.6409046, 12.9611033], [77.6409167, 12.9611465], [77.6408445, 12.9611646], [77.6408335, 12.9611033], [77.6408375, 12.9610432], [77.6408471, 12.9609794], [77.6408744, 12.9609125], [77.6409179, 12.9608355], [77.6405177, 12.9608757], [77.6405125, 12.9608847], [77.6405025, 12.9609018], [77.6408448, 12.9613438], [77.640876, 12.961377], [77.6410489, 12.9614463]]]}}, {"type": "Feature", "properties": {"id": "way/217565867", "name": "Domlur SAARC Park", "kind": "park", "source": "OpenStreetMap"}, "geometry": {"type": "Polygon", "coordinates": [[[77.6400974, 12.9616213], [77.6398248, 12.9609527], [77.6397499, 12.9609641], [77.6393383, 12.9610115], [77.6388927, 12.9610627], [77.6388252, 12.9611395], [77.6388815, 12.961183], [77.6388091, 12.9612751], [77.638727, 12.961214], [77.6386615, 12.9612806], [77.6392473, 12.9618804], [77.6400974, 12.9616213]]]}}, {"type": "Feature", "properties": {"id": "way/217937696", "name": "Bhuvanagiri Park", "kind": "park", "source": "OpenStreetMap"}, "geometry": {"type": "Polygon", "coordinates": [[[77.6582395, 13.0122482], [77.6588145, 13.0115023], [77.660146, 13.011985], [77.6598588, 13.0120751], [77.6582395, 13.0122482]]]}}, {"type": "Feature", "properties": {"id": "way/217937984", "name": "OMBR Outer Ring Road Park", "kind": "park", "source": "OpenStreetMap"}, "geometry": {"type": "Polygon", "coordinates": [[[77.6615676, 13.0133464], [77.6615208, 13.0130801], [77.6614679, 13.0128291], [77.6614612, 13.0127973], [77.6614233, 13.0126176], [77.6619646, 13.0130072], [77.6617849, 13.0132973], [77.6615676, 13.0133464]]]}}, {"type": "Feature", "properties": {"id": "way/224321403", "name": "Hanumanthanagar Park", "kind": "park", "source": "OpenStreetMap"}, "geometry": {"type": "Polygon", "coordinates": [[[77.559015, 12.9381533], [77.5592365, 12.9381501], [77.5592457, 12.9373507], [77.5590086, 12.9375168], [77.5589013, 12.9372972], [77.5587887, 12.9373547], [77.5587082, 12.9372188], [77.5586117, 12.9372919], [77.558726, 12.937671], [77.5588229, 12.9376518], [77.5590346, 12.9376581], [77.559015, 12.9381533]]]}}, {"type": "Feature", "properties": {"id": "way/224733814", "name": "Vidyaranyapura II Block Park", "kind": "park", "source": "OpenStreetMap"}, "geometry": {"type": "Polygon", "coordinates": [[[77.5569974, 13.0707447], [77.5563992, 13.0710147], [77.5565523, 13.0713356], [77.5567448, 13.071739], [77.556803, 13.0716841], [77.556856, 13.0716245], [77.5569035, 13.0715606], [77.5569451, 13.071493], [77.5569805, 13.071422], [77.5570094, 13.0713483], [77.5570315, 13.0712725], [77.5570484, 13.0711846], [77.5570562, 13.0710955], [77.557055, 13.0710061], [77.5570447, 13.0709173], [77.5570254, 13.0708298], [77.5569974, 13.0707447]]]}}, {"type": "Feature", "properties": {"id": "way/224733815", "name": "Vidyaranyapura III Block Recreation Ground", "kind": "park", "source": "OpenStreetMap"}, "geometry": {"type": "Polygon", "coordinates": [[[77.5553699, 13.0727938], [77.5558017, 13.0726162], [77.5556917, 13.072381], [77.5552653, 13.0725456], [77.5553699, 13.0727938]]]}}, {"type": "Feature", "properties": {"id": "way/225008786", "name": "7th Block Park", "kind": "park", "source": "OpenStreetMap"}, "geometry": {"type": "Polygon", "coordinates": [[[77.5608476, 13.0844053], [77.5610055, 13.0845444], [77.5616173, 13.0840946], [77.5618826, 13.0843018], [77.5623097, 13.0834075], [77.5608476, 13.0844053]]]}}, {"type": "Feature", "properties": {"id": "way/231419708", "name": "infosys - fountain park", "kind": "park", "source": "OpenStreetMap"}, "geometry": {"type": "Polygon", "coordinates": [[[77.6663234, 12.8501941], [77.6663454, 12.8501781], [77.6663719, 12.8501709], [77.6663993, 12.8501735], [77.6664239, 12.8501857], [77.6664423, 12.8502056], [77.666452, 12.8502307], [77.6664518, 12.8502575], [77.6664417, 12.8502825], [77.666423, 12.8503022], [77.6663983, 12.850314], [77.6663709, 12.8503162], [77.6663445, 12.8503087], [77.6663227, 12.8502924], [77.6663083, 12.8502695], [77.6663035, 12.8502431], [77.6663087, 12.8502168], [77.6663234, 12.8501941]]]}}, {"type": "Feature", "properties": {"id": "way/231567151", "name": "Infosys Fountain", "kind": "park", "source": "OpenStreetMap"}, "geometry": {"type": "Polygon", "coordinates": [[[77.6664324, 12.8504697], [77.6663841, 12.8504754], [77.6663357, 12.8504715], [77.6662891, 12.8504582], [77.6662461, 12.850436], [77.6662086, 12.8504058], [77.6661782, 12.8503689], [77.6661559, 12.8503268], [77.6661428, 12.8502812], [77.6661394, 12.8502339], [77.6661459, 12.850187], [77.6661619, 12.8501423], [77.6661868, 12.8501016], [77.6662195, 12.8500666], [77.6662589, 12.8500388], [77.6663032, 12.8500193], [77.6663505, 12.8500088], [77.6663991, 12.8500079], [77.6664469, 12.8500166], [77.6664919, 12.8500344], [77.6665323, 12.8500607], [77.6665665, 12.8500944], [77.666593, 12.8501341], [77.6666107, 12.8501782], [77.666619, 12.8502249], [77.6666175, 12.8502722], [77.6666062, 12.8503183], [77.6665857, 12.8503612], [77.6665567, 12.8503993], [77.6665204, 12.8504308], [77.6664784, 12.8504546], [77.6664324, 12.8504697]]]}}, {"type": "Feature", "properties": {"id": "way/232237173", "name": "Jayashankar Park", "kind": "park", "source": "OpenStreetMap"}, "geometry": {"type": "Polygon", "coordinates": [[[77.6304999, 12.9188455], [77.6302811, 12.9179877], [77.6305112, 12.9179285], [77.6307422, 12.9187812], [77.6304999, 12.9188455]]]}}, {"type": "Feature", "properties": {"id": "way/232780058", "name": "Lumbini Gardens", "kind": "park", "source": "OpenStreetMap"}, "geometry": {"type": "Polygon", "coordinates": [[[77.6135374, 13.042494], [77.6135145, 13.0425535], [77.6129227, 13.0431833], [77.6127016, 13.0433955], [77.6125306, 13.0433156], [77.6124651, 13.0432592], [77.6121317, 13.0430501], [77.6120287, 13.0430169], [77.6119024, 13.0430337], [77.6086446, 13.0438189], [77.6074322, 13.044025], [77.6067075, 13.0441544], [77.6060543, 13.04415], [77.6060584, 13.0439004], [77.6065892, 13.0438848], [77.6071423, 13.0438273], [77.6110685, 13.0429938], [77.6132984, 13.042478], [77.613534, 13.0424311], [77.6135374, 13.042494]]]}}, {"type": "Feature", "properties": {"id": "way/232875109", "name": "Green View Welfare Park", "kind": "park", "source": "OpenStreetMap"}, "geometry": {"type": "Polygon", "coordinates": [[[77.6583103, 13.0079403], [77.658547, 13.0080261], [77.6582501, 13.0086338], [77.6577598, 13.0082663], [77.65789, 13.0081985], [77.6583103, 13.0079403]]]}}, {"type": "Feature", "properties": {"id": "way/232881073", "name": "BBMP Park", "kind": "park", "source": "OpenStreetMap"}, "geometry": {"type": "Polygon", "coordinates": [[[77.6621563, 13.0008143], [77.6623751, 13.0003165], [77.6628137, 13.0004325], [77.6627367, 13.0011634], [77.6621563, 13.0008143]]]}}, {"type": "Feature", "properties": {"id": "way/233128987", "name": "Independence Park", "kind": "park", "source": "OpenStreetMap"}, "geometry": {"type": "Polygon", "coordinates": [[[77.6470959, 12.9077844], [77.6470478, 12.9075419], [77.6470041, 12.907322], [77.6469526, 12.9070304], [77.6475099, 12.9069836], [77.6475509, 12.907212], [77.6475989, 12.9074797], [77.6476456, 12.9077401], [77.6473878, 12.9077608], [77.6470959, 12.9077844]]]}}, {"type": "Feature", "properties": {"id": "way/235147107", "name": "Main Park", "kind": "park", "source": "OpenStreetMap"}, "geometry": {"type": "Polygon", "coordinates": [[[77.6635745, 12.9149226], [77.6641154, 12.9147121], [77.6639957, 12.9144047], [77.6639606, 12.9143942], [77.6634606, 12.9145877], [77.6634379, 12.9146217], [77.6635745, 12.9149226]]]}}, {"type": "Feature", "properties": {"id": "way/239449057", "name": "Dr Abdul Kalam Park", "kind": "park", "source": "OpenStreetMap"}, "geometry": {"type": "Polygon", "coordinates": [[[77.5594456, 12.8952688], [77.559292, 12.8947473], [77.5591555, 12.8943586], [77.5590408, 12.8951606], [77.5584735, 12.8952893], [77.5589281, 12.8961292], [77.5595331, 12.8956132], [77.5594456, 12.8952688]]]}}, {"type": "Feature", "properties": {"id": "way/239449580", "name": "Dr Satish Dhawan Park", "kind": "park", "source": "OpenStreetMap"}, "geometry": {"type": "Polygon", "coordinates": [[[77.5580446, 12.8970696], [77.5590048, 12.8963323], [77.5587401, 12.8960148], [77.5575994, 12.8966119], [77.5580446, 12.8970696]]]}}, {"type": "Feature", "properties": {"id": "way/239449581", "name": "Rastrakavi Kuvempu Playground", "kind": "park", "source": "OpenStreetMap"}, "geometry": {"type": "Polygon", "coordinates": [[[77.5601534, 12.8980955], [77.5608063, 12.898695], [77.5609373, 12.8985598], [77.5605886, 12.8977682], [77.5601534, 12.8980955]]]}}, {"type": "Feature", "properties": {"id": "way/239555460", "name": "Triangle Park ISRO Layout", "kind": "park", "source": "OpenStreetMap"}, "geometry": {"type": "Polygon", "coordinates": [[[77.5583046, 12.9010983], [77.5589982, 12.9008653], [77.5579815, 12.8999978], [77.5583046, 12.9010983]]]}}, {"type": "Feature", "properties": {"id": "way/239716959", "name": "Kalkere Park", "kind": "park", "source": "OpenStreetMap"}, "geometry": {"type": "Polygon", "coordinates": [[[77.6738695, 13.0337698], [77.6739987, 13.0337901], [77.6740646, 13.0338474], [77.6743965, 13.0339896], [77.6745264, 13.0336974], [77.6742115, 13.0336464], [77.6737807, 13.0335939], [77.6738695, 13.0337698]]]}}, {"type": "Feature", "properties": {"id": "way/241205584", "name": "Nadaprabhu Kempegowda Stadium", "kind": "park", "source": "OpenStreetMap"}, "geometry": {"type": "Polygon", "coordinates": [[[77.5587787, 13.0078728], [77.5576593, 13.00796], [77.5579113, 13.0091172], [77.5589008, 13.0090897], [77.5588969, 13.0087531], [77.5588748, 13.0083553], [77.5588122, 13.0083602], [77.5587787, 13.0078728]]]}}, {"type": "Feature", "properties": {"id": "way/244032543", "name": "Chennamma Kere Achukattu Park", "kind": "park", "source": "OpenStreetMap"}, "geometry": {"type": "Polygon", "coordinates": [[[77.5536124, 12.9263899], [77.5535837, 12.9263486], [77.5534371, 12.9261377], [77.5533966, 12.925897], [77.553378, 12.9249916], [77.5534257, 12.9249575], [77.5535065, 12.9249483], [77.5535834, 12.9249603], [77.5536315, 12.924991], [77.5537189, 12.9263376], [77.5536124, 12.9263899]]]}}, {"type": "Feature", "properties": {"id": "way/248031124", "name": "ISI Park", "kind": "park", "source": "OpenStreetMap"}, "geometry": {"type": "Polygon", "coordinates": [[[77.5027669, 12.9293502], [77.5039525, 12.9304064], [77.5027025, 12.9312429], [77.5019735, 12.9300956], [77.5027669, 12.9293502]]]}}, {"type": "Feature", "properties": {"id": "way/248981465", "name": "Ram Mandir Ground", "kind": "park", "source": "OpenStreetMap"}, "geometry": {"type": "Polygon", "coordinates": [[[77.555892, 12.9861374], [77.5563368, 12.9861336], [77.5563031, 12.9851798], [77.5562687, 12.9851508], [77.5559421, 12.9851634], [77.5558778, 12.9852223], [77.555892, 12.9861374]]]}}, {"type": "Feature", "properties": {"id": "way/255018445", "name": "Channabyregowda Ground", "kind": "park", "source": "OpenStreetMap"}, "geometry": {"type": "Polygon", "coordinates": [[[77.7841492, 13.0724772], [77.7845166, 13.0710402], [77.7837334, 13.0706143], [77.7833123, 13.0723204], [77.7841492, 13.0724772]]]}}, {"type": "Feature", "properties": {"id": "way/256695990", "name": "Play Games Arena", "kind": "park", "source": "OpenStreetMap"}, "geometry": {"type": "Polygon", "coordinates": [[[77.675218, 12.911548], [77.6751597, 12.9115178], [77.6751309, 12.9115295], [77.67509, 12.9115289], [77.6749063, 12.9114047], [77.6746107, 12.9116512], [77.6746981, 12.9117361], [77.6745136, 12.911834], [77.6749634, 12.9124193], [77.6753153, 12.9121308], [77.6754342, 12.9122324], [77.6762105, 12.912125], [77.6761777, 12.9119127], [77.6761634, 12.9118204], [77.6765237, 12.9117514], [77.6764782, 12.9109951], [77.6762816, 12.911089], [77.6762098, 12.9109374], [77.675218, 12.911548]]]}}, {"type": "Feature", "properties": {"id": "way/257625435", "name": "Namma Park", "kind": "park", "source": "OpenStreetMap"}, "geometry": {"type": "Polygon", "coordinates": [[[77.5934104, 12.9946943], [77.5935816, 12.9946213], [77.5932168, 12.9939658], [77.5932058, 12.993969], [77.5934104, 12.9946943]]]}}, {"type": "Feature", "properties": {"id": "way/257625436", "name": "Mount Carmel College Grounds", "kind": "park", "source": "OpenStreetMap"}, "geometry": {"type": "Polygon", "coordinates": [[[77.5946622, 12.9940514], [77.5942004, 12.9931201], [77.5945265, 12.9929285], [77.5948744, 12.992724], [77.5954443, 12.9933904], [77.5955418, 12.993577], [77.5952683, 12.9937248], [77.5947693, 12.9939944], [77.5946622, 12.9940514]]]}}, {"type": "Feature", "properties": {"id": "way/259174707", "name": "Shantiniketan Park", "kind": "park", "source": "OpenStreetMap"}, "geometry": {"type": "Polygon", "coordinates": [[[77.6071464, 12.8821272], [77.6069704, 12.8812155], [77.6081177, 12.8811193], [77.6082351, 12.881975], [77.6071464, 12.8821272]]]}}, {"type": "Feature", "properties": {"id": "way/259878361", "name": "Children's Park", "kind": "park", "source": "OpenStreetMap"}, "geometry": {"type": "Polygon", "coordinates": [[[77.557439, 12.8999614], [77.5578451, 12.8998445], [77.5572543, 12.8992301], [77.557439, 12.8999614]]]}}, {"type": "Feature", "properties": {"id": "way/262857972", "name": "Virat Nagar Park", "kind": "park", "source": "OpenStreetMap"}, "geometry": {"type": "Polygon", "coordinates": [[[77.6206579, 12.9032922], [77.6209545, 12.9032382], [77.6210519, 12.9039294], [77.6207829, 12.9039776], [77.6206579, 12.9032922]]]}}, {"type": "Feature", "properties": {"id": "way/273780381", "name": "Indira Gandhi Musical Fountain Park", "kind": "park", "source": "OpenStreetMap"}, "geometry": {"type": "Polygon", "coordinates": [[[77.5903585, 12.986699], [77.5898146, 12.9860795], [77.5898118, 12.9859624], [77.5898225, 12.9859012], [77.5905457, 12.985], [77.5906339, 12.9849805], [77.590707, 12.98492], [77.5907597, 12.9848413], [77.5908132, 12.9847019], [77.5914386, 12.9839709], [77.5918462, 12.9835916], [77.5920942, 12.9842625], [77.5926595, 12.9842903], [77.5931901, 12.9856802], [77.5919652, 12.9861939], [77.5915866, 12.9863761], [77.591168, 12.9865564], [77.5910939, 12.9863572], [77.5903585, 12.986699]]]}}, {"type": "Feature", "properties": {"id": "way/273786646", "name": "National Military Memorial", "kind": "park", "source": "OpenStreetMap"}, "geometry": {"type": "Polygon", "coordinates": [[[77.5903585, 12.986699], [77.5898146, 12.9860795], [77.5898118, 12.9859624], [77.5898225, 12.9859012], [77.5905457, 12.985], [77.5906339, 12.9849805], [77.590707, 12.98492], [77.5919652, 12.9861939], [77.5915866, 12.9863761], [77.591168, 12.9865564], [77.5910939, 12.9863572], [77.5903585, 12.986699]]]}}, {"type": "Feature", "properties": {"id": "way/278457027", "name": "Park at RT Nagar", "kind": "park", "source": "OpenStreetMap"}, "geometry": {"type": "Polygon", "coordinates": [[[77.5949071, 13.0224503], [77.5949359, 13.0225554], [77.5959787, 13.0222839], [77.5959499, 13.0221788], [77.5949071, 13.0224503]]]}}, {"type": "Feature", "properties": {"id": "way/285845678", "name": "Gopalan International School Playground", "kind": "park", "source": "OpenStreetMap"}, "geometry": {"type": "Polygon", "coordinates": [[[77.7168622, 12.986048], [77.7176734, 12.9860892], [77.7177311, 12.9853625], [77.7168517, 12.985265], [77.7168622, 12.986048]]]}}, {"type": "Feature", "properties": {"id": "way/286439576", "name": "Hemavati Park", "kind": "park", "source": "OpenStreetMap"}, "geometry": {"type": "Polygon", "coordinates": [[[77.6475837, 12.9167734], [77.6476198, 12.9158042], [77.6486256, 12.9158424], [77.6487439, 12.9167542], [77.6475837, 12.9167734]]]}}, {"type": "Feature", "properties": {"id": "way/287870134", "name": "BBMP Park", "kind": "park", "source": "OpenStreetMap"}, "geometry": {"type": "Polygon", "coordinates": [[[77.5309001, 12.9580022], [77.5310139, 12.9583474], [77.5310181, 12.9583603], [77.5314016, 12.9582689], [77.5313641, 12.958078], [77.5311281, 12.9579918], [77.5310664, 12.9579918], [77.5309001, 12.9580022]]]}}, {"type": "Feature", "properties": {"id": "way/299877333", "name": "Bugle Rock Park", "kind": "park", "source": "OpenStreetMap"}, "geometry": {"type": "Polygon", "coordinates": [[[77.5687808, 12.9435819], [77.570328, 12.9436226], [77.5703778, 12.942161], [77.5703992, 12.9416769], [77.5700294, 12.9417192], [77.5695974, 12.941697], [77.5696107, 12.9410805], [77.5690537, 12.9409537], [77.5688587, 12.9409542], [77.5688654, 12.940664], [77.5687281, 12.9406693], [77.5687322, 12.9414017], [77.5691937, 12.9414103], [77.569187, 12.9417598], [77.5691787, 12.9421162], [77.5687218, 12.9420994], [77.5682679, 12.9420828], [77.5682535, 12.9419577], [77.5681085, 12.9420867], [77.5685812, 12.9431349], [77.5687808, 12.9435819]]]}}, {"type": "Feature", "properties": {"id": "way/306519175", "name": "Abbigere Park", "kind": "park", "source": "OpenStreetMap"}, "geometry": {"type": "Polygon", "coordinates": [[[77.5283881, 13.0723472], [77.5281467, 13.071101], [77.5295173, 13.0708241], [77.5296515, 13.070939], [77.5297024, 13.0720703], [77.529015, 13.0722151], [77.5283881, 13.0723472]]]}}, {"type": "Feature", "properties": {"id": "way/307097420", "name": "DV Gundappa Park", "kind": "park", "source": "OpenStreetMap"}, "geometry": {"type": "Polygon", "coordinates": [[[77.5688441, 12.9247482], [77.5696431, 12.9245821], [77.5697188, 12.9249278], [77.5689198, 12.9250939], [77.5688441, 12.9247482]]]}}, {"type": "Feature", "properties": {"id": "way/309936964", "name": "BM Kaval Childrens Park", "kind": "park", "source": "OpenStreetMap"}, "geometry": {"type": "Polygon", "coordinates": [[[77.6477043, 12.9809703], [77.6478622, 12.9810078], [77.6478495, 12.9810365], [77.6477412, 12.9812381], [77.6476398, 12.9812316], [77.6476705, 12.9810888], [77.6477043, 12.9809703]]]}}, {"type": "Feature", "properties": {"id": "way/310909648", "name": "Sahakarnagar C Block Park", "kind": "park", "source": "OpenStreetMap"}, "geometry": {"type": "Polygon", "coordinates": [[[77.5817808, 13.0632972], [77.5823949, 13.0628809], [77.5821381, 13.0625966], [77.5815216, 13.0630219], [77.5817808, 13.0632972]]]}}, {"type": "Feature", "properties": {"id": "way/311369037", "name": "Rock Park", "kind": "park", "source": "OpenStreetMap"}, "geometry": {"type": "Polygon", "coordinates": [[[77.5622457, 12.925019], [77.5619552, 12.9235921], [77.5623463, 12.9234596], [77.562672, 12.9249293], [77.5622457, 12.925019]]]}}, {"type": "Feature", "properties": {"id": "way/313828426", "name": "Madhav Rao Park", "kind": "park", "source": "OpenStreetMap"}, "geometry": {"type": "Polygon", "coordinates": [[[77.5784616, 12.9866077], [77.5788564, 12.9863154], [77.5791557, 12.9866991], [77.5787609, 12.9869914], [77.5784616, 12.9866077]]]}}, {"type": "Feature", "properties": {"id": "way/313831699", "name": "Teacher's Colony Park", "kind": "park", "source": "OpenStreetMap"}, "geometry": {"type": "Polygon", "coordinates": [[[77.6288863, 12.9177272], [77.6294061, 12.9175665], [77.6293422, 12.9173624], [77.6288038, 12.9173708], [77.6288863, 12.9177272]]]}}, {"type": "Feature", "properties": {"id": "way/313863260", "name": "Ecological Park", "kind": "park", "source": "OpenStreetMap"}, "geometry": {"type": "Polygon", "coordinates": [[[77.5221087, 13.0236241], [77.5236931, 13.0227605], [77.5248179, 13.0223048], [77.5250045, 13.0226075], [77.5228515, 13.0242376], [77.5221087, 13.0236241]]]}}, {"type": "Feature", "properties": {"id": "way/314082237", "name": "Children' play park", "kind": "park", "source": "OpenStreetMap"}, "geometry": {"type": "Polygon", "coordinates": [[[77.5571315, 12.9897269], [77.5573665, 12.9897063], [77.557143, 12.9900881], [77.5571315, 12.9897269]]]}}, {"type": "Feature", "properties": {"id": "way/314084975", "name": "Play ground", "kind": "park", "source": "OpenStreetMap"}, "geometry": {"type": "Polygon", "coordinates": [[[77.5188285, 13.0205084], [77.5188714, 13.0199596], [77.518968, 13.0198865], [77.519027, 13.0199387], [77.5189841, 13.0200903], [77.5191289, 13.020383], [77.5188285, 13.0205084]]]}}, {"type": "Feature", "properties": {"id": "way/314368700", "name": "Trees", "kind": "park", "source": "OpenStreetMap"}, "geometry": {"type": "Polygon", "coordinates": [[[77.578611, 12.888068], [77.5783326, 12.8880614], [77.5782526, 12.8879268], [77.5782553, 12.8876209], [77.5783196, 12.887613], [77.5783196, 12.8878658], [77.5783941, 12.8878676], [77.5783926, 12.8879273], [77.5784543, 12.8879288], [77.5784533, 12.8879712], [77.5785717, 12.8879739], [77.5785986, 12.8878824], [77.5786495, 12.8878928], [77.578611, 12.888068]]]}}, {"type": "Feature", "properties": {"id": "way/314368702", "name": "Trees", "kind": "park", "source": "OpenStreetMap"}, "geometry": {"type": "Polygon", "coordinates": [[[77.5780746, 12.8876788], [77.5779137, 12.8873755], [77.5777876, 12.8873599], [77.5777903, 12.8872893], [77.5779217, 12.8873049], [77.5779834, 12.8873233], [77.5781068, 12.8875769], [77.5780746, 12.8876788]]]}}, {"type": "Feature", "properties": {"id": "way/314368703", "name": "Trees", "kind": "park", "source": "OpenStreetMap"}, "geometry": {"type": "Polygon", "coordinates": [[[77.5784698, 12.8869698], [77.5784162, 12.8868182], [77.5785583, 12.8866299], [77.5786951, 12.8865358], [77.5787327, 12.8865463], [77.5787649, 12.8868365], [77.5789178, 12.8868757], [77.5789151, 12.8869594], [77.5784698, 12.8869698]]]}}, {"type": "Feature", "properties": {"id": "way/319551492", "name": "Vivekananda Park", "kind": "park", "source": "OpenStreetMap"}, "geometry": {"type": "Polygon", "coordinates": [[[77.5187784, 12.9216849], [77.5195242, 12.9215956], [77.5194005, 12.9204742], [77.5186417, 12.9205652], [77.5187784, 12.9216849]]]}}, {"type": "Feature", "properties": {"id": "way/319552562", "name": "Rajarajeshwari Nagar Park", "kind": "park", "source": "OpenStreetMap"}, "geometry": {"type": "Polygon", "coordinates": [[[77.5160806, 12.928483], [77.5164559, 12.9291122], [77.5164706, 12.9291368], [77.5166546, 12.9289013], [77.5169482, 12.928706], [77.5167444, 12.9283417], [77.516644, 12.9281622], [77.5166144, 12.9281092], [77.5160806, 12.928483]]]}}, {"type": "Feature", "properties": {"id": "way/322859361", "name": "Raj Katte Park", "kind": "park", "source": "OpenStreetMap"}, "geometry": {"type": "Polygon", "coordinates": [[[77.5617244, 12.9086565], [77.5614827, 12.9084777], [77.5604194, 12.9090734], [77.5605913, 12.9092467], [77.5609892, 12.9090447], [77.5617244, 12.9086565]]]}}, {"type": "Feature", "properties": {"id": "way/323037941", "name": "BEML Playground", "kind": "park", "source": "OpenStreetMap"}, "geometry": {"type": "Polygon", "coordinates": [[[77.6692315, 12.973821], [77.6700654, 12.9747558], [77.6700951, 12.9748744], [77.6695519, 12.975045], [77.6687578, 12.9742141], [77.6692315, 12.973821]]]}}, {"type": "Feature", "properties": {"id": "way/323094310", "name": "Sector 2 Park", "kind": "park", "source": "OpenStreetMap"}, "geometry": {"type": "Polygon", "coordinates": [[[77.6467538, 12.9100453], [77.6467742, 12.9094131], [77.6459538, 12.9094901], [77.6460001, 12.9101179], [77.6467538, 12.9100453]]]}}, {"type": "Feature", "properties": {"id": "way/323458335", "name": "Madiwala Park", "kind": "park", "source": "OpenStreetMap"}, "geometry": {"type": "Polygon", "coordinates": [[[77.6176609, 12.925032], [77.6175622, 12.9249734], [77.6179488, 12.9243548], [77.6180474, 12.9244133], [77.6176609, 12.925032]]]}}, {"type": "Feature", "properties": {"id": "way/323642593", "name": "Twin park 1", "kind": "park", "source": "OpenStreetMap"}, "geometry": {"type": "Polygon", "coordinates": [[[77.6402368, 12.9079044], [77.6402548, 12.9082407], [77.6408492, 12.9082105], [77.6408312, 12.9078741], [77.6402368, 12.9079044]]]}}, {"type": "Feature", "properties": {"id": "way/323642594", "name": "Twin park 2", "kind": "park", "source": "OpenStreetMap"}, "geometry": {"type": "Polygon", "coordinates": [[[77.6402255, 12.907814], [77.6405184, 12.9077988], [77.6408293, 12.9077826], [77.6408159, 12.9075362], [77.6408043, 12.9073239], [77.6402004, 12.9073553], [77.6402255, 12.907814]]]}}, {"type": "Feature", "properties": {"id": "way/324651009", "name": "Dr. BR Ambedkar Park", "kind": "park", "source": "OpenStreetMap"}, "geometry": {"type": "Polygon", "coordinates": [[[77.6424567, 12.9546529], [77.6433924, 12.9546416], [77.6433419, 12.954517], [77.6426962, 12.9541969], [77.6425372, 12.9541928], [77.6424748, 12.9545493], [77.6424567, 12.9546529]]]}}, {"type": "Feature", "properties": {"id": "way/325764244", "name": "MLA Layout Park", "kind": "park", "source": "OpenStreetMap"}, "geometry": {"type": "Polygon", "coordinates": [[[77.564781, 13.0413736], [77.5647982, 13.0414166], [77.5648931, 13.0414762], [77.5643942, 13.0419573], [77.5643896, 13.0419606], [77.5641356, 13.0417225], [77.564781, 13.0413736]]]}}, {"type": "Feature", "properties": {"id": "way/326032584", "name": "Richmond Town Park", "kind": "park", "source": "OpenStreetMap"}, "geometry": {"type": "Polygon", "coordinates": [[[77.6023583, 12.9639006], [77.60138, 12.9639896], [77.6010654, 12.9640228], [77.6010799, 12.963879], [77.6011772, 12.9635927], [77.6011787, 12.9635884], [77.6013815, 12.963192], [77.6017483, 12.9631044], [77.6021557, 12.9630354], [77.6023583, 12.9639006]]]}}, {"type": "Feature", "properties": {"id": "way/326201187", "name": "Viveknagar Ground", "kind": "park", "source": "OpenStreetMap"}, "geometry": {"type": "Polygon", "coordinates": [[[77.6226638, 12.9523323], [77.6233832, 12.9521909], [77.6232696, 12.9515384], [77.6228883, 12.9516082], [77.6225057, 12.9516803], [77.6226638, 12.9523323]]]}}, {"type": "Feature", "properties": {"id": "way/327552372", "name": "Field Marshal Manekshaw Parade Grounds", "kind": "park", "source": "OpenStreetMap"}, "geometry": {"type": "Polygon", "coordinates": [[[77.6078344, 12.9754982], [77.6075365, 12.9755321], [77.6061521, 12.975867], [77.6061277, 12.9757783], [77.6051822, 12.9760021], [77.6046158, 12.9761352], [77.6048428, 12.9767646], [77.6052851, 12.9766266], [77.605633, 12.9777627], [77.6052452, 12.9778804], [77.6053417, 12.9781481], [77.607451, 12.9774637], [77.6080219, 12.9772824], [77.607985, 12.9771679], [77.6080862, 12.977137], [77.6080751, 12.9771026], [77.608343, 12.9770219], [77.6078444, 12.9755283], [77.6078344, 12.9754982]]]}}, {"type": "Feature", "properties": {"id": "way/329298736", "name": "Austin Town Ground", "kind": "park", "source": "OpenStreetMap"}, "geometry": {"type": "Polygon", "coordinates": [[[77.6148624, 12.9620838], [77.6148614, 12.9621463], [77.6148514, 12.9627212], [77.6148503, 12.962784], [77.615761, 12.9628758], [77.6161178, 12.9621152], [77.6159232, 12.96211], [77.6148624, 12.9620838]]]}}, {"type": "Feature", "properties": {"id": "way/330318577", "name": "Sai Tennis Academy", "kind": "park", "source": "OpenStreetMap"}, "geometry": {"type": "Polygon", "coordinates": [[[77.6416393, 12.902878], [77.6430107, 12.9028343], [77.6431975, 12.9027362], [77.6430425, 12.9019432], [77.6429256, 12.9013446], [77.6418653, 12.9013381], [77.6418991, 12.9015588], [77.6416191, 12.9015798], [77.6416474, 12.9017629], [77.6414583, 12.9017985], [77.6416393, 12.902878]]]}}, {"type": "Feature", "properties": {"id": "way/330471450", "name": "BDA Public Site", "kind": "park", "source": "OpenStreetMap"}, "geometry": {"type": "Polygon", "coordinates": [[[77.6399374, 12.9755494], [77.6399755, 12.9745537], [77.6401976, 12.9745617], [77.6401843, 12.9749092], [77.6401595, 12.9755575], [77.6399374, 12.9755494]]]}}, {"type": "Feature", "properties": {"id": "way/334146826", "name": "Dharma Naidu Udhyanavana", "kind": "park", "source": "OpenStreetMap"}, "geometry": {"type": "Polygon", "coordinates": [[[77.5575466, 12.9892717], [77.5575412, 12.989026], [77.5577493, 12.9890224], [77.5575466, 12.9892717]]]}}, {"type": "Feature", "properties": {"id": "way/335167581", "name": "Anna Basavanna Park", "kind": "park", "source": "OpenStreetMap"}, "geometry": {"type": "Polygon", "coordinates": [[[77.5439766, 13.0088177], [77.5440418, 13.0087193], [77.544032, 13.0087098], [77.5439197, 13.0087256], [77.5439083, 13.0085939], [77.5442583, 13.0085299], [77.5443474, 13.0085099], [77.5442611, 13.0087803], [77.5439766, 13.0088177]]]}}, {"type": "Feature", "properties": {"id": "way/335167682", "name": "Anjaneya Swami Gudi Udyana", "kind": "park", "source": "OpenStreetMap"}, "geometry": {"type": "Polygon", "coordinates": [[[77.5452311, 13.0090054], [77.5452472, 13.0088695], [77.545392, 13.0087591], [77.545379, 13.0083395], [77.5467247, 13.0080876], [77.5468278, 13.0085932], [77.5463216, 13.00873], [77.5464783, 13.0093692], [77.546012, 13.0094306], [77.5458579, 13.0094162], [77.5452311, 13.0090054]]]}}, {"type": "Feature", "properties": {"id": "way/337520260", "name": "Hare Krishna Park", "kind": "park", "source": "OpenStreetMap"}, "geometry": {"type": "Polygon", "coordinates": [[[77.5489499, 13.0058558], [77.549084, 13.005185], [77.5492039, 13.0057114], [77.5492676, 13.0059402], [77.5489499, 13.0058558]]]}}, {"type": "Feature", "properties": {"id": "way/338086178", "name": "bmtc park", "kind": "park", "source": "OpenStreetMap"}, "geometry": {"type": "Polygon", "coordinates": [[[77.5027506, 13.0367893], [77.5030585, 13.0367479], [77.5026445, 13.0339447], [77.5022994, 13.0339981], [77.5027506, 13.0367893]]]}}, {"type": "Feature", "properties": {"id": "way/343842758", "name": "Defence Colony Childrens Park", "kind": "park", "source": "OpenStreetMap"}, "geometry": {"type": "Polygon", "coordinates": [[[77.6445687, 12.9757126], [77.6449434, 12.9757181], [77.6452165, 12.9757172], [77.6452254, 12.9754514], [77.645235, 12.975165], [77.6449634, 12.9751538], [77.6445899, 12.9751383], [77.6445795, 12.97543], [77.6445687, 12.9757126]]]}}, {"type": "Feature", "properties": {"id": "way/343842759", "name": "Defence Colony Playground - 3", "kind": "park", "source": "OpenStreetMap"}, "geometry": {"type": "Polygon", "coordinates": [[[77.6439069, 12.9748037], [77.6439171, 12.9745367], [77.6439211, 12.974443], [77.6439287, 12.9742002], [77.6439349, 12.9740012], [77.6447015, 12.9740382], [77.6446961, 12.9741752], [77.6451412, 12.9741903], [77.6450561, 12.9744249], [77.6450276, 12.9745036], [77.6449244, 12.9747863], [77.6449114, 12.975074], [77.6441976, 12.9750434], [77.6442079, 12.9748151], [77.6439069, 12.9748037]]]}}, {"type": "Feature", "properties": {"id": "way/343842760", "name": "Indiranagar Park", "kind": "park", "source": "OpenStreetMap"}, "geometry": {"type": "Polygon", "coordinates": [[[77.6437087, 12.9716053], [77.6437257, 12.9709213], [77.6445023, 12.9709382], [77.6444853, 12.9716222], [77.6440899, 12.9716124], [77.6437087, 12.9716053]]]}}, {"type": "Feature", "properties": {"id": "way/343842765", "name": "Senior Citizens Park", "kind": "park", "source": "OpenStreetMap"}, "geometry": {"type": "Polygon", "coordinates": [[[77.6441976, 12.9750434], [77.6440334, 12.9750391], [77.6435518, 12.9750209], [77.6435564, 12.9749068], [77.643561, 12.9747906], [77.6439069, 12.9748037], [77.6442079, 12.9748151], [77.6441976, 12.9750434]]]}}, {"type": "Feature", "properties": {"id": "way/346025222", "name": "Sarvagna Park", "kind": "park", "source": "OpenStreetMap"}, "geometry": {"type": "Polygon", "coordinates": [[[77.6202963, 12.999601], [77.6205262, 12.9993375], [77.6202004, 12.9992151], [77.6200988, 12.9994411], [77.6200908, 12.9994589], [77.6202963, 12.999601]]]}}, {"type": "Feature", "properties": {"id": "way/346807969", "name": "NGEF Park", "kind": "park", "source": "OpenStreetMap"}, "geometry": {"type": "Polygon", "coordinates": [[[77.5748886, 13.0375589], [77.5751535, 13.037563], [77.5750209, 13.0379607], [77.574805, 13.0379037], [77.5748886, 13.0375589]]]}}, {"type": "Feature", "properties": {"id": "way/347216391", "name": "Maratha Hostel Ground", "kind": "park", "source": "OpenStreetMap"}, "geometry": {"type": "Polygon", "coordinates": [[[77.5677165, 12.9538737], [77.5683126, 12.9538844], [77.5683192, 12.9535375], [77.5677231, 12.9535267], [77.5677165, 12.9538737]]]}}, {"type": "Feature", "properties": {"id": "way/347990397", "name": "Dr. Vishnuvardhan Park", "kind": "park", "source": "OpenStreetMap"}, "geometry": {"type": "Polygon", "coordinates": [[[77.6423206, 12.9639715], [77.6423092, 12.9637506], [77.6426512, 12.9636847], [77.643605, 12.9635014], [77.6436751, 12.963796], [77.6423206, 12.9639715]]]}}, {"type": "Feature", "properties": {"id": "way/351328935", "name": "Green House Park", "kind": "park", "source": "OpenStreetMap"}, "geometry": {"type": "Polygon", "coordinates": [[[77.5629809, 13.0295003], [77.5629762, 13.029366], [77.5629927, 13.0293235], [77.5630353, 13.0293082], [77.5630492, 13.0292856], [77.5630548, 13.0292585], [77.5630557, 13.0292296], [77.5631419, 13.0292215], [77.5632141, 13.0292233], [77.5632738, 13.0292412], [77.5632841, 13.0294919], [77.5629809, 13.0295003]]]}}, {"type": "Feature", "properties": {"id": "way/351329776", "name": "NIAS residence Garden Area", "kind": "park", "source": "OpenStreetMap"}, "geometry": {"type": "Polygon", "coordinates": [[[77.562892, 13.0289742], [77.562891, 13.0288891], [77.5628903, 13.0288652], [77.5633683, 13.0288551], [77.5633857, 13.0289178], [77.5633588, 13.0289685], [77.562892, 13.0289742]]]}}, {"type": "Feature", "properties": {"id": "way/353437620", "name": "Children's Park", "kind": "park", "source": "OpenStreetMap"}, "geometry": {"type": "Polygon", "coordinates": [[[77.7150793, 12.9630924], [77.7155439, 12.9631702], [77.7159294, 12.9632347], [77.716193, 12.9632792], [77.7161655, 12.9631318], [77.716162, 12.9631136], [77.7161239, 12.9628676], [77.7151535, 12.9627029], [77.715121, 12.9628736], [77.7150793, 12.9630924]]]}}, {"type": "Feature", "properties": {"id": "way/359408162", "name": "Yelahanka 5th Phase Park", "kind": "park", "source": "OpenStreetMap"}, "geometry": {"type": "Polygon", "coordinates": [[[77.5734784, 13.107205], [77.5737445, 13.1071474], [77.5736606, 13.1068324], [77.5735805, 13.1065318], [77.5729319, 13.1066852], [77.5729281, 13.1073173], [77.5734784, 13.107205]]]}}, {"type": "Feature", "properties": {"id": "way/362880376", "name": "Kids Playground", "kind": "park", "source": "OpenStreetMap"}, "geometry": {"type": "Polygon", "coordinates": [[[77.4820144, 12.9195583], [77.4823581, 12.9194395], [77.4819269, 12.9182548], [77.4815832, 12.9183736], [77.4820144, 12.9195583]]]}}, {"type": "Feature", "properties": {"id": "way/362882089", "name": "South City Park", "kind": "park", "source": "OpenStreetMap"}, "geometry": {"type": "Polygon", "coordinates": [[[77.5892854, 12.8891773], [77.5893633, 12.888922], [77.590832, 12.8887115], [77.5916248, 12.8884424], [77.5915045, 12.8897396], [77.5900569, 12.8894119], [77.5892854, 12.8891773]]]}}, {"type": "Feature", "properties": {"id": "way/362886442", "name": "Maruthi Layout Park", "kind": "park", "source": "OpenStreetMap"}, "geometry": {"type": "Polygon", "coordinates": [[[77.6072372, 12.9211937], [77.60702, 12.9203276], [77.6072488, 12.9202731], [77.607466, 12.9211392], [77.6072372, 12.9211937]]]}}, {"type": "Feature", "properties": {"id": "way/362888858", "name": "Vijaya Bank Layout Park", "kind": "park", "source": "OpenStreetMap"}, "geometry": {"type": "Polygon", "coordinates": [[[77.6065348, 12.8916227], [77.607456, 12.8916468], [77.6074972, 12.8917656], [77.6076795, 12.8918118], [77.6077051, 12.8919522], [77.6081964, 12.8920981], [77.6087197, 12.8922959], [77.6092686, 12.8925744], [77.6097788, 12.8923545], [77.608682, 12.8918508], [77.608128, 12.8916317], [77.6075692, 12.8914353], [77.607277, 12.8913692], [77.6069847, 12.8913345], [77.6064321, 12.8912868], [77.6065348, 12.8916227]]]}}, {"type": "Feature", "properties": {"id": "way/362891218", "name": "BBMP", "kind": "park", "source": "OpenStreetMap"}, "geometry": {"type": "Polygon", "coordinates": [[[77.5619039, 12.9007432], [77.5615483, 12.9004505], [77.5624262, 12.89971], [77.5625925, 12.8996838], [77.5627494, 12.8997544], [77.5619039, 12.9007432]]]}}, {"type": "Feature", "properties": {"id": "way/362892978", "name": "New BDA Layout Park", "kind": "park", "source": "OpenStreetMap"}, "geometry": {"type": "Polygon", "coordinates": [[[77.5381649, 12.9442623], [77.5385688, 12.9441098], [77.5386155, 12.9436115], [77.5383353, 12.9435842], [77.5383236, 12.9437298], [77.5382092, 12.9437275], [77.5381649, 12.9442623]]]}}, {"type": "Feature", "properties": {"id": "way/362894524", "name": "Banagiri Nagar BBMP Park", "kind": "park", "source": "OpenStreetMap"}, "geometry": {"type": "Polygon", "coordinates": [[[77.5585555, 12.9234454], [77.5589183, 12.9233889], [77.5587911, 12.9223411], [77.5583215, 12.9224894], [77.5585006, 12.923221], [77.5585555, 12.9234454]]]}}, {"type": "Feature", "properties": {"id": "way/362907846", "name": "Shamanna Park", "kind": "park", "source": "OpenStreetMap"}, "geometry": {"type": "Polygon", "coordinates": [[[77.5712095, 12.9376855], [77.5717819, 12.9376819], [77.5717837, 12.9379527], [77.5712113, 12.9379563], [77.5712095, 12.9376855]]]}}, {"type": "Feature", "properties": {"id": "way/362909552", "name": "Hanumanth Nagar Park", "kind": "park", "source": "OpenStreetMap"}, "geometry": {"type": "Polygon", "coordinates": [[[77.5628192, 12.9468363], [77.5632909, 12.9468289], [77.5632945, 12.9470472], [77.5637526, 12.94704], [77.5637525, 12.9472422], [77.5641994, 12.9472403], [77.5642212, 12.9480481], [77.5639036, 12.9480531], [77.5639022, 12.9479723], [77.5630644, 12.9480162], [77.5629297, 12.9474534], [77.5627349, 12.9474873], [77.5628192, 12.9468363]]]}}, {"type": "Feature", "properties": {"id": "way/362911796", "name": "Cricket Ground", "kind": "park", "source": "OpenStreetMap"}, "geometry": {"type": "Polygon", "coordinates": [[[77.5249637, 12.914977], [77.5248725, 12.9143679], [77.5261197, 12.9143783], [77.5261465, 12.9146476], [77.5256117, 12.914823], [77.5253097, 12.9149221], [77.5249637, 12.914977]]]}}, {"type": "Feature", "properties": {"id": "way/362913765", "name": "Netaji Memorial Park", "kind": "park", "source": "OpenStreetMap"}, "geometry": {"type": "Polygon", "coordinates": [[[77.5179527, 12.9285942], [77.5179686, 12.9289197], [77.5184777, 12.9299757], [77.5179033, 12.9303489], [77.5170393, 12.9287376], [77.5176146, 12.928471], [77.5177231, 12.9286983], [77.5179527, 12.9285942]]]}}, {"type": "Feature", "properties": {"id": "way/362914141", "name": "Siddalingaiah Park", "kind": "park", "source": "OpenStreetMap"}, "geometry": {"type": "Polygon", "coordinates": [[[77.5208802, 12.9298325], [77.5208058, 12.9295194], [77.52124, 12.9293875], [77.5215926, 12.9292804], [77.5216938, 12.9295819], [77.5214745, 12.929776], [77.521427, 12.9296508], [77.5208802, 12.9298325]]]}}, {"type": "Feature", "properties": {"id": "way/362916463", "name": "Vishveshwaraiah Layout 5th Block Park", "kind": "park", "source": "OpenStreetMap"}, "geometry": {"type": "Polygon", "coordinates": [[[77.479739, 12.9529831], [77.4794741, 12.9520404], [77.4800475, 12.9519524], [77.4803195, 12.9528316], [77.479739, 12.9529831]]]}}, {"type": "Feature", "properties": {"id": "way/362919672", "name": "BBMP Park", "kind": "park", "source": "OpenStreetMap"}, "geometry": {"type": "Polygon", "coordinates": [[[77.6366303, 12.9186065], [77.6362563, 12.9182551], [77.6368745, 12.9181152], [77.6368639, 12.9184092], [77.6367123, 12.9184288], [77.6367163, 12.9184594], [77.6366167, 12.9184773], [77.6366303, 12.9186065]]]}}, {"type": "Feature", "properties": {"id": "way/362920330", "name": "Rectangle Park", "kind": "park", "source": "OpenStreetMap"}, "geometry": {"type": "Polygon", "coordinates": [[[77.6291347, 12.9326399], [77.6292143, 12.9325392], [77.629728, 12.931531], [77.6298775, 12.931704], [77.6295852, 12.9322515], [77.6292857, 12.9328307], [77.6291347, 12.9326399]]]}}, {"type": "Feature", "properties": {"id": "way/362920876", "name": "Swabhimana Park", "kind": "park", "source": "OpenStreetMap"}, "geometry": {"type": "Polygon", "coordinates": [[[77.6349111, 12.9274591], [77.634938, 12.9272248], [77.6361477, 12.9274313], [77.6354299, 12.9278033], [77.6354456, 12.9275167], [77.6349111, 12.9274591]]]}}, {"type": "Feature", "properties": {"id": "way/362921972", "name": "Children's Park", "kind": "park", "source": "OpenStreetMap"}, "geometry": {"type": "Polygon", "coordinates": [[[77.6326849, 12.9333854], [77.6330351, 12.9330344], [77.6328799, 12.9328873], [77.6325297, 12.9332383], [77.6326849, 12.9333854]]]}}, {"type": "Feature", "properties": {"id": "way/362922597", "name": "S T Bed Park at 5th Cross", "kind": "park", "source": "OpenStreetMap"}, "geometry": {"type": "Polygon", "coordinates": [[[77.6318146, 12.9346044], [77.6314277, 12.9342382], [77.6318295, 12.9338349], [77.6320298, 12.9340246], [77.6322164, 12.9342011], [77.6318146, 12.9346044]]]}}, {"type": "Feature", "properties": {"id": "way/362927674", "name": "Virla Children's Park", "kind": "park", "source": "OpenStreetMap"}, "geometry": {"type": "Polygon", "coordinates": [[[77.6840166, 12.9765604], [77.6837082, 12.9759555], [77.6838179, 12.9759034], [77.683765, 12.9758087], [77.6840852, 12.9756422], [77.6842765, 12.9755171], [77.684361, 12.9754609], [77.6842756, 12.9757915], [77.6842261, 12.9758679], [77.6838966, 12.976084], [77.684046, 12.9763566], [77.684141, 12.9764666], [77.6840789, 12.9765134], [77.6840166, 12.9765604]]]}}, {"type": "Feature", "properties": {"id": "way/362931600", "name": "BM Kaval Park", "kind": "park", "source": "OpenStreetMap"}, "geometry": {"type": "Polygon", "coordinates": [[[77.6444957, 12.9807521], [77.6445461, 12.9801675], [77.6447836, 12.980187], [77.6450351, 12.9802076], [77.6450272, 12.9802997], [77.6449847, 12.9807921], [77.6444957, 12.9807521]]]}}, {"type": "Feature", "properties": {"id": "way/362932940", "name": "Shivaram Karanth Park", "kind": "park", "source": "OpenStreetMap"}, "geometry": {"type": "Polygon", "coordinates": [[[77.6612295, 13.0033102], [77.6614396, 13.0029212], [77.6625488, 13.003474], [77.6625137, 13.00397], [77.6612295, 13.0033102]]]}}, {"type": "Feature", "properties": {"id": "way/362936827", "name": "BBMP Park", "kind": "park", "source": "OpenStreetMap"}, "geometry": {"type": "Polygon", "coordinates": [[[77.6269238, 13.0274576], [77.6268567, 13.0271649], [77.6279376, 13.0270264], [77.6280208, 13.0272851], [77.6269238, 13.0274576]]]}}, {"type": "Feature", "properties": {"id": "way/363065446", "name": "BBMP PARK", "kind": "park", "source": "OpenStreetMap"}, "geometry": {"type": "Polygon", "coordinates": [[[77.487671, 12.995537], [77.4875053, 12.9946747], [77.4879559, 12.9944995], [77.4882221, 12.9952481], [77.487671, 12.995537]]]}}, {"type": "Feature", "properties": {"id": "way/363065482", "name": "BBMP Park", "kind": "park", "source": "OpenStreetMap"}, "geometry": {"type": "Polygon", "coordinates": [[[77.4861736, 12.9974294], [77.4860662, 12.9963965], [77.4867516, 12.9963911], [77.4863068, 12.9974464], [77.4861736, 12.9974294]]]}}, {"type": "Feature", "properties": {"id": "way/363067369", "name": "BBMP Park", "kind": "park", "source": "OpenStreetMap"}, "geometry": {"type": "Polygon", "coordinates": [[[77.5392573, 13.0188214], [77.5392396, 13.0180938], [77.5395545, 13.018049], [77.5396253, 13.0188214], [77.5392573, 13.0188214]]]}}, {"type": "Feature", "properties": {"id": "way/363067571", "name": "Ganesha Temple Park", "kind": "park", "source": "OpenStreetMap"}, "geometry": {"type": "Polygon", "coordinates": [[[77.5425062, 13.0160124], [77.5426892, 13.0159312], [77.5429961, 13.0159312], [77.5428599, 13.0161986], [77.5425062, 13.0160124]]]}}, {"type": "Feature", "properties": {"id": "way/363071335", "name": "ABC Park", "kind": "park", "source": "OpenStreetMap"}, "geometry": {"type": "Polygon", "coordinates": [[[77.5570453, 12.9864612], [77.5570342, 12.9862049], [77.5574812, 12.9861864], [77.5574924, 12.9864427], [77.5570453, 12.9864612]]]}}, {"type": "Feature", "properties": {"id": "way/363073628", "name": "Jyothivana Park", "kind": "park", "source": "OpenStreetMap"}, "geometry": {"type": "Polygon", "coordinates": [[[77.5752095, 13.0341529], [77.5753455, 13.033803], [77.5757047, 13.0340374], [77.5755818, 13.0343136], [77.5752095, 13.0341529]]]}}, {"type": "Feature", "properties": {"id": "way/363121717", "name": "Dollar's Colony Park", "kind": "park", "source": "OpenStreetMap"}, "geometry": {"type": "Polygon", "coordinates": [[[77.568976, 13.036486], [77.5690652, 13.0364843], [77.5697722, 13.0364929], [77.5697032, 13.0359296], [77.5696857, 13.0357869], [77.5692788, 13.0357685], [77.5690612, 13.0360595], [77.568976, 13.036486]]]}}, {"type": "Feature", "properties": {"id": "way/363142561", "name": "Journalist Colony Garden", "kind": "park", "source": "OpenStreetMap"}, "geometry": {"type": "Polygon", "coordinates": [[[77.5803904, 12.9584341], [77.5803657, 12.9576994], [77.5805674, 12.9576615], [77.5807868, 12.9584444], [77.5803904, 12.9584341]]]}}, {"type": "Feature", "properties": {"id": "way/363145084", "name": "Basava Park", "kind": "park", "source": "OpenStreetMap"}, "geometry": {"type": "Polygon", "coordinates": [[[77.5408256, 12.9850998], [77.5414911, 12.9848086], [77.5415471, 12.9841033], [77.5409256, 12.983993], [77.5409229, 12.984044], [77.5408366, 12.9845864], [77.5407968, 12.9849927], [77.5408256, 12.9850998]]]}}, {"type": "Feature", "properties": {"id": "way/363598202", "name": "Swami Vivekanada Park", "kind": "park", "source": "OpenStreetMap"}, "geometry": {"type": "Polygon", "coordinates": [[[77.6630183, 12.9974499], [77.6629242, 12.9976185], [77.6629342, 12.9977357], [77.66298, 12.9978465], [77.6633964, 12.9981866], [77.6634459, 12.9981423], [77.6630599, 12.9974962], [77.6630183, 12.9974499]]]}}, {"type": "Feature", "properties": {"id": "way/367411062", "name": "BBMP Amarjyothi Layout Park", "kind": "park", "source": "OpenStreetMap"}, "geometry": {"type": "Polygon", "coordinates": [[[77.5939642, 13.0347194], [77.5938516, 13.0344202], [77.5939213, 13.0342716], [77.5940501, 13.0339969], [77.5942647, 13.034611], [77.5939642, 13.0347194]]]}}, {"type": "Feature", "properties": {"id": "way/368722865", "name": "Swami Vivekananda Park", "kind": "park", "source": "OpenStreetMap"}, "geometry": {"type": "Polygon", "coordinates": [[[77.640991, 12.9782643], [77.6415347, 12.978286], [77.6415568, 12.977759], [77.64129, 12.9777483], [77.6410131, 12.9777373], [77.640991, 12.9782643]]]}}, {"type": "Feature", "properties": {"id": "way/369792972", "name": "Kempegowda Park", "kind": "park", "source": "OpenStreetMap"}, "geometry": {"type": "Polygon", "coordinates": [[[77.591593, 13.0454219], [77.5915551, 13.0450363], [77.5914603, 13.0442418], [77.5914478, 13.0441515], [77.5914297, 13.044062], [77.591406, 13.0439737], [77.5913768, 13.0438871], [77.5913383, 13.0437936], [77.5912935, 13.0437028], [77.5912424, 13.0436152], [77.5911854, 13.0435311], [77.5911227, 13.043451], [77.5910802, 13.0434213], [77.5910439, 13.0433847], [77.5910147, 13.0433425], [77.5909937, 13.0432958], [77.5909816, 13.0432467], [77.5909785, 13.0431962], [77.5909846, 13.043146], [77.593407, 13.042348], [77.593438, 13.0424192], [77.5933569, 13.0425294], [77.5931646, 13.0428247], [77.5929256, 13.0431973], [77.5928197, 13.0433797], [77.5926692, 13.0436222], [77.5925679, 13.0437767], [77.5924815, 13.0439423], [77.5923866, 13.0440969], [77.5923016, 13.0442447], [77.5922031, 13.044412], [77.5920879, 13.0445932], [77.5919199, 13.0448514], [77.591782, 13.0450885], [77.5916699, 13.0452941], [77.591593, 13.0454219]]]}}, {"type": "Feature", "properties": {"id": "way/371381437", "name": "Diagonal Park", "kind": "park", "source": "OpenStreetMap"}, "geometry": {"type": "Polygon", "coordinates": [[[77.6560626, 12.969572], [77.6563889, 12.9695438], [77.6560739, 12.9698939], [77.6560626, 12.969572]]]}}, {"type": "Feature", "properties": {"id": "way/376041268", "name": "Nallurahalli Park", "kind": "park", "source": "OpenStreetMap"}, "geometry": {"type": "Polygon", "coordinates": [[[77.7288057, 12.9702526], [77.7299014, 12.9701708], [77.7299155, 12.9695019], [77.7293775, 12.9695707], [77.7289118, 12.9695164], [77.7288315, 12.969639], [77.7287483, 12.9697661], [77.7288057, 12.9702526]]]}}, {"type": "Feature", "properties": {"id": "way/376802897", "name": "BBPM Park Ward 27", "kind": "park", "source": "OpenStreetMap"}, "geometry": {"type": "Polygon", "coordinates": [[[77.6269779, 13.0049061], [77.6268722, 13.0046128], [77.6269893, 13.0045727], [77.627095, 13.0048661], [77.6269779, 13.0049061]]]}}, {"type": "Feature", "properties": {"id": "way/385200731", "name": "Cooke Town Park", "kind": "park", "source": "OpenStreetMap"}, "geometry": {"type": "Polygon", "coordinates": [[[77.6213325, 13.0009171], [77.6218041, 13.000879], [77.621699, 13.0005835], [77.6216054, 13.0003203], [77.6211544, 13.0004748], [77.6212505, 13.0007134], [77.6213325, 13.0009171]]]}}, {"type": "Feature", "properties": {"id": "way/388178594", "name": "Garden Villas Park", "kind": "park", "source": "OpenStreetMap"}, "geometry": {"type": "Polygon", "coordinates": [[[77.519127, 12.9630618], [77.5189358, 12.9631092], [77.5189893, 12.963217], [77.5190322, 12.9634781], [77.5192232, 12.9634307], [77.519127, 12.9630618]]]}}, {"type": "Feature", "properties": {"id": "way/393741532", "name": "BDA Park", "kind": "park", "source": "OpenStreetMap"}, "geometry": {"type": "Polygon", "coordinates": [[[77.5567206, 12.9252467], [77.5566052, 12.9249641], [77.5558774, 12.9252462], [77.5559928, 12.9255289], [77.5567206, 12.9252467]]]}}, {"type": "Feature", "properties": {"id": "way/393754907", "name": "Laxman Rao Park", "kind": "park", "source": "OpenStreetMap"}, "geometry": {"type": "Polygon", "coordinates": [[[77.5801175, 12.9198358], [77.5801381, 12.9172851], [77.5798404, 12.9172828], [77.5798198, 12.9198335], [77.5801175, 12.9198358]]]}}, {"type": "Feature", "properties": {"id": "way/396653988", "name": "Sports Ground", "kind": "park", "source": "OpenStreetMap"}, "geometry": {"type": "Polygon", "coordinates": [[[77.5812587, 13.075509], [77.5815887, 13.0760522], [77.5822753, 13.0770966], [77.5836627, 13.0762763], [77.5847316, 13.0755247], [77.5842927, 13.0746146], [77.5831814, 13.074949], [77.5831389, 13.0748249], [77.5822895, 13.0750697], [77.5822718, 13.0751283], [77.5822541, 13.0752007], [77.5822187, 13.0752593], [77.5821692, 13.075311], [77.5821373, 13.0753593], [77.5812587, 13.075509]]]}}, {"type": "Feature", "properties": {"id": "way/400449960", "name": "Palace Grounds - Halls", "kind": "park", "source": "OpenStreetMap"}, "geometry": {"type": "Polygon", "coordinates": [[[77.5904951, 13.005402], [77.5908738, 13.005499], [77.5903779, 13.0038356], [77.5901959, 13.0038452], [77.5889592, 13.00391], [77.5888208, 13.0039173], [77.5883877, 13.0038177], [77.5871466, 13.0039126], [77.5871525, 13.0040999], [77.5870663, 13.0040942], [77.586101, 13.0040298], [77.5860929, 13.0038796], [77.5853835, 13.003809], [77.5853527, 13.00389], [77.5842527, 13.003743], [77.5841976, 13.00693], [77.5841891, 13.0074246], [77.5841767, 13.0081475], [77.584165, 13.0088303], [77.5841397, 13.0096966], [77.5841341, 13.0098882], [77.5841317, 13.0099719], [77.5840986, 13.0111043], [77.584165, 13.0117725], [77.5841629, 13.0141436], [77.5841628, 13.0142017], [77.5842066, 13.0142847], [77.5843234, 13.0144056], [77.5844329, 13.0144578], [77.5855206, 13.0143985], [77.5865184, 13.0142468], [77.5870537, 13.0140998], [77.5877302, 13.0137512], [77.5879979, 13.0135378], [77.5893756, 13.011707], [77.589396, 13.0116773], [77.5892022, 13.0116534], [77.5892412, 13.0109506], [77.5892834, 13.0101882], [77.5892946, 13.0099869], [77.5894289, 13.0082378], [77.5893901, 13.0075223], [77.5895242, 13.0059689], [77.5901004, 13.0059073], [77.590132, 13.0054613], [77.5904951, 13.005402]]]}}, {"type": "Feature", "properties": {"id": "way/400541947", "name": "BBMP Park", "kind": "park", "source": "OpenStreetMap"}, "geometry": {"type": "Polygon", "coordinates": [[[77.4834875, 13.0032954], [77.483315, 13.0026013], [77.4846642, 13.0023452], [77.4847722, 13.0026655], [77.4834875, 13.0032954]]]}}, {"type": "Feature", "properties": {"id": "way/403473913", "name": "YMCA Grounds", "kind": "park", "source": "OpenStreetMap"}, "geometry": {"type": "Polygon", "coordinates": [[[77.5887474, 12.9711916], [77.5884893, 12.9701266], [77.5877139, 12.970305], [77.587972, 12.9713701], [77.5887474, 12.9711916]]]}}, {"type": "Feature", "properties": {"id": "way/403474874", "name": "ASC War Memorial", "kind": "park", "source": "OpenStreetMap"}, "geometry": {"type": "Polygon", "coordinates": [[[77.6179531, 12.9653109], [77.61793, 12.9652695], [77.6194435, 12.9647745], [77.6196581, 12.9647575], [77.6199397, 12.9648856], [77.6198003, 12.9654175], [77.6196568, 12.9654083], [77.6195428, 12.9654449], [77.6179531, 12.9653109]]]}}, {"type": "Feature", "properties": {"id": "way/411052967", "name": "Kohinoor Field", "kind": "park", "source": "OpenStreetMap"}, "geometry": {"type": "Polygon", "coordinates": [[[77.5660377, 12.9473677], [77.5660325, 12.9480571], [77.5664711, 12.9480624], [77.5664766, 12.9473683], [77.5660377, 12.9473677]]]}}, {"type": "Feature", "properties": {"id": "way/411067253", "name": "Udayabhanu Public Playground", "kind": "park", "source": "OpenStreetMap"}, "geometry": {"type": "Polygon", "coordinates": [[[77.5674638, 12.9515517], [77.567394, 12.9515534], [77.5667041, 12.9515711], [77.5665961, 12.9515739], [77.5665572, 12.9511922], [77.5674638, 12.951187], [77.5674638, 12.9515517]]]}}, {"type": "Feature", "properties": {"id": "way/412935378", "name": "Kempegowda Park", "kind": "park", "source": "OpenStreetMap"}, "geometry": {"type": "Polygon", "coordinates": [[[77.5359531, 12.9972387], [77.535945, 12.9981352], [77.5364573, 12.9980646], [77.5366612, 12.9977667], [77.5366907, 12.9976255], [77.5364332, 12.9975106], [77.536452, 12.9973198], [77.5359531, 12.9972387]]]}}, {"type": "Feature", "properties": {"id": "way/432729333", "name": "ITI Layout Park", "kind": "park", "source": "OpenStreetMap"}, "geometry": {"type": "Polygon", "coordinates": [[[77.641481, 12.9005961], [77.6404019, 12.9007329], [77.640312, 12.900026], [77.6414135, 12.8999058], [77.641481, 12.9005961]]]}}, {"type": "Feature", "properties": {"id": "way/437565300", "name": "JJR Nagar Park", "kind": "park", "source": "OpenStreetMap"}, "geometry": {"type": "Polygon", "coordinates": [[[77.5553363, 12.9643056], [77.5562593, 12.9640734], [77.5561923, 12.9638526], [77.5552739, 12.9639957], [77.555228, 12.9642605], [77.5553363, 12.9643056]]]}}, {"type": "Feature", "properties": {"id": "way/437565301", "name": "Police Parade Grounds", "kind": "park", "source": "OpenStreetMap"}, "geometry": {"type": "Polygon", "coordinates": [[[77.5607917, 12.9617698], [77.5607756, 12.9626847], [77.5622776, 12.9627971], [77.5625405, 12.9618953], [77.5607917, 12.9617698]]]}}, {"type": "Feature", "properties": {"id": "way/454700271", "name": "Rani Chennamma Park", "kind": "park", "source": "OpenStreetMap"}, "geometry": {"type": "Polygon", "coordinates": [[[77.6534981, 12.9694405], [77.653007, 12.9695037], [77.6529899, 12.9693776], [77.6529721, 12.9692469], [77.6534631, 12.9691835], [77.653471, 12.9692426], [77.6534981, 12.9694405]]]}}, {"type": "Feature", "properties": {"id": "way/460600474", "name": "Queen's Park", "kind": "park", "source": "OpenStreetMap"}, "geometry": {"type": "Polygon", "coordinates": [[[77.5969798, 12.9802482], [77.5970306, 12.9801246], [77.5984375, 12.9770537], [77.5984774, 12.9769788], [77.5985472, 12.9768925], [77.5986491, 12.9768193], [77.5987677, 12.9767684], [77.5989019, 12.9767416], [77.5990018, 12.9768454], [77.5973666, 12.9804869], [77.5973363, 12.9805197], [77.5973007, 12.9805435], [77.5972601, 12.9805559], [77.5972186, 12.980564], [77.5971737, 12.9805681], [77.5971289, 12.9805631], [77.597092, 12.9805468], [77.5970561, 12.9805187], [77.5970222, 12.9804898], [77.5969936, 12.980456], [77.5969738, 12.9804198], [77.5969596, 12.9803788], [77.5969531, 12.9803343], [77.596962, 12.9802899], [77.5969798, 12.9802482]]]}}, {"type": "Feature", "properties": {"id": "way/462300034", "name": "East park", "kind": "park", "source": "OpenStreetMap"}, "geometry": {"type": "Polygon", "coordinates": [[[77.6191759, 13.0005245], [77.6190385, 13.0002635], [77.6197014, 12.9998774], [77.6198449, 12.9999693], [77.6191759, 13.0005245]]]}}, {"type": "Feature", "properties": {"id": "way/464282944", "name": "BBMP Park", "kind": "park", "source": "OpenStreetMap"}, "geometry": {"type": "Polygon", "coordinates": [[[77.7023751, 12.9689293], [77.7020587, 12.9687103], [77.7018815, 12.9686159], [77.702006, 12.9683688], [77.7026039, 12.9682498], [77.7027143, 12.9683526], [77.7023751, 12.9689293]]]}}, {"type": "Feature", "properties": {"id": "way/464283854", "name": "Children's play park", "kind": "park", "source": "OpenStreetMap"}, "geometry": {"type": "Polygon", "coordinates": [[[77.6992816, 12.9703517], [77.6996905, 12.9702391], [77.6993752, 12.9707393], [77.6992816, 12.9703517]]]}}, {"type": "Feature", "properties": {"id": "way/466642967", "name": "Jaraganahalli Park", "kind": "park", "source": "OpenStreetMap"}, "geometry": {"type": "Polygon", "coordinates": [[[77.5751451, 12.9032156], [77.5755955, 12.9032427], [77.5759491, 12.9032639], [77.5759522, 12.9029326], [77.5759553, 12.9025934], [77.5756303, 12.9025802], [77.5756313, 12.9025221], [77.5751563, 12.9025053], [77.5751501, 12.9028988], [77.5751451, 12.9032156]]]}}, {"type": "Feature", "properties": {"id": "way/468620531", "name": "Small Park, used by local residents", "kind": "park", "source": "OpenStreetMap"}, "geometry": {"type": "Polygon", "coordinates": [[[77.6534149, 12.9588206], [77.6535284, 12.9592252], [77.6535961, 12.9592072], [77.6534826, 12.9588026], [77.6534149, 12.9588206]]]}}, {"type": "Feature", "properties": {"id": "way/469224891", "name": "AGS Layout park", "kind": "park", "source": "OpenStreetMap"}, "geometry": {"type": "Polygon", "coordinates": [[[77.5421521, 12.9174832], [77.5420682, 12.9175411], [77.542062, 12.917367], [77.5426557, 12.916233], [77.5427767, 12.9161926], [77.5428569, 12.9162018], [77.5421521, 12.9174832]]]}}, {"type": "Feature", "properties": {"id": "way/469280254", "name": "JIT's mini park", "kind": "park", "source": "OpenStreetMap"}, "geometry": {"type": "Polygon", "coordinates": [[[77.5121259, 12.8419249], [77.5124714, 12.841835], [77.5123684, 12.841517], [77.512023, 12.8416216], [77.5121259, 12.8419249]]]}}, {"type": "Feature", "properties": {"id": "way/469345926", "name": "PSN West Side ground", "kind": "park", "source": "OpenStreetMap"}, "geometry": {"type": "Polygon", "coordinates": [[[77.7258268, 12.9937332], [77.7260709, 12.9948467], [77.7267294, 12.9943348], [77.7267347, 12.9924592], [77.7259637, 12.9935411], [77.7258268, 12.9937332]]]}}, {"type": "Feature", "properties": {"id": "way/469349055", "name": "Atal Bihari Vajpayee Park", "kind": "park", "source": "OpenStreetMap"}, "geometry": {"type": "Polygon", "coordinates": [[[77.5630905, 12.9048145], [77.563042, 12.9047122], [77.5624432, 12.9034967], [77.5621537, 12.9034832], [77.5619094, 12.9035843], [77.5619497, 12.9036631], [77.5626417, 12.9050086], [77.5630905, 12.9048145]]]}}, {"type": "Feature", "properties": {"id": "way/469349058", "name": "Ambabhavi park", "kind": "park", "source": "OpenStreetMap"}, "geometry": {"type": "Polygon", "coordinates": [[[77.5620177, 12.9051125], [77.5622685, 12.90501], [77.5620587, 12.9045769], [77.5619407, 12.9046345], [77.5620177, 12.9051125]]]}}, {"type": "Feature", "properties": {"id": "way/469397582", "name": "Rainbow Drive Park", "kind": "park", "source": "OpenStreetMap"}, "geometry": {"type": "Polygon", "coordinates": [[[77.6875724, 12.9080634], [77.687946, 12.9080748], [77.688009, 12.9077721], [77.6878316, 12.907747], [77.6878292, 12.9076309], [77.6876658, 12.9076264], [77.6876541, 12.9078358], [77.6875654, 12.9078494], [77.6875724, 12.9080634]]]}}, {"type": "Feature", "properties": {"id": "way/469415969", "name": "Igate Park", "kind": "park", "source": "OpenStreetMap"}, "geometry": {"type": "Polygon", "coordinates": [[[77.7169496, 12.9727296], [77.7164929, 12.9726058], [77.7164577, 12.9725113], [77.7162297, 12.9725008], [77.7161392, 12.9723087], [77.7167977, 12.9721727], [77.7169496, 12.9727296]]]}}, {"type": "Feature", "properties": {"id": "way/469527203", "name": "BBMP Panduranga Park", "kind": "park", "source": "OpenStreetMap"}, "geometry": {"type": "Polygon", "coordinates": [[[77.5951658, 12.8959164], [77.5951903, 12.8957713], [77.5953857, 12.894617], [77.5955922, 12.8955975], [77.5956781, 12.8958589], [77.5951658, 12.8959164]]]}}, {"type": "Feature", "properties": {"id": "way/469608710", "name": "Purva Park Club House", "kind": "park", "source": "OpenStreetMap"}, "geometry": {"type": "Polygon", "coordinates": [[[77.6274301, 12.9991702], [77.6275019, 12.99911], [77.6275657, 12.9991255], [77.6276136, 12.9990983], [77.6276395, 12.999108], [77.6276455, 12.9991644], [77.6274939, 12.9992654], [77.6274301, 12.9991702]]]}}, {"type": "Feature", "properties": {"id": "way/469892595", "name": "Vidyaranyapura BBMP Sports Complex", "kind": "park", "source": "OpenStreetMap"}, "geometry": {"type": "Polygon", "coordinates": [[[77.5554484, 13.0760302], [77.5558191, 13.0758702], [77.556412, 13.0756144], [77.5559495, 13.0745822], [77.5552693, 13.0748566], [77.5549619, 13.0749809], [77.5550087, 13.0753291], [77.5550196, 13.0754679], [77.5554484, 13.0760302]]]}}, {"type": "Feature", "properties": {"id": "way/470510882", "name": "Sigma Park", "kind": "park", "source": "OpenStreetMap"}, "geometry": {"type": "Polygon", "coordinates": [[[77.7437514, 12.9572999], [77.7437124, 12.9571171], [77.7440663, 12.957024], [77.7441265, 12.9572137], [77.7439531, 12.9572585], [77.7437514, 12.9572999]]]}}, {"type": "Feature", "properties": {"id": "way/471446263", "name": "M C Layout Park", "kind": "park", "source": "OpenStreetMap"}, "geometry": {"type": "Polygon", "coordinates": [[[77.5347125, 12.9703754], [77.5350695, 12.9702659], [77.5354696, 12.9701234], [77.5355655, 12.9704059], [77.5347732, 12.9706637], [77.5347125, 12.9703754]]]}}, {"type": "Feature", "properties": {"id": "way/472979274", "name": "Geleyara Balaga Association Playground", "kind": "park", "source": "OpenStreetMap"}, "geometry": {"type": "Polygon", "coordinates": [[[77.5053785, 13.0743742], [77.5051645, 13.0746033], [77.5049428, 13.074828], [77.5046198, 13.0751267], [77.5043907, 13.0748781], [77.5045681, 13.0746614], [77.5047745, 13.0742188], [77.5053785, 13.0743742]]]}}, {"type": "Feature", "properties": {"id": "way/483509324", "name": "Dollars Colony Park", "kind": "park", "source": "OpenStreetMap"}, "geometry": {"type": "Polygon", "coordinates": [[[77.5961874, 12.9034496], [77.5961819, 12.9032283], [77.5961693, 12.9028627], [77.5970428, 12.9025612], [77.5970806, 12.9034387], [77.5965308, 12.9034454], [77.5961874, 12.9034496]]]}}, {"type": "Feature", "properties": {"id": "way/484687954", "name": "Chandra Reddy", "kind": "park", "source": "OpenStreetMap"}, "geometry": {"type": "Polygon", "coordinates": [[[77.6311607, 12.9360592], [77.631255, 12.936002], [77.6312913, 12.9360587], [77.631197, 12.936116], [77.6311607, 12.9360592]]]}}, {"type": "Feature", "properties": {"id": "way/485554984", "name": "BTM Water Tank Park", "kind": "park", "source": "OpenStreetMap"}, "geometry": {"type": "Polygon", "coordinates": [[[77.6011999, 12.9155464], [77.6023432, 12.9156078], [77.6023458, 12.9153712], [77.6012046, 12.9153251], [77.6011999, 12.9155464]]]}}, {"type": "Feature", "properties": {"id": "way/495353387", "name": "RIT hostel courtyard 2", "kind": "park", "source": "OpenStreetMap"}, "geometry": {"type": "Polygon", "coordinates": [[[77.5648852, 13.0325466], [77.5648315, 13.0322723], [77.5650622, 13.032267], [77.5650703, 13.0325179], [77.5648852, 13.0325466]]]}}, {"type": "Feature", "properties": {"id": "way/495353388", "name": "RIT Hostel courtyard 1", "kind": "park", "source": "OpenStreetMap"}, "geometry": {"type": "Polygon", "coordinates": [[[77.5648342, 13.0321573], [77.5649603, 13.0321442], [77.5649335, 13.0319404], [77.5648128, 13.0319404], [77.5648342, 13.0321573]]]}}, {"type": "Feature", "properties": {"id": "way/499256297", "name": "Maithri Layout Park", "kind": "park", "source": "OpenStreetMap"}, "geometry": {"type": "Polygon", "coordinates": [[[77.7556906, 12.9846617], [77.7560125, 12.9845232], [77.7559079, 12.9842566], [77.7555726, 12.9844056], [77.7556906, 12.9846617]]]}}, {"type": "Feature", "properties": {"id": "way/501844307", "name": "ISRO Layout Children's Park", "kind": "park", "source": "OpenStreetMap"}, "geometry": {"type": "Polygon", "coordinates": [[[77.5574798, 12.8975913], [77.5573004, 12.8973481], [77.5578269, 12.8969142], [77.5580331, 12.8971437], [77.5577984, 12.8973276], [77.557757, 12.897365], [77.5574798, 12.8975913]]]}}, {"type": "Feature", "properties": {"id": "way/511623036", "name": "Nandanvan Childrens play Park", "kind": "park", "source": "OpenStreetMap"}, "geometry": {"type": "Polygon", "coordinates": [[[77.5890286, 12.9215779], [77.5890249, 12.9211583], [77.5893736, 12.9211553], [77.5893773, 12.9215749], [77.5890286, 12.9215779]]]}}, {"type": "Feature", "properties": {"id": "way/512515892", "name": "Makkala Koota Playground & Children Park", "kind": "park", "source": "OpenStreetMap"}, "geometry": {"type": "Polygon", "coordinates": [[[77.5728594, 12.9573848], [77.5721803, 12.9573837], [77.5721213, 12.9579117], [77.5730125, 12.9579913], [77.5728594, 12.9573848]]]}}, {"type": "Feature", "properties": {"id": "way/515289715", "name": "BMSIT", "kind": "park", "source": "OpenStreetMap"}, "geometry": {"type": "Polygon", "coordinates": [[[77.5676363, 13.1332937], [77.567639, 13.1332075], [77.5676685, 13.1330847], [77.5677141, 13.1329881], [77.5678535, 13.1328862], [77.5679555, 13.1327686], [77.5681834, 13.1326642], [77.5683551, 13.1326537], [77.5685026, 13.1326694], [77.5686206, 13.132706], [77.5686609, 13.1327373], [77.5686984, 13.1328653], [77.5687226, 13.1329437], [77.5687306, 13.1330063], [77.5687413, 13.1331369], [77.5687655, 13.133231], [77.5687548, 13.133312], [77.5687038, 13.1333929], [77.5676363, 13.1332937]]]}}, {"type": "Feature", "properties": {"id": "way/515344856", "name": "Amruth Park", "kind": "park", "source": "OpenStreetMap"}, "geometry": {"type": "Polygon", "coordinates": [[[77.6184758, 12.9360715], [77.6184078, 12.9358991], [77.6183383, 12.935716], [77.6188213, 12.9356115], [77.6189548, 12.935817], [77.6184758, 12.9360715]]]}}, {"type": "Feature", "properties": {"id": "way/526096135", "name": "Childrens Playing Park", "kind": "park", "source": "OpenStreetMap"}, "geometry": {"type": "Polygon", "coordinates": [[[77.626147, 12.9813503], [77.626147, 12.9808274], [77.6262385, 12.9808037], [77.6263706, 12.9813246], [77.626147, 12.9813503]]]}}, {"type": "Feature", "properties": {"id": "way/531496318", "name": "PSN Courts and forest", "kind": "park", "source": "OpenStreetMap"}, "geometry": {"type": "Polygon", "coordinates": [[[77.7293323, 12.9942884], [77.7300837, 12.9945245], [77.7301937, 12.9942057], [77.7294989, 12.9937954], [77.729401, 12.9940149], [77.7293323, 12.9942884]]]}}, {"type": "Feature", "properties": {"id": "way/531496933", "name": "PSN Central park", "kind": "park", "source": "OpenStreetMap"}, "geometry": {"type": "Polygon", "coordinates": [[[77.728992, 12.9947846], [77.7283711, 12.9945298], [77.7279681, 12.9942888], [77.7276027, 12.9939849], [77.7275597, 12.9938399], [77.7276218, 12.9935793], [77.7277329, 12.9934554], [77.7278762, 12.9934413], [77.7294587, 12.9937235], [77.7292123, 12.9942838], [77.728992, 12.9947846]]]}}, {"type": "Feature", "properties": {"id": "way/531497825", "name": "Tower 17 Childrens park", "kind": "park", "source": "OpenStreetMap"}, "geometry": {"type": "Polygon", "coordinates": [[[77.7297583, 12.9936608], [77.7300114, 12.9932983], [77.7297271, 12.9931519], [77.7297027, 12.9932218], [77.7296844, 12.9932743], [77.7295915, 12.9936125], [77.7297583, 12.9936608]]]}}, {"type": "Feature", "properties": {"id": "way/531498206", "name": "Park between tower 12 and 13", "kind": "park", "source": "OpenStreetMap"}, "geometry": {"type": "Polygon", "coordinates": [[[77.7299442, 12.9955621], [77.7300005, 12.9951387], [77.7301695, 12.9951675], [77.7300917, 12.9955987], [77.7299442, 12.9955621]]]}}, {"type": "Feature", "properties": {"id": "way/531498332", "name": "Park between tower 11 and 12", "kind": "park", "source": "OpenStreetMap"}, "geometry": {"type": "Polygon", "coordinates": [[[77.7291262, 12.9954838], [77.7292662, 12.9955223], [77.7293515, 12.9951542], [77.7292281, 12.9951153], [77.7291262, 12.9954838]]]}}, {"type": "Feature", "properties": {"id": "way/541310745", "name": "Childrens Park", "kind": "park", "source": "OpenStreetMap"}, "geometry": {"type": "Polygon", "coordinates": [[[77.7284487, 12.9953724], [77.7286257, 12.9949333], [77.7284809, 12.9948497], [77.7282985, 12.9953254], [77.7284487, 12.9953724]]]}}, {"type": "Feature", "properties": {"id": "way/541926882", "name": "JR Greenwich Society Park", "kind": "park", "source": "OpenStreetMap"}, "geometry": {"type": "Polygon", "coordinates": [[[77.7095519, 12.8948111], [77.7098971, 12.8946679], [77.7097967, 12.8944394], [77.7099332, 12.8943766], [77.7097967, 12.8940551], [77.7093329, 12.8942561], [77.7095519, 12.8948111]]]}}, {"type": "Feature", "properties": {"id": "way/542443489", "name": "MS Ramaiah Park", "kind": "park", "source": "OpenStreetMap"}, "geometry": {"type": "Polygon", "coordinates": [[[77.5684978, 13.0324725], [77.5687713, 13.0322948], [77.5684012, 13.0317095], [77.5681572, 13.0319237], [77.5684978, 13.0324725]]]}}, {"type": "Feature", "properties": {"id": "way/545806416", "name": "BBMP Playground", "kind": "park", "source": "OpenStreetMap"}, "geometry": {"type": "Polygon", "coordinates": [[[77.5523429, 13.0037068], [77.5527627, 13.0037763], [77.5526688, 13.0033554], [77.5523962, 13.0033228], [77.5523429, 13.0037068]]]}}, {"type": "Feature", "properties": {"id": "way/545814727", "name": "RIT Sports Ground", "kind": "park", "source": "OpenStreetMap"}, "geometry": {"type": "Polygon", "coordinates": [[[77.5664911, 13.0345545], [77.566613, 13.0351531], [77.5674593, 13.0350902], [77.5674713, 13.0341329], [77.5666752, 13.0342098], [77.5666656, 13.0345289], [77.5664911, 13.0345545]]]}}, {"type": "Feature", "properties": {"id": "way/546260806", "name": "MEBP Park1", "kind": "park", "source": "OpenStreetMap"}, "geometry": {"type": "Polygon", "coordinates": [[[77.6199285, 13.0481073], [77.6200259, 13.0478867], [77.6200318, 13.0476422], [77.6200889, 13.0476294], [77.6211489, 13.0473913], [77.6212549, 13.0477976], [77.6204272, 13.0479909], [77.6199285, 13.0481073]]]}}, {"type": "Feature", "properties": {"id": "way/546261158", "name": "The Arena", "kind": "park", "source": "OpenStreetMap"}, "geometry": {"type": "Polygon", "coordinates": [[[77.6219993, 13.0509024], [77.6218606, 13.0503729], [77.6220534, 13.0503795], [77.6222162, 13.0502762], [77.622354, 13.0508108], [77.6219993, 13.0509024]]]}}, {"type": "Feature", "properties": {"id": "way/547652016", "name": "BNV Park", "kind": "park", "source": "OpenStreetMap"}, "geometry": {"type": "Polygon", "coordinates": [[[77.5944285, 12.9096295], [77.594423, 12.9090455], [77.5950842, 12.9090241], [77.5951148, 12.9096117], [77.5949947, 12.9096172], [77.5944285, 12.9096295], [77.5944151, 12.9101142], [77.5944285, 12.9096295]]]}}, {"type": "Feature", "properties": {"id": "way/548650200", "name": "University Pitch", "kind": "park", "source": "OpenStreetMap"}, "geometry": {"type": "Polygon", "coordinates": [[[77.5335087, 13.1702229], [77.534597, 13.1698741], [77.5344189, 13.1693475], [77.5333306, 13.1696963], [77.5335087, 13.1702229]]]}}, {"type": "Feature", "properties": {"id": "way/550086544", "name": "Koramangala stadium", "kind": "park", "source": "OpenStreetMap"}, "geometry": {"type": "Polygon", "coordinates": [[[77.6203093, 12.940364], [77.6199632, 12.9398816], [77.6203237, 12.9395721], [77.6206955, 12.9399966], [77.6205119, 12.9401611], [77.6203093, 12.940364]]]}}, {"type": "Feature", "properties": {"id": "way/550244247", "name": "St. Joseph's Playground", "kind": "park", "source": "OpenStreetMap"}, "geometry": {"type": "Polygon", "coordinates": [[[77.5967125, 12.9636484], [77.5964865, 12.9631956], [77.5963404, 12.9629027], [77.5969459, 12.9626158], [77.596976, 12.962676], [77.5970314, 12.9626497], [77.5972206, 12.963029], [77.5972927, 12.9629948], [77.5974455, 12.9633011], [77.5967125, 12.9636484]]]}}, {"type": "Feature", "properties": {"id": "way/552372245", "name": "Dr. Puneeth Rajkumar Park", "kind": "park", "source": "OpenStreetMap"}, "geometry": {"type": "Polygon", "coordinates": [[[77.6411899, 13.0237824], [77.6418861, 13.0235003], [77.6417586, 13.022215], [77.6410765, 13.0223821], [77.6411899, 13.0237824]]]}}, {"type": "Feature", "properties": {"id": "way/552430276", "name": "Sahakara Nagar CQAL Kids Park", "kind": "park", "source": "OpenStreetMap"}, "geometry": {"type": "Polygon", "coordinates": [[[77.579828, 13.061487], [77.5797154, 13.0615183], [77.5798407, 13.0619078], [77.5799528, 13.062088], [77.5801633, 13.0623439], [77.5806488, 13.0628952], [77.5808768, 13.0627353], [77.5801633, 13.0622068], [77.5800231, 13.0620097], [77.579828, 13.061487]]]}}, {"type": "Feature", "properties": {"id": "way/553065511", "name": "Dr. Ambedkar Park", "kind": "park", "source": "OpenStreetMap"}, "geometry": {"type": "Polygon", "coordinates": [[[77.6639817, 12.9589672], [77.664915, 12.9587888], [77.6651698, 12.9588867], [77.6651759, 12.9591049], [77.6640053, 12.9591856], [77.6639817, 12.9589672]]]}}, {"type": "Feature", "properties": {"id": "way/553192062", "name": "Ganesh Temple Park", "kind": "park", "source": "OpenStreetMap"}, "geometry": {"type": "Polygon", "coordinates": [[[77.5769991, 13.0711782], [77.577851, 13.0708933], [77.5787135, 13.0697315], [77.5785522, 13.0690356], [77.5769991, 13.0711782]]]}}, {"type": "Feature", "properties": {"id": "way/554938055", "name": "B Narayanapura Park", "kind": "park", "source": "OpenStreetMap"}, "geometry": {"type": "Polygon", "coordinates": [[[77.6771668, 12.9961466], [77.6762474, 12.9954198], [77.6760569, 12.9955988], [77.6760422, 12.9955687], [77.6758896, 12.9956484], [77.6760634, 12.9960028], [77.6758741, 12.9960909], [77.6760824, 12.9966318], [77.6762331, 12.9965643], [77.6771668, 12.9961466]]]}}, {"type": "Feature", "properties": {"id": "way/555927962", "name": "Football Ground", "kind": "park", "source": "OpenStreetMap"}, "geometry": {"type": "Polygon", "coordinates": [[[77.4355878, 12.8611435], [77.4359571, 12.8622532], [77.4361627, 12.8624326], [77.4362843, 12.8624772], [77.4363038, 12.8624766], [77.4364193, 12.8624395], [77.436574, 12.8623932], [77.436652, 12.8623581], [77.4367222, 12.8623266], [77.4368619, 12.8622856], [77.4369226, 12.862112], [77.4369041, 12.8619258], [77.4365506, 12.860813], [77.4355878, 12.8611435]]]}}, {"type": "Feature", "properties": {"id": "way/556950053", "name": "Padmanabhanagar Park", "kind": "park", "source": "OpenStreetMap"}, "geometry": {"type": "Polygon", "coordinates": [[[77.5577856, 12.9185816], [77.5581384, 12.9184744], [77.5580851, 12.9181442], [77.5580691, 12.9180605], [77.5579608, 12.9175619], [77.5576629, 12.9176584], [77.5574931, 12.9177166], [77.5574618, 12.9177273], [77.5571628, 12.9178336], [77.5572868, 12.9182137], [77.5573918, 12.9185477], [77.5575286, 12.9186136], [77.5577856, 12.9185816]]]}}, {"type": "Feature", "properties": {"id": "way/557688810", "name": "AMC College Ground", "kind": "park", "source": "OpenStreetMap"}, "geometry": {"type": "Polygon", "coordinates": [[[77.5898903, 12.8292726], [77.5899433, 12.8291946], [77.5899647, 12.8290691], [77.5899446, 12.8288194], [77.5899889, 12.828771], [77.589962, 12.8284009], [77.5898708, 12.8281093], [77.5897321, 12.828028], [77.5894189, 12.8280518], [77.589144, 12.8281015], [77.5889896, 12.8281714], [77.5889991, 12.8289737], [77.5890312, 12.8293312], [77.5898903, 12.8292726]]]}}, {"type": "Feature", "properties": {"id": "way/560133870", "name": "Tower 9 park", "kind": "park", "source": "OpenStreetMap"}, "geometry": {"type": "Polygon", "coordinates": [[[77.7275703, 12.9952148], [77.7277527, 12.9952461], [77.7278439, 12.9952357], [77.7278064, 12.9951468], [77.7277581, 12.9950632], [77.72786, 12.9947443], [77.7279244, 12.9946973], [77.7279297, 12.9946555], [77.7277742, 12.99453], [77.7275596, 12.9947078], [77.7275971, 12.9947548], [77.727624, 12.9948018], [77.727624, 12.9948855], [77.727624, 12.9949639], [77.7276079, 12.9950371], [77.7275826, 12.9951564], [77.7275703, 12.9952148]]]}}, {"type": "Feature", "properties": {"id": "way/579494263", "name": "RK Layout park", "kind": "park", "source": "OpenStreetMap"}, "geometry": {"type": "Polygon", "coordinates": [[[77.5569551, 12.9151803], [77.5568902, 12.9149304], [77.5568374, 12.9147274], [77.5571174, 12.9146904], [77.5571829, 12.9151627], [77.5569551, 12.9151803]]]}}, {"type": "Feature", "properties": {"id": "way/579495211", "name": "Carmel School", "kind": "park", "source": "OpenStreetMap"}, "geometry": {"type": "Polygon", "coordinates": [[[77.5587872, 12.9190232], [77.5597171, 12.9189107], [77.5596499, 12.9183512], [77.5587235, 12.9185498], [77.5587458, 12.9187251], [77.5587872, 12.9190232]]]}}, {"type": "Feature", "properties": {"id": "way/582562270", "name": "Chinnapanahalli Lake Park", "kind": "park", "source": "OpenStreetMap"}, "geometry": {"type": "Polygon", "coordinates": [[[77.7075467, 12.9672628], [77.7077127, 12.9672663], [77.707931, 12.9669446], [77.7080129, 12.9665671], [77.7079256, 12.9665466], [77.7077666, 12.966511], [77.707825, 12.966233], [77.7080966, 12.9657265], [77.7082146, 12.9654868], [77.7085069, 12.9653613], [77.7085981, 12.9650333], [77.708291, 12.9650218], [77.7076372, 12.9651247], [77.7072443, 12.9651835], [77.7070928, 12.965177], [77.7066247, 12.9650986], [77.7061124, 12.9650659], [77.7060306, 12.9650633], [77.7062291, 12.9655285], [77.7063337, 12.9660108], [77.7064262, 12.9668106], [77.7070324, 12.966629], [77.7072658, 12.9673843], [77.7074053, 12.9674118], [77.7075467, 12.9672628]]]}}, {"type": "Feature", "properties": {"id": "way/583237239", "name": "Ganesha Grounds", "kind": "park", "source": "OpenStreetMap"}, "geometry": {"type": "Polygon", "coordinates": [[[77.5585075, 13.0296247], [77.5586362, 13.0300403], [77.5588857, 13.0299547], [77.558724, 13.0295569], [77.5585075, 13.0296247]]]}}, {"type": "Feature", "properties": {"id": "way/583239937", "name": "Atal Bihari Vajpayee Park", "kind": "park", "source": "OpenStreetMap"}, "geometry": {"type": "Polygon", "coordinates": [[[77.5695446, 13.0342704], [77.5695285, 13.0347795], [77.5698227, 13.0347997], [77.5700758, 13.0344813], [77.5700532, 13.0343558], [77.5695446, 13.0342704]]]}}, {"type": "Feature", "properties": {"id": "way/585450310", "name": "BHCS Park", "kind": "park", "source": "OpenStreetMap"}, "geometry": {"type": "Polygon", "coordinates": [[[77.5502934, 12.9071747], [77.5507857, 12.9070008], [77.5503024, 12.906468], [77.5500336, 12.9065407], [77.5502934, 12.9071747]]]}}, {"type": "Feature", "properties": {"id": "way/585820761", "name": "IBC Evacuation area park", "kind": "park", "source": "OpenStreetMap"}, "geometry": {"type": "Polygon", "coordinates": [[[77.601134, 12.9328039], [77.6010965, 12.9325948], [77.6025234, 12.9323543], [77.6025502, 12.932553], [77.601134, 12.9328039]]]}}, {"type": "Feature", "properties": {"id": "way/594563628", "name": "Ananda Shetty Park", "kind": "park", "source": "OpenStreetMap"}, "geometry": {"type": "Polygon", "coordinates": [[[77.5619961, 13.0827946], [77.5622226, 13.0824336], [77.5625169, 13.0827271], [77.5621389, 13.0829872], [77.5619961, 13.0827946]]]}}, {"type": "Feature", "properties": {"id": "way/594563629", "name": "NTI Park", "kind": "park", "source": "OpenStreetMap"}, "geometry": {"type": "Polygon", "coordinates": [[[77.5551679, 13.0781437], [77.5555266, 13.0780176], [77.5558434, 13.0789917], [77.5556832, 13.0790443], [77.5551679, 13.0781437]]]}}, {"type": "Feature", "properties": {"id": "way/594572531", "name": "Temple park", "kind": "park", "source": "OpenStreetMap"}, "geometry": {"type": "Polygon", "coordinates": [[[77.5913811, 13.0577618], [77.5908866, 13.0578749], [77.590916, 13.0579966], [77.590965, 13.0582079], [77.5910399, 13.0581947], [77.5910758, 13.0581883], [77.591166, 13.0586176], [77.5914852, 13.0583625], [77.5915284, 13.0582851], [77.5913811, 13.0577618]]]}}, {"type": "Feature", "properties": {"id": "way/610094122", "name": "Kaikondrahalli Lake Park", "kind": "park", "source": "OpenStreetMap"}, "geometry": {"type": "Polygon", "coordinates": [[[77.6734124, 12.9158843], [77.6732247, 12.9160595], [77.6732892, 12.9161755], [77.6734688, 12.9164987], [77.6735251, 12.9163379], [77.67356, 12.9162412], [77.6736257, 12.9161065], [77.6736847, 12.9160229], [77.6737249, 12.9159667], [77.6737598, 12.9159131], [77.6738295, 12.9157876], [77.6738939, 12.9156908], [77.6739891, 12.9155889], [77.6740193, 12.915566], [77.6741212, 12.9154863], [77.6742151, 12.9154196], [77.6742674, 12.9153752], [77.6743666, 12.9153059], [77.6744672, 12.9152497], [77.6745819, 12.9151686], [77.6747549, 12.9150641], [77.674942, 12.9149634], [77.675168, 12.9148169], [77.6754825, 12.9146039], [77.6756065, 12.9145236], [77.6757982, 12.914432], [77.6759899, 12.9143602], [77.6761946, 12.914281], [77.6762496, 12.9142588], [77.6762123, 12.9141329], [77.6761597, 12.9139556], [77.6758383, 12.9139739], [77.6755232, 12.9136426], [77.6754945, 12.9135987], [77.6754489, 12.913549], [77.6753859, 12.9134824], [77.6752679, 12.9133987], [77.67506, 12.913285], [77.6747341, 12.9131078], [77.6745517, 12.9129941], [77.6744444, 12.9129013], [77.6742768, 12.9126255], [77.6741105, 12.912398], [77.6739241, 12.9121667], [77.6736666, 12.9118778], [77.673456, 12.9117431], [77.6732777, 12.9115614], [77.6730524, 12.911317], [77.6730101, 12.9112863], [77.6728839, 12.911255], [77.6727095, 12.9110851], [77.6723409, 12.9107699], [77.6720029, 12.910464], [77.6717978, 12.9103189], [77.6716811, 12.910315], [77.6715483, 12.9103843], [77.6713639, 12.9104386], [77.6711252, 12.9104477], [77.6710125, 12.9104268], [77.6707939, 12.9104333], [77.670633, 12.9104176], [77.6704927, 12.9102929], [77.6695512, 12.9112367], [77.6693045, 12.9116288], [77.6702886, 12.9123001], [77.6715481, 12.913606], [77.6717341, 12.9137366], [77.6722933, 12.9140386], [77.6729907, 12.9146438], [77.6730006, 12.9147138], [77.6730546, 12.9148473], [77.6732359, 12.9152952], [77.6732506, 12.9153351], [77.6733602, 12.9156327], [77.6734378, 12.9158432], [77.6734124, 12.9158843]]]}}, {"type": "Feature", "properties": {"id": "way/610111576", "name": "Agara Lake Park", "kind": "park", "source": "OpenStreetMap"}, "geometry": {"type": "Polygon", "coordinates": [[[77.6453476, 12.9226735], [77.6460292, 12.9233043], [77.6462964, 12.9235428], [77.6464204, 12.9236512], [77.6465519, 12.9237428], [77.6469294, 12.9239898], [77.647101, 12.9240904], [77.6472627, 12.9241897], [77.6474397, 12.9242858], [77.647773, 12.9244296], [77.6478628, 12.9244532], [77.6479305, 12.9244773], [77.6479369, 12.9244967], [77.6479118, 12.9245153], [77.6475859, 12.9245139], [77.6474504, 12.9245166], [77.6471487, 12.9244904], [77.6467638, 12.9244264], [77.6462099, 12.9243976], [77.6455877, 12.924416], [77.6451692, 12.9243858], [77.6447762, 12.9242577], [77.6445436, 12.9241643], [77.6443236, 12.9240911], [77.6435753, 12.9238924], [77.6429678, 12.9237068], [77.6414402, 12.9233133], [77.6413853, 12.9233107], [77.6413276, 12.923299], [77.6412619, 12.9233094], [77.6409843, 12.9233604], [77.6403133, 12.9236239], [77.6401142, 12.9237021], [77.6400619, 12.9236864], [77.6400244, 12.9236668], [77.6400123, 12.9236524], [77.6399815, 12.9235923], [77.6399491, 12.9235152], [77.6398364, 12.9232784], [77.6397213, 12.923042], [77.6395215, 12.9226094], [77.6393941, 12.9223545], [77.6392318, 12.9220329], [77.6391138, 12.9218015], [77.6389535, 12.9215022], [77.6389066, 12.9213597], [77.6388569, 12.9211976], [77.6387309, 12.920795], [77.6386518, 12.9205088], [77.6386155, 12.9203676], [77.6385592, 12.9201702], [77.6385069, 12.9198206], [77.6384761, 12.9193787], [77.638464, 12.9191356], [77.6383748, 12.916188], [77.6384311, 12.9161853], [77.6385559, 12.9162036], [77.6385894, 12.9162128], [77.6387886, 12.9162795], [77.6388113, 12.916286], [77.6389407, 12.9163411], [77.6389882, 12.9163599], [77.6390863, 12.9163906], [77.6397008, 12.9166438], [77.6399432, 12.9167762], [77.6401162, 12.9169174], [77.6403326, 12.9171076], [77.6405283, 12.9172659], [77.6409623, 12.9176766], [77.6411543, 12.917835], [77.6413447, 12.9180481], [77.6418446, 12.9185906], [77.6422282, 12.91909], [77.6426385, 12.9196207], [77.6428102, 12.9198625], [77.6429822, 12.9200909], [77.6430456, 12.9201749], [77.643356, 12.9205272], [77.6436779, 12.9209049], [77.6436161, 12.9209407], [77.6438511, 12.9212221], [77.6439217, 12.9211878], [77.6440516, 12.921336], [77.6441392, 12.9214369], [77.6445241, 12.9218853], [77.644681, 12.9220801], [77.6446877, 12.9221428], [77.6447065, 12.9221938], [77.6447642, 12.9222552], [77.6448379, 12.9222957], [77.6449131, 12.9222918], [77.6453476, 12.9226735]]]}}, {"type": "Feature", "properties": {"id": "way/625747310", "name": "Bhuvaneshwari Park", "kind": "park", "source": "OpenStreetMap"}, "geometry": {"type": "Polygon", "coordinates": [[[77.5949143, 12.9474363], [77.5954059, 12.9477057], [77.595601, 12.9475069], [77.5951591, 12.9471495], [77.5949143, 12.9474363]]]}}, {"type": "Feature", "properties": {"id": "way/627710064", "name": "Brigade Metropolis Cricket Ground", "kind": "park", "source": "OpenStreetMap"}, "geometry": {"type": "Polygon", "coordinates": [[[77.702631, 12.9893354], [77.7025201, 12.988801], [77.703389, 12.9886509], [77.7034383, 12.9889091], [77.7033027, 12.9889602], [77.703124, 12.9892574], [77.702631, 12.9893354]]]}}, {"type": "Feature", "properties": {"id": "way/627811590", "name": "Hipower hangout", "kind": "park", "source": "OpenStreetMap"}, "geometry": {"type": "Polygon", "coordinates": [[[77.6617869, 12.8540685], [77.6618058, 12.8535401], [77.6627984, 12.8534741], [77.6628249, 12.854357], [77.6617869, 12.8540685]]]}}, {"type": "Feature", "properties": {"id": "way/632313640", "name": "Skanda Nirvana Children's Park", "kind": "park", "source": "OpenStreetMap"}, "geometry": {"type": "Polygon", "coordinates": [[[77.7058171, 12.9334127], [77.7059404, 12.9334057], [77.7059447, 12.9329056], [77.7058773, 12.9328917], [77.70583, 12.9329014], [77.7058171, 12.9334127]]]}}, {"type": "Feature", "properties": {"id": "way/636489351", "name": "77 Place common park", "kind": "park", "source": "OpenStreetMap"}, "geometry": {"type": "Polygon", "coordinates": [[[77.6933535, 12.9489894], [77.69335, 12.9488773], [77.6934172, 12.9488704], [77.6933984, 12.9484425], [77.6933942, 12.9483461], [77.6937817, 12.9483737], [77.6937994, 12.9490136], [77.6933535, 12.9489894]]]}}, {"type": "Feature", "properties": {"id": "way/641761936", "name": "Sheelavanthana Kere Park", "kind": "park", "source": "OpenStreetMap"}, "geometry": {"type": "Polygon", "coordinates": [[[77.7423133, 12.9655496], [77.7422747, 12.9655313], [77.7422218, 12.9654722], [77.7421694, 12.9653331], [77.7420911, 12.9651113], [77.7420401, 12.9650275], [77.742016, 12.9649911], [77.7419381, 12.9648731], [77.7418565, 12.9647247], [77.7418184, 12.9645207], [77.7418158, 12.9643946], [77.7418078, 12.9642475], [77.7417606, 12.9641224], [77.74168, 12.9640072], [77.7416492, 12.9639143], [77.7416629, 12.9638099], [77.7416763, 12.9636979], [77.741687, 12.9635388], [77.7416923, 12.963372], [77.7416902, 12.9632593], [77.7417177, 12.9631606], [77.7417618, 12.9631152], [77.7418553, 12.9630796], [77.7419899, 12.9631077], [77.7421044, 12.9631651], [77.7422056, 12.9632206], [77.7424502, 12.9633909], [77.742666, 12.9634818], [77.7428903, 12.9635647], [77.7430723, 12.9636365], [77.7432181, 12.9637365], [77.7435019, 12.9640102], [77.7436502, 12.9641946], [77.7437015, 12.9643462], [77.7437179, 12.9644235], [77.7437233, 12.9645511], [77.7437444, 12.9646259], [77.7437804, 12.9646586], [77.7438376, 12.964678], [77.7445082, 12.9646467], [77.7448026, 12.9646133], [77.7449209, 12.9646017], [77.7456164, 12.9645602], [77.7457334, 12.9645426], [77.7457823, 12.9645946], [77.7457778, 12.9646643], [77.7457484, 12.9647272], [77.7456933, 12.9648282], [77.745499, 12.9651842], [77.7454499, 12.9652534], [77.7453921, 12.9652876], [77.7452966, 12.9652922], [77.744943, 12.9652893], [77.7449131, 12.9652877], [77.7447001, 12.9652762], [77.7443569, 12.9652787], [77.7433299, 12.9652813], [77.7432141, 12.9652887], [77.7431571, 12.9653468], [77.7431179, 12.9654361], [77.7430059, 12.9657447], [77.7429446, 12.9657597], [77.7428378, 12.9657296], [77.7426705, 12.9656563], [77.7424536, 12.9655963], [77.7423133, 12.9655496]]]}}, {"type": "Feature", "properties": {"id": "way/662278780", "name": "Post Office Grounds", "kind": "park", "source": "OpenStreetMap"}, "geometry": {"type": "Polygon", "coordinates": [[[77.6278652, 12.9272501], [77.6279259, 12.9276588], [77.6279414, 12.927763], [77.6268262, 12.9280626], [77.6267262, 12.9277909], [77.6266356, 12.9275449], [77.6266185, 12.9274953], [77.6269008, 12.9273965], [77.6267436, 12.9269695], [77.6271921, 12.9267916], [77.6274754, 12.9274213], [77.6278652, 12.9272501]]]}}, {"type": "Feature", "properties": {"id": "way/662280188", "name": "Heble Park", "kind": "park", "source": "OpenStreetMap"}, "geometry": {"type": "Polygon", "coordinates": [[[77.6272849, 12.9284441], [77.6269589, 12.9284678], [77.6268913, 12.9282614], [77.6268262, 12.9280626], [77.6279414, 12.927763], [77.6279911, 12.928113], [77.6280396, 12.928455], [77.6272902, 12.9285223], [77.6272849, 12.9284441]]]}}], "source": "OpenStreetMap Overpass", "city": "Bengaluru", "theme": "parks"}